game,arm,rewardArm,expiryArm,turn,level,lives,gold,score,tier,adId,message,reward,expiresIn,success
0,NONE,NA,NA,0,0,3,0,0,"Piece of cake","06xTpbit","Help Auda Watkins to fix their chariot",4,7,true
0,NONE,NA,NA,1,0,3,4,4,"Piece of cake","EidSrb4E","Escort Adelaida Rodgers to plains in Darkham where they can meet with their long lost dog",86,6,true
0,NONE,NA,NA,2,0,3,90,90,"Piece of cake","TRd3QtBE","Help Anaxagoras Watkins to fix their beer mug",5,5,true
0,NONE,NA,NA,3,0,3,95,95,"Piece of cake","0ctWaZBW","Help Jozefina Porcher to clean their turnips",7,7,true
0,NONE,NA,NA,4,0,3,102,102,"Piece of cake","Zvp6aaVi","Help Ríona Botwright to clean their squirrel",2,3,true
0,NONE,NA,NA,5,0,3,104,104,"Walk in the park","OGmkAVXt","Help Adomas Hambleton to reach an agreement with Olena Jennings on the matters of disputed pot",12,7,true
0,NONE,NA,EXPIRING,6,0,3,116,116,"Walk in the park","W353SA3w","Help Hedwig Shackleford to transport a magic dog to savannah in Redheart",10,1,true
0,NONE,NA,EXPIRING,7,0,3,126,126,"Walk in the park","Xdhs0Ar5","Steal chariot delivery to Nenad Belcher and share some of the profits with the people.",50,1,true
0,NONE,NA,NA,8,0,3,176,176,"Piece of cake","eC8nlAQy","Create an advertisement campaign for Damocles Wyndham to promote their potatoes based business",33,6,true
0,NONE,NA,NA,9,0,3,209,209,"Piece of cake","jA8OpxFm","Help Hanako Witherspoon to reach an agreement with Dara Tennyson on the matters of disputed squirrel",10,5,true
0,NONE,NA,NA,10,0,3,219,219,"Piece of cake","tRDuwxJT","Help Prema Matthewson to sell an unordinary pot on the local market",19,5,true
0,NONE,NA,NA,11,0,3,238,238,"Piece of cake","BRzLxRjN","Escort Sawyl Jefferson to village in Razorchester where they can meet with their long lost clothes",71,7,true
0,NONE,NA,EXPIRING,12,0,3,309,309,"Walk in the park","xbEvPCCf","Create an advertisement campaign for Gitta Botterill to promote their dog based business",27,1,true
0,NONE,NA,FRESH,13,0,3,336,336,"Piece of cake","PYfdlYPD","Help Ilarion Tyrrell to sell an unordinary clothes on the local market",10,6,true
0,NONE,NA,NA,14,0,3,346,346,"Piece of cake","596kLPd0","Help Gera Ódinsson to sell an unordinary sheep on the local market",15,7,true
0,NONE,NA,FRESH,15,0,3,361,361,"Risky","OgDQjkms","Create an advertisement campaign for Benj Parsley to promote their wagon based business",33,5,true
0,NONE,NA,NA,16,0,3,394,394,"Piece of cake","GVXIGWzv","Steal beer mug delivery to Sarita Robinson and share some of the profits with the people.",59,5,true
0,NONE,NA,NA,17,0,3,453,453,"Piece of cake","YEtsvfAK","Help Yating Madison to sell an unordinary wagon on the local market",13,1,true
0,NONE,NA,FRESH,18,0,3,466,466,"Playing with fire","6i0FXdJ5","Help Kellie Woodward to write their biographical novel about their difficulties with a deranged sheep",38,7,true
0,NONE,NA,NA,19,0,3,504,504,"Hmmm....","bwALwCJD","Help Salvador Wembley to write their biographical novel about their difficulties with a deranged horse",46,2,false
0,NONE,NA,NA,20,0,2,504,504,"Piece of cake","ul0UUeXf","Escort Raginald Osbourne to savannah in Sharploft where they can meet with their long lost wagon",64,7,true
0,NONE,NA,FRESH,21,0,2,568,568,"Playing with fire","oKtMrJ1O","Investigate Buddy Ledford and find out their relation to the magic turnips.",148,3,false
0,NONE,NA,FRESH,23,0,2,518,568,"Gamble","iRQt4bZp","Help defending meadow in Orrinscale from the intruders",105,7,false
0,NONE,NA,EXPIRING,25,0,2,468,568,"Suicide mission","MqQpJ8ny","Infiltrate The Risen Demons and recover their secrets.",129,1,false
0,NONE,NA,EXPIRING,27,0,2,418,568,"Piece of cake","dOoPnGsn","Escort Priska Bannerman to savannah in Razormoore where they can meet with their long lost chicken",75,1,true
0,NONE,NA,NA,28,0,2,493,643,"Sure thing","l7Sajx0N","Help defending plains in Eastford from the intruders",97,5,true
0,NONE,NA,FRESH,29,0,2,590,740,"Rather detrimental","mZtVJgKF","Help defending plains in Newmountain from the intruders",71,7,true
0,NONE,NA,EXPIRING,30,0,2,661,811,"Quite likely","5757maht","Escort Vasilka Bartram to plains in Penpool where they can meet with their long lost house",67,1,true
0,NONE,NA,NA,31,0,2,728,878,"Piece of cake","STXH4xlO","Help defending savannah in Everbane from the intruders",112,7,true
0,NONE,NA,NA,32,0,2,840,990,"Piece of cake","UwXa38cW","Help defending grassland in Scaledrone from the intruders",85,7,true
0,NONE,NA,FRESH,33,0,2,925,1075,"Playing with fire","ze2tgro3","Help defending village in Bloodhill from the intruders",83,7,true
0,NONE,NA,NA,34,0,2,1008,1158,"Quite likely","GBSICfGJ","Help defending steppe in Fernseed from the intruders",95,3,true
0,NONE,NA,NA,35,0,2,1103,1253,"Piece of cake","6w1edZEk","Help defending grassland in Lightdale from the intruders",89,7,true
0,NONE,NA,EXPIRING,36,0,2,1192,1342,"Quite likely","NmjXLGxH","Help defending peninsula in Towerfirth from the intruders",100,1,false
0,NONE,NA,EXPIRING,38,0,2,1142,1342,"Quite likely","sRXIyeNk","Help defending pasture in Voidham from the intruders",91,1,false
0,NONE,NA,NA,40,0,2,1092,1342,"Piece of cake","1RCzuMkQ","Help defending village in Eastpeak from the intruders",89,4,true
0,NONE,NA,NA,41,0,2,1181,1431,"Piece of cake","uN2jXqXn","Help defending grassland in Penshore from the intruders",101,4,true
0,NONE,NA,FRESH,42,0,2,1282,1532,"Quite likely","uea57PHn","Help defending village in Fallshore from the intruders",72,6,true
0,NONE,NA,FRESH,43,0,2,1354,1604,"Gamble","qqWiOeqm","Help defending pasture in Redgannon from the intruders",99,4,false
0,NONE,NA,EXPIRING,45,0,2,1304,1604,"Playing with fire","ALNSNU7w","Help defending savannah in Whitehill from the intruders",78,1,true
0,NONE,NA,NA,46,0,2,1382,1682,"Piece of cake","TogrZXCK","Help defending village in Snowpool from the intruders",81,4,true
0,NONE,NA,NA,47,0,2,1463,1763,"Piece of cake","nnev9aG0","Help defending church in Northburg from the intruders",94,4,true
0,NONE,NA,EXPIRING,48,0,2,1557,1857,"Suicide mission","u0eyx28J","Help defending grassland in Snowcawl from the intruders",63,1,false
1,NONE,NA,NA,0,0,3,0,0,"Piece of cake","1WLv1aOn","Help Moran Carlyle to write their biographical novel about their difficulties with a deranged water",36,7,true
1,NONE,NA,NA,1,0,3,36,36,"Sure thing","VFI6nvcG","Escort Hyledd Suggitt to steppe in Bleakchester where they can meet with their long lost horse",65,7,true
1,NONE,NA,NA,2,0,3,101,101,"Piece of cake","4D8PvRlc","Help Tammie Horsfall to sell an unordinary potatoes on the local market",23,5,true
1,NONE,NA,NA,3,0,3,124,124,"Piece of cake","8ssyiwid","Steal horse delivery to Cullen Delaney and share some of the profits with the people.",47,4,true
1,NONE,NA,NA,4,0,3,171,171,"Piece of cake","DT6uQxPr","Help Hasan Gladwyn to write their biographical novel about their difficulties with a deranged water",35,7,true
1,NONE,NA,NA,5,0,3,206,206,"Piece of cake","HlYx9d74","Create an advertisement campaign for Maximiano Huldudóttir to promote their beer mug based business",23,2,true
1,NONE,NA,EXPIRING,6,0,3,229,229,"Walk in the park","Sq8Mkm9W","Help Mahdi Marshall to sell an unordinary bucket on the local market",23,1,true
1,NONE,NA,NA,7,0,3,252,252,"Sure thing","Z1S4SWBH","Help Nassim Davison to reach an agreement with Scarlett Donalds on the matters of disputed cat",10,7,true
1,NONE,NA,EXPIRING,8,0,3,262,262,"Quite likely","KyNSgntc","Help Désirée Bullard to write their biographical novel about their difficulties with a deranged beer mug",24,1,false
1,NONE,NA,EXPIRING,9,0,2,262,262,"Walk in the park","V6xriMoQ","Escort Veceslav Wild to field in Whitemoore where they can meet with their long lost pan",66,1,true
1,NONE,NA,NA,10,0,2,328,328,"Piece of cake","0kf3MOfX","Help Tamra Nathanson to sell an unordinary weed on the local market",25,4,true
1,NONE,NA,NA,11,0,2,353,353,"Sure thing","5IFAJG4p","Steal chicken delivery to Chryssa Bellamy and share some of the profits with the people.",65,7,true
1,NONE,NA,NA,12,0,2,418,418,"Sure thing","rLU7m6s1","Help Donovan English to sell an unordinary chicken on the local market",28,7,true
1,NONE,NA,EXPIRING,13,0,2,446,446,"Piece of cake","SZslqgHN","Help Randúlfr Nicolson to sell an unordinary cat on the local market",17,1,true
1,NONE,NA,NA,14,0,2,463,463,"Piece of cake","N9UFJbQq","Create an advertisement campaign for Nando Hudnall to promote their wagon based business",39,7,true
1,NONE,NA,FRESH,15,0,2,502,502,"Walk in the park","b0wXms6U","Create an advertisement campaign for Håvard Elliott to promote their potatoes based business",33,6,true
1,NONE,NA,FRESH,16,0,2,535,535,"Walk in the park","JB8ec5MK","Steal pot delivery to Zinaida Trueman and share some of the profits with the people.",47,3,true
1,NONE,NA,NA,17,0,2,582,582,"Sure thing","2qwOxhUu","Steal pot delivery to Hafza Mathewson and share some of the profits with the people.",41,5,true
1,NONE,NA,NA,18,0,2,623,623,"Piece of cake","VmC253eE","Steal house delivery to Prasad Stephenson and share some of the profits with the people.",64,3,true
1,NONE,NA,EXPIRING,19,0,2,687,687,"Rather detrimental","3ttboY1Z","Investigate Ella Sanford and find out their relation to the magic potatoes.",117,1,true
1,NONE,NA,FRESH,20,0,2,804,804,"Piece of cake","oOqjl668","Escort Bryanne Sniders to peninsula in Fangcrest where they can meet with their long lost pot",70,6,true
1,NONE,NA,FRESH,21,0,2,874,874,"Gamble","g5ORhESK","Escort Noelani Wallace to pasture in Lowecawl where they can meet with their long lost pot",69,6,true
1,NONE,NA,EXPIRING,22,0,2,943,943,"Suicide mission","k8nzE1bW","Investigate Huitzilopochtli Christinsen and find out their relation to the magic chariot.",133,1,false
1,NONE,NA,EXPIRING,24,0,2,893,943,"Piece of cake","dYoq0K84","Help Aarti Eymor to write their biographical novel about their difficulties with a deranged chariot",28,1,true
1,NONE,NA,EXPIRING,25,0,2,921,971,"Sure thing","hW1oQtYB","Steal super awesome diamond weed from Florus Stephens",172,1,false
1,NONE,NA,FRESH,27,0,2,871,971,"Piece of cake","BEON2Npj","Help defending plains in Masonpine from the intruders",116,5,true
1,NONE,NA,NA,28,0,2,987,1087,"Sure thing","fzi0whvK","Help defending savannah in Eastpine from the intruders",93,3,true
1,NONE,NA,NA,29,0,2,1080,1180,"Piece of cake","rtUbKud9","Help defending pasture in Newgill from the intruders",114,1,true
1,NONE,NA,FRESH,30,0,2,1194,1294,"Suicide mission","ZXhqCQyL","Investigate Konstanze Horsfall and find out their relation to the magic potatoes.",117,3,false
1,NONE,NA,NA,32,0,2,1144,1294,"Piece of cake","RjYZCRVC","Help defending steppe in Eastport from the intruders",116,6,true
1,NONE,NA,NA,33,0,2,1260,1410,"Walk in the park","VZECjT8T","Help defending plains in Blacksheen from the intruders",94,2,true
1,NONE,NA,NA,34,0,2,1354,1504,"Quite likely","0PXWuiVn","Help defending grassland in Blooddeen from the intruders",105,7,true
1,NONE,NA,FRESH,35,0,2,1459,1609,"Quite likely","iDRCCxrh","Help defending field in Whitewhyte from the intruders",100,4,false
1,NONE,NA,NA,37,0,2,1409,1609,"Piece of cake","0RhjAzoh","Help defending field in Fernfair from the intruders",89,5,true
1,NONE,NA,NA,38,0,2,1498,1698,"Piece of cake","NU6zSxhm","Help defending thrift shoppe in Ferngannon from the intruders",96,4,true
1,NONE,NA,NA,39,0,2,1594,1794,"Piece of cake","oFq8tjjT","Help defending village in Highbane from the intruders",88,4,true
1,NONE,NA,FRESH,40,0,2,1682,1882,"Playing with fire","cwSJHs5A","Help defending steppe in Westmire from the intruders",62,7,false
1,NONE,NA,EXPIRING,42,0,2,1632,1882,"Hmmm....","QsSSPbDq","Help defending steppe in Whitetown from the intruders",74,1,true
1,NONE,NA,NA,43,0,2,1706,1956,"Piece of cake","WtPYx8xN","Help defending field in Eastpool from the intruders",69,5,true
1,NONE,NA,NA,44,0,2,1775,2025,"Walk in the park","7nUYiNQv","Help defending steppe in Fernpine from the intruders",80,1,true
1,NONE,NA,FRESH,45,0,2,1855,2105,"Hmmm....","O0rPnZln","Help defending steppe in Oldkeep from the intruders",81,5,false
1,NONE,NA,FRESH,47,0,2,1805,2105,"Risky","UQWmBKTW","Help defending cave in Ridgemere from the intruders",68,5,true
1,NONE,NA,FRESH,48,0,2,1873,2173,"Rather detrimental","zrjRXYE1","Help defending thicket in Metalford from the intruders",96,7,false
2,NONE,NA,NA,0,0,3,0,0,"Piece of cake","Heg4lKfa","Help Amando Kjartansdóttir to sell an unordinary chicken on the local market",24,7,true
2,NONE,NA,NA,1,0,3,24,24,"Piece of cake","gtjjUXdq","Help Adolfito Hallman to sell an unordinary pan on the local market",23,6,true
2,NONE,NA,NA,2,0,3,47,47,"Piece of cake","j0ushWRa","Steal chicken delivery to Murtagh Breckenridge and share some of the profits with the people.",56,5,true
2,NONE,NA,NA,3,0,3,103,103,"Piece of cake","l35TVREU","Help Rei Newport to reach an agreement with Edelmiro Christison on the matters of disputed clothes",2,4,true
2,NONE,NA,NA,4,0,3,105,105,"Piece of cake","DQkfzrCv","Steal dog delivery to Klaudio Perkins and share some of the profits with the people.",59,7,true
2,NONE,NA,NA,5,0,3,164,164,"Piece of cake","miNLqpXk","Help Yorath Endicott to clean their potatoes",6,2,true
2,NONE,NA,FRESH,6,0,3,170,170,"Walk in the park","P8Z2pSHJ","Help Itamar Traylor to reach an agreement with Erland Sigurðdóttir on the matters of disputed bucket",15,7,true
2,NONE,NA,NA,7,0,3,185,185,"Piece of cake","Zb6jmPnD","Steal water delivery to Nicol Jeffries and share some of the profits with the people.",62,7,true
2,NONE,NA,FRESH,8,0,3,247,247,"Walk in the park","5CxiBEUe","Create an advertisement campaign for Gertie Winchester to promote their sheep based business",34,6,true
2,NONE,NA,EXPIRING,9,0,3,281,281,"Quite likely","neCKBMe2","Help Behnam Russell to fix their horse",3,1,true
2,NONE,NA,NA,10,0,3,284,284,"Sure thing","mX2A76qk","Help Cleophas Howland to reach an agreement with Mojisola Isaacson on the matters of disputed beer mug",10,6,true
2,NONE,NA,FRESH,11,0,3,294,294,"Quite likely","s9wjEWKi","Help Afanasiy Wardrobe to reach an agreement with Phinehas Gardiner on the matters of disputed clothes",10,4,false
2,NONE,NA,NA,12,0,2,294,294,"Piece of cake","12ovq5gK","Create an advertisement campaign for Ion Marlowe to promote their squirrel based business",20,6,true
2,NONE,NA,FRESH,13,0,2,314,314,"Piece of cake","cwZNB6ov","Steal squirrel delivery to Junia Collins and share some of the profits with the people.",52,7,true
2,NONE,NA,FRESH,14,0,2,366,366,"Piece of cake","MhFzU8Sp","Create an advertisement campaign for Basmath Albertson to promote their pan based business",30,5,true
2,NONE,NA,EXPIRING,15,0,2,396,396,"Piece of cake","6V9mJL2t","Steal sheep delivery to Amabel Attwater and share some of the profits with the people.",70,1,true
2,NONE,NA,NA,16,0,2,466,466,"Piece of cake","aS5l25BE","Escort Toril Ellsworth to meadow in Lightheart where they can meet with their long lost bucket",68,3,true
2,NONE,NA,NA,17,0,2,534,534,"Sure thing","EXiohBXG","Steal super awesome diamond bucket from Bennie Atterberry",163,7,false
2,NONE,NA,NA,19,0,2,484,534,"Piece of cake","kRAdoilz","Steal sheep delivery to Arto Ásmundsson and share some of the profits with the people.",63,3,true
2,NONE,NA,EXPIRING,20,0,2,547,597,"Risky","5imruspP","Help Siôr Leighton to write their biographical novel about their difficulties with a deranged potatoes",35,1,true
2,NONE,NA,FRESH,21,0,2,582,632,"Hmmm....","gWowVMxc","Escort Brennan Roberts to field in Redscale where they can meet with their long lost pan",47,3,true
2,NONE,NA,NA,22,0,2,629,679,"Sure thing","9TVGX0V7","Steal super awesome diamond house from Ermingard Marlowe",170,6,false
2,NONE,NA,NA,24,0,2,579,679,"Sure thing","JVCHmtG6","Steal super awesome diamond horse from Bertalan Paternoster",177,4,false
2,NONE,NA,NA,26,0,2,529,679,"Sure thing","GFgvXrbQ","Steal super awesome diamond squirrel from Sílvia Sanders",204,6,false
2,NONE,NA,NA,28,0,2,479,679,"Piece of cake","9djy6f9B","Steal super awesome diamond pan from Cortney Leighton",155,4,false
2,NONE,NA,EXPIRING,30,0,2,429,679,"Gamble","zSlRTWcL","Infiltrate The Azure Ghosts and recover their secrets.",117,1,true
2,NONE,NA,NA,31,0,2,546,796,"Piece of cake","OnOFOzAb","Steal super awesome diamond beer mug from Ermo Jónsson",164,7,false
2,NONE,NA,NA,33,0,2,496,796,"Piece of cake","bEgI2Yj3","Steal super awesome diamond beer mug from Gomer Gibbons",176,2,false
2,NONE,NA,FRESH,35,0,2,446,796,"Risky","lXbn9m27","Help defending peninsula in Burnsdale from the intruders",80,4,true
2,NONE,NA,FRESH,36,0,2,526,876,"Piece of cake","piE37hmb","Steal super awesome diamond weed from Chiyembekezo Chambers",147,7,false
2,NONE,NA,NA,38,0,2,476,876,"Piece of cake","q59Pjbbk","Help defending thrift shoppe in Sharpchester from the intruders",102,4,true
2,NONE,NA,FRESH,39,0,2,578,978,"Gamble","BH9C39eA","Help defending plains in Ravenchester from the intruders",84,4,false
2,NONE,NA,NA,41,0,2,528,978,"Piece of cake","9iQAGSkw","Steal super awesome diamond dog from Jung-hee Addison",177,6,false
2,NONE,NA,FRESH,43,0,2,478,978,"Walk in the park","SQbJ2GIr","Help defending grassland in Whitebury from the intruders",73,7,true
2,NONE,NA,NA,44,0,2,551,1051,"Sure thing","4SgY5jvI","Steal super awesome diamond water from Coy Hibbert",195,5,false
2,NONE,NA,EXPIRING,46,0,2,501,1051,"Rather detrimental","pMaLIwV6","Help defending grassland in Penport from the intruders",81,1,false
2,NONE,NA,FRESH,48,0,2,451,1051,"Sure thing","pAUsicHr","Steal super awesome diamond clothes from Viviette Simpson",146,6,false
3,NONE,NA,NA,0,0,3,0,0,"Sure thing","VjslvN67","Steal horse delivery to Agner Ecclestone and share some of the profits with the people.",58,7,true
3,NONE,NA,NA,1,0,3,58,58,"Piece of cake","rABhMEWy","Steal bucket delivery to Mansel Kitchens and share some of the profits with the people.",66,6,true
3,NONE,NA,NA,2,0,3,124,124,"Sure thing","y8UXwQ5L","Steal clothes delivery to Drousilla Merrill and share some of the profits with the people.",62,7,true
3,NONE,NA,NA,3,0,3,186,186,"Piece of cake","xYkW97Sq","Steal cat delivery to Cenk Martell and share some of the profits with the people.",72,4,true
3,NONE,NA,NA,4,0,3,258,258,"Walk in the park","JbveQFgz","Help Zerachiel Sigurðardóttir to transport a magic weed to pasture in Fallmountain",28,3,true
3,NONE,NA,NA,5,0,3,286,286,"Walk in the park","VZkKInjo","Escort Thoukydides Griffin to pasture in Voidwatch where they can meet with their long lost pan",53,2,true
3,NONE,NA,EXPIRING,6,0,3,339,339,"Quite likely","Cfsq8tIp","Create an advertisement campaign for Aindréas Ólafsson to promote their wagon based business",23,1,true
3,NONE,NA,FRESH,7,0,3,362,362,"Hmmm....","81OkX9zy","Help Fereydoun Blackbourne to write their biographical novel about their difficulties with a deranged sheep",33,7,true
3,NONE,NA,NA,8,0,3,395,395,"Sure thing","hJndujIs","Help Lir Breckenridge to sell an unordinary chicken on the local market",24,5,true
3,NONE,NA,NA,9,0,3,419,419,"Piece of cake","R9pS8CZi","Help Rasim Marchand to reach an agreement with Kenelm Wheelock on the matters of disputed sheep",7,6,true
3,NONE,NA,NA,10,0,3,426,426,"Piece of cake","2HvuA9be","Steal cat delivery to Tamir Studwick and share some of the profits with the people.",45,7,true
3,NONE,NA,NA,11,0,3,471,471,"Piece of cake","Sy5sID3f","Help Amarachi Fletcher to transport a magic beer mug to plains in Blackpool",14,5,true
3,NONE,NA,NA,12,0,3,485,485,"Piece of cake","TZJDBDQD","Steal turnips delivery to Rubena Chadwick and share some of the profits with the people.",65,6,true
3,NONE,NA,FRESH,13,0,3,550,550,"Walk in the park","Wcjy6uKw","Escort Lianne Sowards to peninsula in Masonfirth where they can meet with their long lost clothes",65,6,true
3,NONE,NA,EXPIRING,14,0,3,615,615,"Walk in the park","IMRi2N1U","Escort Tollak Dickinson to meadow in Easttown where they can meet with their long lost squirrel",68,1,true
3,NONE,NA,NA,15,0,3,683,683,"Sure thing","JjFzzLVd","Steal pot delivery to Eskarne Botwright and share some of the profits with the people.",62,6,true
3,NONE,NA,FRESH,16,0,3,745,745,"Walk in the park","bueqV4cH","Investigate Rozália Blakesley and find out their relation to the magic pan.",123,3,true
3,NONE,NA,NA,17,0,3,868,868,"Sure thing","iehy9aWy","Steal super awesome diamond horse from Báirbre Collingwood",165,4,false
3,NONE,NA,FRESH,18,0,2,868,868,"Quite likely","iIN7xK2C","Create an advertisement campaign for Petunia Haroldson to promote their sheep based business",28,6,true
3,NONE,NA,NA,19,0,2,896,896,"Sure thing","9RmaXRfb","Steal super awesome diamond clothes from Parker Huldudóttir",173,7,false
3,NONE,NA,NA,21,0,2,846,896,"Sure thing","9VoaIpiu","Steal super awesome diamond wagon from Jeunesse Thomson",146,7,false
3,NONE,NA,FRESH,23,0,2,796,896,"Quite likely","3pQXeZK5","Escort Seward Courtney to pasture in Millerwell where they can meet with their long lost horse",65,4,true
3,NONE,NA,EXPIRING,24,0,2,861,961,"Hmmm....","X8u52ztN","Escort Johanneke Allaire to savannah in Ridgebane where they can meet with their long lost pan",49,1,false
3,NONE,NA,EXPIRING,26,0,2,811,961,"Suicide mission","Sqo4equY","Investigate Evžen Daubney and find out their relation to the magic turnips.",118,1,false
3,NONE,NA,FRESH,28,0,2,761,961,"Sure thing","G5UW9Wb6","Steal super awesome diamond turnips from Osanne Summerfield",152,7,false
3,NONE,NA,FRESH,30,0,2,711,961,"Suicide mission","X4uqifcg","Help defending plains in Oldwhyte from the intruders",101,4,false
3,NONE,NA,EXPIRING,32,0,2,661,961,"Piece of cake","3ESNznUA","Help defending plains in Penpine from the intruders",128,1,true
3,NONE,NA,NA,33,0,2,789,1089,"Piece of cake","0AV1lXOZ","Help defending savannah in Orrinmere from the intruders",106,3,true
3,NONE,NA,NA,34,0,2,895,1195,"Walk in the park","f5QW6DmQ","Help defending plains in Everwater from the intruders",102,3,true
3,NONE,NA,EXPIRING,35,0,2,997,1297,"Hmmm....","xhzjqYXg","Help defending steppe in Newspring from the intruders",80,1,false
3,NONE,NA,NA,37,0,2,947,1297,"Sure thing","h702WwlH","Steal super awesome diamond cat from Anisha Thwaite",162,6,false
3,NONE,NA,NA,39,0,2,897,1297,"Sure thing","nwB9v75Y","Steal super awesome diamond sheep from Borys Braddock",143,4,false
3,NONE,NA,FRESH,41,0,2,847,1297,"Rather detrimental","7TEAyXXR","Help defending field in Towerpool from the intruders",64,4,true
3,NONE,NA,EXPIRING,42,0,2,911,1361,"Sure thing","uokJlb8S","Steal super awesome diamond chariot from Freda Davison",168,1,false
3,NONE,NA,NA,44,0,2,861,1361,"Sure thing","7slxpqUp","Steal super awesome diamond turnips from Morpheus Roberts",181,6,false
3,NONE,NA,FRESH,46,0,2,811,1361,"Suicide mission","C4LDsSkS","Help defending peninsula in Newhill from the intruders",59,3,false
3,NONE,NA,NA,48,0,2,761,1361,"Sure thing","pnX41FVw","Steal super awesome diamond dog from Noela Snelling",184,6,false
4,NONE,NA,NA,0,0,3,0,0,"Sure thing","4lyFxGJi","Help Wawrzyniec Hepburn to clean their cat",4,7,true
4,NONE,NA,NA,1,0,3,4,4,"Sure thing","kBaYpGN6","Help Harding Nicholson to transport a magic cat to savannah in Fallfirth",6,6,true
4,NONE,NA,NA,2,0,3,10,10,"Piece of cake","9GmZoSTZ","Steal dog delivery to Athene Elliott and share some of the profits with the people.",39,5,true
4,NONE,NA,NA,3,0,3,49,49,"Piece of cake","DtUlsMBw","Help Shalev Barrett to sell an unordinary turnips on the local market",32,5,true
4,NONE,NA,NA,4,0,3,81,81,"Piece of cake","KJgxbRSl","Help Nabu Wilkerson to sell an unordinary squirrel on the local market",28,3,true
4,NONE,NA,NA,5,0,3,109,109,"Piece of cake","fnoRNDW0","Help Patrizio Sinclair to reach an agreement with Zlata Butcher on the matters of disputed potatoes",12,2,true
4,NONE,NA,NA,6,0,3,121,121,"Quite likely","U7I2vrCa","Help Mckenna Ódinsson to write their biographical novel about their difficulties with a deranged squirrel",41,6,true
4,NONE,NA,NA,7,0,3,162,162,"Piece of cake","4vAuUHq8","Help Abiram Wilkins to transport a magic chariot to steppe in Eastbane",13,7,true
4,NONE,NA,FRESH,8,0,3,175,175,"Quite likely","ZEutgojK","Help Tyler Carpenter to transport a magic pot to savannah in Westshore",4,3,true
4,NONE,NA,NA,9,0,3,179,179,"Piece of cake","ZgA9JLZl","Help Ainslie Underwood to reach an agreement with Ernest Gabrielson on the matters of disputed squirrel",15,5,true
4,NONE,NA,NA,10,0,3,194,194,"Sure thing","o2IRocrF","Escort Hylda Giffard to field in Masonwatch where they can meet with their long lost bucket",55,7,true
4,NONE,NA,NA,11,0,3,249,249,"Piece of cake","WeJljQih","Steal cat delivery to Publius Honeycutt and share some of the profits with the people.",55,6,true
4,NONE,NA,NA,12,0,3,304,304,"Piece of cake","c3i8GhAE","Create an advertisement campaign for Oana Sampson to promote their beer mug based business",28,2,false
4,NONE,NA,FRESH,13,0,2,304,304,"Risky","wErB5nZi","Create an advertisement campaign for Stefánia Morison to promote their sheep based business",32,7,false
4,NONE,NA,EXPIRING,15,0,2,254,304,"Walk in the park","JKqP0UMI","Escort Kayin Erickson to savannah in Millerbury where they can meet with their long lost house",90,1,true
4,NONE,NA,NA,16,0,2,344,394,"Sure thing","J4B3YGan","Steal wagon delivery to Ransu Hlöðversdóttir and share some of the profits with the people.",58,5,true
4,NONE,NA,NA,17,0,2,402,452,"Piece of cake","1dv1Z5Cy","Escort Severi Courtier to savannah in Towerhill where they can meet with their long lost bucket",76,6,true
4,NONE,NA,EXPIRING,18,0,2,478,528,"Walk in the park","UQQq14Rq","Create an advertisement campaign for Golbahar Arterbury to promote their dog based business",36,1,true
4,NONE,NA,NA,19,0,2,514,564,"Piece of cake","62HyC5kb","Steal turnips delivery to Daley Readdie and share some of the profits with the people.",54,1,true
4,NONE,NA,EXPIRING,20,0,2,568,618,"Piece of cake","Yi0alyWJ","Create an advertisement campaign for Neemias Dingfelder to promote their turnips based business",28,1,true
4,NONE,NA,EXPIRING,21,0,2,596,646,"Risky","e1FPlN67","Escort Toria Wortham to savannah in Redfair where they can meet with their long lost weed",57,1,true
4,NONE,NA,NA,22,0,2,653,703,"Piece of cake","P2q4CBK8","Escort Min-jun Gladwin to thrift shoppe in Fangheart where they can meet with their long lost potatoes",59,5,true
4,NONE,NA,NA,23,0,2,712,762,"Piece of cake","Z6icy2dP","Escort Ignacy Caldwell to savannah in Razorgill where they can meet with their long lost pan",43,6,true
4,NONE,NA,EXPIRING,24,0,2,755,805,"Rather detrimental","ia82uUpg","Help Ananta Winterbottom to write their biographical novel about their difficulties with a deranged wagon",37,1,false
4,NONE,NA,EXPIRING,26,0,2,705,805,"Walk in the park","8KU8A0SX","Investigate Dina Woodcock and find out their relation to the magic weed.",142,1,true
4,NONE,NA,FRESH,27,0,2,847,947,"Walk in the park","D3oHfyDz","Escort Jasmijn Queshire to steppe in Fanghill where they can meet with their long lost chicken",72,4,true
4,NONE,NA,NA,28,0,2,919,1019,"Sure thing","UgCSaKYI","Help defending grassland in Strongfirth from the intruders",103,7,true
4,NONE,NA,NA,29,0,2,1022,1122,"Quite likely","MYqSJwxE","Escort Samuli Benjaminson to meadow in Razorcaster where they can meet with their long lost pan",58,2,true
4,NONE,NA,EXPIRING,30,0,2,1080,1180,"Suicide mission","B5bnCYiy","Kill Friduric Gardner with house and make Lynne Winston from palace in Orrinfair to take the blame",116,1,false
4,NONE,NA,NA,32,0,2,1030,1180,"Piece of cake","AdE0jiHT","Help defending grassland in Westwatch from the intruders",95,5,true
4,NONE,NA,FRESH,33,0,2,1125,1275,"Suicide mission","78rO4w3W","Investigate Kulap Sigurðardóttir and find out their relation to the magic cat.",144,3,false
4,NONE,NA,NA,35,0,2,1075,1275,"Piece of cake","HMj9ex9k","Help defending plains in Darkfirth from the intruders",51,4,true
4,NONE,NA,FRESH,36,0,2,1126,1326,"Risky","24H8ZtWo","Help defending savannah in Dornspring from the intruders",89,5,false
4,NONE,NA,NA,38,0,2,1076,1326,"Piece of cake","e0Qkhh7J","Help defending peninsula in Evergill from the intruders",81,2,true
4,NONE,NA,EXPIRING,39,0,2,1157,1407,"Rather detrimental","BbHeAwTT","Help defending meadow in Voidwater from the intruders",100,1,false
4,NONE,NA,NA,41,0,2,1107,1407,"Quite likely","8ifhiitN","Help defending peninsula in Fernbury from the intruders",88,2,false
4,NONE,NA,EXPIRING,43,0,2,1057,1407,"Hmmm....","i1Lasswc","Help defending grassland in Greyham from the intruders",104,1,true
4,NONE,NA,EXPIRING,44,0,2,1161,1511,"Rather detrimental","erijv442","Help defending grassland in Greywell from the intruders",94,1,false
4,NONE,NA,FRESH,46,0,2,1111,1511,"Hmmm....","eDaLrRwU","Help defending forest in Millerford from the intruders",83,5,true
4,NONE,NA,NA,47,0,2,1194,1594,"Walk in the park","lnE7h1XN","Help defending manor in Snowburg from the intruders",78,4,true
4,NONE,NA,NA,48,0,2,1272,1672,"Quite likely","tW6gBoLi","Help defending well in Razorsheen from the intruders",81,5,true
4,NONE,NA,NA,49,0,2,1353,1753,"Hmmm....","fiMtU8dq","Help defending woodland in Razorbury from the intruders",78,2,false
5,NONE,NA,NA,0,0,3,0,0,"Piece of cake","1NjWe5oY","Help Ki̇raz Stoddard to sell an unordinary clothes on the local market",17,7,true
5,NONE,NA,NA,1,0,3,17,17,"Piece of cake","IOz9pw9u","Help Tiara Romilly to clean their sheep",3,6,true
5,NONE,NA,NA,2,0,3,20,20,"Piece of cake","vvWfvmiT","Steal clothes delivery to Odalis Kevinson and share some of the profits with the people.",54,6,true
5,NONE,NA,NA,3,0,3,74,74,"Piece of cake","8Z7gA8wx","Help Kiran Beringer to sell an unordinary pot on the local market",16,7,true
5,NONE,NA,NA,4,0,3,90,90,"Walk in the park","QyxmP4hW","Help Ander Stainthorpe to sell an unordinary cat on the local market",16,5,true
5,NONE,NA,NA,5,0,3,106,106,"Piece of cake","f2XQTtzn","Help Nefertari Leighton to transport a magic chicken to grassland in Lightbury",17,7,true
5,NONE,NA,FRESH,6,0,3,123,123,"Risky","lW1qCOJl","Create an advertisement campaign for Patsy Brynjólfsson to promote their chicken based business",32,5,true
5,NONE,NA,NA,7,0,3,155,155,"Sure thing","2MoRGfSQ","Steal horse delivery to Dearbháil Thacker and share some of the profits with the people.",58,6,true
5,NONE,NA,NA,8,0,3,213,213,"Piece of cake","Lq0n6FIL","Help Serghei Treloar to reach an agreement with Galen Honeysett on the matters of disputed beer mug",5,6,false
5,NONE,NA,NA,9,0,2,213,213,"Piece of cake","2TBxB3Tq","Create an advertisement campaign for Badr Headley to promote their wagon based business",27,7,true
5,NONE,NA,NA,10,0,2,240,240,"Piece of cake","NuS5FwAw","Steal chicken delivery to Louisa Siddall and share some of the profits with the people.",49,4,true
5,NONE,NA,NA,11,0,2,289,289,"Piece of cake","YFH2FWs6","Help Maximiliano Allaire to reach an agreement with Ercanbald Samuels on the matters of disputed cat",4,3,true
5,NONE,NA,NA,12,0,2,293,293,"Piece of cake","t77L5Hpr","Escort Moira Hulduson to plains in Oldspring where they can meet with their long lost chicken",66,7,true
5,NONE,NA,EXPIRING,13,0,2,359,359,"Hmmm....","h2pjmiuo","Create an advertisement campaign for Hekabe Paterson to promote their weed based business",38,1,false
5,NONE,NA,NA,15,0,2,309,359,"Piece of cake","EBRCusFy","Escort Yi Elliston to peninsula in Southmere where they can meet with their long lost house",51,6,true
5,NONE,NA,EXPIRING,16,0,2,360,410,"Hmmm....","3agXj4Xl","Help Valdimárr Midgley to write their biographical novel about their difficulties with a deranged wagon",37,1,true
5,NONE,NA,FRESH,17,0,2,397,447,"Risky","3BumgfGu","Escort Ianthe Brynjólfsson to thrift shoppe in Greygill where they can meet with their long lost weed",66,3,false
5,NONE,NA,NA,19,0,2,347,447,"Piece of cake","DHPUZseS","Escort Mattityahu Saunders to grassland in Dovepeak where they can meet with their long lost dog",74,4,true
5,NONE,NA,EXPIRING,20,0,2,421,521,"Quite likely","JUZGuPHy","Help Božena Millard to sell an unordinary horse on the local market",16,1,true
5,NONE,NA,FRESH,21,0,2,437,537,"Hmmm....","YmmHiVD8","Help defending pasture in Burnstown from the intruders",97,7,true
5,NONE,NA,EXPIRING,22,0,2,534,634,"Suicide mission","ATSX0f3Z","Infiltrate The Ice Wolverine Tribe and recover their secrets.",134,1,false
5,NONE,NA,FRESH,24,0,2,484,634,"Quite likely","S6aWCqvs","Help defending meadow in Fanghill from the intruders",114,6,true
5,NONE,NA,NA,25,0,2,598,748,"Piece of cake","PcxiXldo","Help defending village in Sharpcaster from the intruders",114,3,true
5,NONE,NA,NA,26,0,2,712,862,"Sure thing","MadmrWNS","Help defending plains in Masonseed from the intruders",118,7,true
5,NONE,NA,FRESH,27,0,2,830,980,"Suicide mission","greWRicu","Investigate Torcuil Oliverson and find out their relation to the magic pot.",116,3,false
5,NONE,NA,EXPIRING,29,0,2,780,980,"Playing with fire","X87BshMw","Infiltrate The Ivory Elephants and recover their secrets.",130,1,true
5,NONE,NA,EXPIRING,30,0,2,910,1110,"Suicide mission","BvCEu4EV","Infiltrate The Crystal Dragontooth Association and recover their secrets.",139,1,false
5,NONE,NA,FRESH,32,0,2,860,1110,"Hmmm....","UUO1qgB4","Help defending pasture in Westloft from the intruders",97,6,true
5,NONE,NA,NA,33,0,2,957,1207,"Sure thing","Y0HkfcuA","Help defending steppe in Redwhyte from the intruders",91,7,true
5,NONE,NA,NA,34,0,2,1048,1298,"Piece of cake","DeL6htX9","Help defending savannah in Redfair from the intruders",80,4,true
5,NONE,NA,EXPIRING,35,0,2,1128,1378,"Hmmm....","vvjApDUx","Investigate Manuel Kendall and find out their relation to the magic cat.",144,1,false
5,NONE,NA,NA,37,0,2,1078,1378,"Piece of cake","PiSH3WZC","Help defending pasture in Redwater from the intruders",103,5,true
5,NONE,NA,EXPIRING,38,0,2,1181,1481,"Walk in the park","dLVNtBJi","Help defending meadow in Fernpeak from the intruders",80,1,true
5,NONE,NA,NA,39,0,2,1261,1561,"Piece of cake","t3QLITnt","Help defending village in Northmountain from the intruders",82,6,true
5,NONE,NA,NA,40,0,2,1343,1643,"Walk in the park","B2g953Qh","Help defending plains in Dovefair from the intruders",102,3,true
5,NONE,NA,EXPIRING,41,0,2,1445,1745,"Risky","EVm2Y4wr","Help defending peninsula in Blackmire from the intruders",114,1,true
5,NONE,NA,FRESH,42,0,2,1559,1859,"Playing with fire","RnYoxd3h","Help defending village in Redshore from the intruders",88,7,true
5,NONE,NA,FRESH,43,0,2,1647,1947,"Quite likely","KUj7EM6F","Help defending meadow in Westville from the intruders",81,7,true
5,NONE,NA,NA,44,0,2,1728,2028,"Quite likely","2aa7woqc","Help defending peninsula in Dovekeep from the intruders",107,2,true
5,NONE,NA,EXPIRING,45,0,2,1835,2135,"Risky","4KEcTQii","Help defending savannah in Redshore from the intruders",98,1,false
5,NONE,NA,NA,47,0,2,1785,2135,"Quite likely","nIntd84N","Help defending woodland in Ravenpine from the intruders",53,7,true
5,NONE,NA,EXPIRING,48,0,2,1838,2188,"Risky","Ov94w92U","Help defending meadow in Bleakgarden from the intruders",77,1,true
5,NONE,NA,EXPIRING,49,0,2,1915,2265,"Rather detrimental","fbCgYo3o","Help defending steppe in Eastgarden from the intruders",74,1,false
6,NONE,NA,NA,0,0,3,0,0,"Piece of cake","taeoWrxA","Help Nikhil Pritchett to fix their horse",6,7,true
6,NONE,NA,NA,1,0,3,6,6,"Walk in the park","X1U1eDWd","Steal pot delivery to Hasib Callow and share some of the profits with the people.",56,6,false
6,NONE,NA,NA,2,0,2,6,6,"Walk in the park","y5rskfZu","Steal horse delivery to Naoum Woodward and share some of the profits with the people.",75,7,true
6,NONE,NA,NA,3,0,2,81,81,"Walk in the park","W7IdNtBH","Help Noortje Beckett to reach an agreement with Polyhymnia Hayward on the matters of disputed turnips",12,7,true
6,NONE,NA,NA,4,0,2,93,93,"Piece of cake","GCnPQlzG","Help Hefin Winfield to reach an agreement with Hanne Millhouse on the matters of disputed dog",10,7,true
6,NONE,NA,NA,5,0,2,103,103,"Quite likely","7DnZ3kRp","Create an advertisement campaign for Secundinus Botwright to promote their dog based business",27,2,true
6,NONE,NA,EXPIRING,6,0,2,130,130,"Quite likely","Jr7J6F54","Help Zorana Nicolson to sell an unordinary clothes on the local market",13,1,true
6,NONE,NA,FRESH,7,0,2,143,143,"Quite likely","kWxcCawN","Create an advertisement campaign for Shadiya Dickens to promote their potatoes based business",33,7,false
6,NONE,NA,NA,9,0,2,93,143,"Sure thing","U0xJLZtO","Help Bronagh Shackleford to sell an unordinary weed on the local market",27,5,true
6,NONE,NA,NA,10,0,2,120,170,"Piece of cake","Y8Fw3KyK","Help Viviane Belcher to reach an agreement with Cadeyrn Wescott on the matters of disputed house",9,4,true
6,NONE,NA,FRESH,11,0,2,129,179,"Quite likely","qa0mCSF1","Help Zaida Abramson to sell an unordinary horse on the local market",20,3,true
6,NONE,NA,FRESH,12,0,2,149,199,"Walk in the park","hWnqNtbl","Help Artemiy Garnett to sell an unordinary pan on the local market",23,3,true
6,NONE,NA,FRESH,13,0,2,172,222,"Piece of cake","KxhLsc7y","Steal bucket delivery to Dorota Bannerman and share some of the profits with the people.",42,5,true
6,NONE,NA,NA,14,0,2,214,264,"Piece of cake","R15I9lZ0","Create an advertisement campaign for Timeus Kellogg to promote their chicken based business",25,7,true
6,NONE,NA,NA,15,0,2,239,289,"Quite likely","0tjWYnx5","Create an advertisement campaign for Bud Delaney to promote their water based business",23,6,false
6,NONE,NA,NA,17,0,2,189,289,"Sure thing","MmUc4Pvi","Steal pan delivery to Titania Woodcock and share some of the profits with the people.",50,7,true
6,NONE,NA,NA,18,0,2,239,339,"Quite likely","nWlvBBCW","Create an advertisement campaign for Gyða Terrell to promote their sheep based business",30,1,true
6,NONE,NA,EXPIRING,19,0,2,269,369,"Hmmm....","iAISkHKU","Create an advertisement campaign for Ester Berryann to promote their squirrel based business",45,1,true
6,NONE,NA,EXPIRING,20,0,2,314,414,"Playing with fire","cf4GWuLa","Escort Sevi̇nç Blackwood to steppe in Greycawl where they can meet with their long lost chicken",59,1,false
6,NONE,NA,NA,22,0,2,264,414,"Walk in the park","T5bRqne1","Escort İhsan Russell to plains in Sharpchester where they can meet with their long lost horse",59,6,true
6,NONE,NA,NA,23,0,2,323,473,"Sure thing","OXegyQHX","Help defending pasture in Redcaster from the intruders",102,7,true
6,NONE,NA,NA,24,0,2,425,575,"Sure thing","PUjXGovS","Escort Vitaly Jameson to village in Strongville where they can meet with their long lost water",51,7,true
6,NONE,NA,NA,25,0,2,476,626,"Piece of cake","6gkL93Sm","Help defending thrift shoppe in Bloodpeak from the intruders",101,5,true
6,NONE,NA,EXPIRING,26,0,2,577,727,"Suicide mission","agcdQa0r","Investigate Alphege Courtier and find out their relation to the magic water.",134,1,true
6,NONE,NA,NA,27,0,2,711,861,"Piece of cake","BSaBpBh7","Help defending peninsula in Metalkeep from the intruders",119,3,true
6,NONE,NA,FRESH,28,0,2,830,980,"Quite likely","IyRkfDd0","Help defending steppe in Burnsgarden from the intruders",89,5,false
6,NONE,NA,NA,30,0,2,780,980,"Piece of cake","M0YNrzKr","Help defending grassland in Fernfire from the intruders",106,7,true
6,NONE,NA,FRESH,31,0,2,886,1086,"Playing with fire","S80C0VmY","Investigate Nadab Garland and find out their relation to the magic chariot.",146,3,false
6,NONE,NA,EXPIRING,33,0,2,836,1086,"Walk in the park","YOngfeol","Help defending field in Dovemire from the intruders",108,1,true
6,NONE,NA,NA,34,0,2,944,1194,"Piece of cake","WSUUyJoy","Help defending field in Highcrest from the intruders",84,6,true
6,NONE,NA,EXPIRING,35,0,2,1028,1278,"Piece of cake","oYdZugBb","Help defending thrift shoppe in Redwhyte from the intruders",95,1,true
6,NONE,NA,NA,36,0,2,1123,1373,"Sure thing","A5ybAI7D","Help defending thrift shoppe in Darkville from the intruders",108,6,true
6,NONE,NA,FRESH,37,0,2,1231,1481,"Hmmm....","QHpZnNP0","Help defending peninsula in Burnsford from the intruders",98,6,true
6,NONE,NA,NA,38,0,2,1329,1579,"Piece of cake","abVow2so","Help defending meadow in Sharpdinny from the intruders",87,1,true
6,NONE,NA,NA,39,0,2,1416,1666,"Quite likely","1RWyWsoh","Help defending plains in Westfair from the intruders",97,4,false
6,NONE,NA,NA,41,0,2,1366,1666,"Walk in the park","ejW6bwTa","Help defending plains in Darkford from the intruders",86,6,true
6,NONE,NA,EXPIRING,42,0,2,1452,1752,"Suicide mission","WTkUw7hS","Help defending field in Fangville from the intruders",80,1,false
6,NONE,NA,FRESH,44,0,2,1402,1752,"Risky","61AGkKBd","Help defending savannah in Darkkeep from the intruders",93,5,false
6,NONE,NA,NA,46,0,2,1352,1752,"Walk in the park","ILuTrvqG","Help defending cave in Westscale from the intruders",94,6,true
6,NONE,NA,EXPIRING,47,0,2,1446,1846,"Risky","dIRUzuxC","Help defending field in Blackwater from the intruders",72,1,false
6,NONE,NA,EXPIRING,49,0,2,1396,1846,"Gamble","05msQbrw","Help defending thrift shoppe in Redhole from the intruders",91,1,true
7,NONE,NA,NA,0,0,3,0,0,"Piece of cake","KGncmkeC","Help Jarka Simpkin to clean their pan",9,7,true
7,NONE,NA,NA,1,0,3,9,9,"Piece of cake","Pj499y2E","Help Jehonathan Lynwood to reach an agreement with Bethari Preston on the matters of disputed potatoes",8,6,true
7,NONE,NA,NA,2,0,3,17,17,"Piece of cake","YPAVRGY3","Create an advertisement campaign for Giraldo Goody to promote their sheep based business",26,6,true
7,NONE,NA,NA,3,0,3,43,43,"Piece of cake","GCPzuarM","Help Eleuterio Bardsley to clean their beer mug",7,7,true
7,NONE,NA,NA,4,0,3,50,50,"Piece of cake","mkLkYsCy","Create an advertisement campaign for Stošija Arrington to promote their chariot based business",36,3,true
7,NONE,NA,NA,5,0,3,86,86,"Piece of cake","yAA3TJT4","Steal squirrel delivery to Aloísio Lavely and share some of the profits with the people.",69,7,true
7,NONE,NA,FRESH,6,0,3,155,155,"Quite likely","KKCYhzcG","Help Euthymius Dennell to transport a magic pan to meadow in Scalewatch",21,5,false
7,NONE,NA,NA,7,0,2,155,155,"Piece of cake","1ezmEwNG","Escort Cloé Martell to steppe in Sharpspring where they can meet with their long lost chicken",60,7,true
7,NONE,NA,EXPIRING,8,0,2,215,215,"Walk in the park","BWcq1V2t","Create an advertisement campaign for Kettil Pressley to promote their cat based business",34,1,true
7,NONE,NA,NA,9,0,2,249,249,"Sure thing","OIWMPWoH","Steal sheep delivery to Ealasaid Queshire and share some of the profits with the people.",57,7,true
7,NONE,NA,NA,10,0,2,306,306,"Piece of cake","6o52A6Hl","Create an advertisement campaign for Bronte Threston to promote their sheep based business",30,4,true
7,NONE,NA,NA,11,0,2,336,336,"Piece of cake","4r6TLIAc","Steal sheep delivery to Tamiko Sniders and share some of the profits with the people.",44,7,true
7,NONE,NA,NA,12,0,2,380,380,"Piece of cake","nz0mlmlM","Help Ramona Olhouser to sell an unordinary horse on the local market",32,7,true
7,NONE,NA,FRESH,13,0,2,412,412,"Risky","i2HOTMUX","Create an advertisement campaign for Di̇lşad Edwards to promote their horse based business",42,4,true
7,NONE,NA,EXPIRING,14,0,2,454,454,"Quite likely","deq57lCg","Help Rama Boatwright to write their biographical novel about their difficulties with a deranged dog",20,1,true
7,NONE,NA,NA,15,0,2,474,474,"Sure thing","2PbPy3k5","Steal chicken delivery to Jurij Andrews and share some of the profits with the people.",48,6,true
7,NONE,NA,NA,16,0,2,522,522,"Sure thing","Ot2qwxjg","Steal cat delivery to Olli Edgell and share some of the profits with the people.",64,6,true
7,NONE,NA,NA,17,0,2,586,586,"Sure thing","mGd2j1vr","Steal clothes delivery to Yushua Headley and share some of the profits with the people.",54,4,true
7,NONE,NA,NA,18,0,2,640,640,"Sure thing","rS8KlrVY","Steal turnips delivery to Charlie Adamson and share some of the profits with the people.",58,5,true
7,NONE,NA,NA,19,0,2,698,698,"Piece of cake","AQS5hbA0","Escort Kyou Langdon to plains in Westpine where they can meet with their long lost bucket",56,2,true
7,NONE,NA,FRESH,20,0,2,754,754,"Risky","TpOufos4","Investigate Modesty Matthewson and find out their relation to the magic squirrel.",173,3,false
7,NONE,NA,FRESH,22,0,2,704,754,"Risky","dTLTkrmJ","Escort Jephtha Britton to savannah in Fangcrest where they can meet with their long lost weed",62,6,false
7,NONE,NA,NA,24,0,2,654,754,"Sure thing","dHyxCmr0","Help defending savannah in Bleakgill from the intruders",105,4,true
7,NONE,NA,EXPIRING,25,0,2,759,859,"Walk in the park","6qYV1hUA","Escort Georgy Arterbury to grassland in Lowewell where they can meet with their long lost pan",75,1,false
7,NONE,NA,NA,27,0,2,709,859,"Sure thing","0yPIx65N","Steal super awesome diamond turnips from Solfrid Neville",157,7,false
7,NONE,NA,EXPIRING,29,0,2,659,859,"Walk in the park","Wq1k1cGA","Steal super awesome diamond pot from Radboud Wardrobe",194,1,false
7,NONE,NA,EXPIRING,31,0,2,609,859,"Walk in the park","CYcagn5o","Steal super awesome diamond dog from Gökhan Lawrence",145,1,false
7,NONE,NA,NA,33,0,2,559,859,"Sure thing","eRAMCVP0","Steal super awesome diamond bucket from Tiburtius Rathbone",158,7,false
7,NONE,NA,EXPIRING,35,0,2,509,859,"Risky","acsrdTWQ","Infiltrate The Grizzly Boar Brotherhood and recover their secrets.",144,1,true
7,NONE,NA,FRESH,36,0,2,653,1003,"Walk in the park","NE10SWtI","Help defending peninsula in Towerpool from the intruders",104,6,false
7,NONE,NA,FRESH,38,0,2,603,1003,"Piece of cake","DpDulKrS","Steal super awesome diamond beer mug from Bartholomei Outterridge",162,7,false
7,NONE,NA,NA,40,0,2,553,1003,"Sure thing","1rKncXhT","Steal super awesome diamond horse from Barta Cartwright",176,2,false
7,NONE,NA,EXPIRING,42,0,2,503,1003,"Rather detrimental","Fdnei1AZ","Help defending thrift shoppe in Bleakshaw from the intruders",86,1,false
7,NONE,NA,NA,44,0,2,453,1003,"Sure thing","nErYhISa","Help defending pasture in Razortown from the intruders",104,2,true
7,NONE,NA,EXPIRING,45,0,2,557,1107,"Rather detrimental","wPRSePmf","Help defending plains in Bleakloft from the intruders",87,1,false
7,NONE,NA,NA,47,0,2,507,1107,"Piece of cake","EfrsH5XJ","Steal super awesome diamond cat from Kendrick Jackson",167,6,false
7,NONE,NA,FRESH,49,0,2,457,1107,"Piece of cake","FMzvFiNf","Steal super awesome diamond clothes from Nerses Ecclestone",162,4,false
8,NONE,NA,NA,0,0,3,0,0,"Piece of cake","CCAXjX84","Escort Carme Wootton to thrift shoppe in Whitefire where they can meet with their long lost dog",68,7,true
8,NONE,NA,NA,1,0,3,68,68,"Piece of cake","LUPdOdTu","Help Nero Wakefield to transport a magic weed to grassland in Bleakfirth",21,6,true
8,NONE,NA,NA,2,0,3,89,89,"Piece of cake","gUlgTq6f","Help Enéas Warwick to reach an agreement with Edvard Peterson on the matters of disputed pot",13,5,true
8,NONE,NA,NA,3,0,3,102,102,"Piece of cake","OeiCxAlU","Create an advertisement campaign for Ora Kimberley to promote their turnips based business",16,7,true
8,NONE,NA,NA,4,0,3,118,118,"Piece of cake","aEP5Zzll","Create an advertisement campaign for Horea Fairclough to promote their cat based business",28,7,true
8,NONE,NA,NA,5,0,3,146,146,"Piece of cake","iLjnswRq","Help Agrippa Mitchell to reach an agreement with Spartacus Thatcher on the matters of disputed pot",12,2,true
8,NONE,NA,EXPIRING,6,0,3,158,158,"Piece of cake","lPTbjbzM","Help Olimpia Humphrey to transport a magic bucket to village in Olddrone",14,1,true
8,NONE,NA,FRESH,7,0,3,172,172,"Walk in the park","IFhlAGoK","Escort Fiona Stafford to peninsula in Razorpeak where they can meet with their long lost clothes",54,7,true
8,NONE,NA,NA,8,0,3,226,226,"Sure thing","D98Yi3cK","Help Catriona Evanson to sell an unordinary squirrel on the local market",26,6,true
8,NONE,NA,NA,9,0,3,252,252,"Piece of cake","7FpiRKVr","Create an advertisement campaign for Phanuhel Wilkinson to promote their turnips based business",33,5,true
8,NONE,NA,NA,10,0,3,285,285,"Piece of cake","KaDDNYjr","Escort Aune Spencer to field in Masonspring where they can meet with their long lost beer mug",75,4,true
8,NONE,NA,FRESH,11,0,3,360,360,"Piece of cake","WkzGEhJU","Help Zübeyde Varnham to reach an agreement with Donald Bamborough on the matters of disputed dog",10,4,true
8,NONE,NA,EXPIRING,12,0,3,370,370,"Walk in the park","BGNhU2FB","Escort Zaal Brandon to field in Ravenpeak where they can meet with their long lost bucket",79,1,true
8,NONE,NA,FRESH,13,0,3,449,449,"Walk in the park","I2M13ghm","Escort Keziah Stainthorpe to village in Bloodseed where they can meet with their long lost dog",70,6,true
8,NONE,NA,FRESH,14,0,3,519,519,"Walk in the park","Sb7fdES5","Create an advertisement campaign for Finn Mallory to promote their pan based business",27,7,true
8,NONE,NA,FRESH,15,0,3,546,546,"Walk in the park","7I8tbiCJ","Help Liisi Carlyle to write their biographical novel about their difficulties with a deranged cat",33,7,false
8,NONE,NA,FRESH,16,0,2,546,546,"Gamble","RilP7Mwm","Create an advertisement campaign for Paxton Ruggles to promote their bucket based business",36,4,false
8,NONE,NA,EXPIRING,18,0,2,496,546,"Suicide mission","vZvYe4iD","Investigate Asmaa Skinner and find out their relation to the magic bucket.",151,1,false
8,NONE,NA,EXPIRING,20,0,2,446,546,"Quite likely","tYhTdNdx","Infiltrate The Skeleton Company and recover their secrets.",118,1,false
8,NONE,NA,FRESH,22,0,2,396,546,"Piece of cake","v4xqWSdP","Help defending village in Bloodpeak from the intruders",130,6,true
8,NONE,NA,FRESH,23,0,2,526,676,"Hmmm....","vjkT5WhZ","Escort Demostrate Brynjólfsdóttir to meadow in Redscale where they can meet with their long lost sheep",60,6,true
8,NONE,NA,NA,24,0,2,586,736,"Sure thing","eMj3IJST","Help defending village in Greymere from the intruders",105,6,true
8,NONE,NA,FRESH,25,0,2,691,841,"Risky","nvaOZr1C","Investigate Shaye Tennyson and find out their relation to the magic clothes.",134,3,true
8,NONE,NA,NA,26,0,2,825,975,"Sure thing","mSkziPrm","Escort Kronos Ellisson to grassland in Orrinwater where they can meet with their long lost water",57,3,true
8,NONE,NA,FRESH,27,0,2,882,1032,"Walk in the park","jZMI7z6F","Help defending pasture in Snowpool from the intruders",109,6,true
8,NONE,NA,EXPIRING,28,0,2,991,1141,"Impossible","SaepBynS","Kill Nurullah Suggitt with chariot and make Antonie Bircann from fort in Newcrest to take the blame",125,1,false
8,NONE,NA,EXPIRING,30,0,2,941,1141,"Piece of cake","PWAp6JWX","Help defending meadow in Greymire from the intruders",137,1,true
8,NONE,NA,NA,31,0,2,1078,1278,"Sure thing","IbbEBUBO","Help defending field in Eastgarden from the intruders",89,7,true
8,NONE,NA,EXPIRING,32,0,2,1167,1367,"Piece of cake","NiXDKuZC","Help defending field in Scalecaster from the intruders",99,1,true
8,NONE,NA,NA,33,0,2,1266,1466,"Piece of cake","YcFbV45P","Help defending savannah in Fallwell from the intruders",108,2,true
8,NONE,NA,NA,34,0,2,1374,1574,"Piece of cake","yLN5UHmq","Help defending plains in Voidtown from the intruders",72,7,true
8,NONE,NA,NA,35,0,2,1446,1646,"Walk in the park","8EXWaaQY","Help defending steppe in Eastchester from the intruders",88,3,false
8,NONE,NA,NA,37,0,2,1396,1646,"Piece of cake","Fu0C5ke9","Help defending pasture in Highport from the intruders",99,6,true
8,NONE,NA,NA,38,0,2,1495,1745,"Walk in the park","THghoKYc","Help defending field in Snowbury from the intruders",96,6,true
8,NONE,NA,NA,39,0,2,1591,1841,"Walk in the park","ZQPt5839","Help defending grassland in Millerford from the intruders",85,5,true
8,NONE,NA,NA,40,0,2,1676,1926,"Walk in the park","l9WnGPrF","Help defending savannah in Orrindrone from the intruders",79,6,true
8,NONE,NA,FRESH,41,0,2,1755,2005,"Gamble","khRiTEJH","Help defending savannah in Redseed from the intruders",92,7,true
8,NONE,NA,EXPIRING,42,0,2,1847,2097,"Walk in the park","mhfSWMDF","Help defending meadow in Pencaster from the intruders",91,1,true
8,NONE,NA,NA,43,0,2,1938,2188,"Piece of cake","WAC1Htn8","Help defending peninsula in Masonwater from the intruders",81,6,true
8,NONE,NA,EXPIRING,44,0,2,2019,2269,"Risky","nCCJZBCJ","Help defending steppe in Dornwhyte from the intruders",80,1,true
8,NONE,NA,NA,45,0,2,2099,2349,"Piece of cake","eHbZUNjm","Help defending thrift shoppe in Northfire from the intruders",73,4,true
8,NONE,NA,EXPIRING,46,0,2,2172,2422,"Suicide mission","mypwcUZK","Help defending pasture in Burnsdrone from the intruders",86,1,false
8,NONE,NA,FRESH,48,0,2,2122,2422,"Hmmm....","w2b1AEEY","Help defending hill in Oldwater from the intruders",62,6,true
8,NONE,NA,NA,49,0,2,2184,2484,"Quite likely","ASfQjVGp","Help defending hill in Dornmountain from the intruders",83,2,true
9,NONE,NA,NA,0,0,3,0,0,"Sure thing","BEunhR3G","Help Rhonwen Sharman to fix their house",4,7,true
9,NONE,NA,NA,1,0,3,4,4,"Sure thing","CvOgqRPP","Help Chike Hallgrímsson to fix their potatoes",9,6,true
9,NONE,NA,NA,2,0,3,13,13,"Sure thing","yIad6wFo","Help Stephanos Winthrop to clean their clothes",4,5,true
9,NONE,NA,NA,3,0,3,17,17,"Piece of cake","2FWEY9LD","Help Foster Gorbold to clean their potatoes",6,4,true
9,NONE,NA,NA,4,0,3,23,23,"Piece of cake","4mdiptlT","Help Doreen Warwick to fix their dog",8,3,true
9,NONE,NA,NA,5,0,3,31,31,"Piece of cake","LhXAT3tU","Steal beer mug delivery to Eladio Ericson and share some of the profits with the people.",42,3,true
9,NONE,NA,EXPIRING,6,0,3,73,73,"Piece of cake","mjSXxuQZ","Help Natalya Danielson to write their biographical novel about their difficulties with a deranged weed",25,1,true
9,NONE,NA,NA,7,0,3,98,98,"Piece of cake","3B2HrhGD","Help Hotaru Hermanson to sell an unordinary sheep on the local market",21,6,true
9,NONE,NA,EXPIRING,8,0,3,119,119,"Piece of cake","y0i5hVRU","Help Manasseh Kitchen to reach an agreement with Artyom Nathans on the matters of disputed house",7,1,true
9,NONE,NA,FRESH,9,0,3,126,126,"Quite likely","m2vlIPO2","Create an advertisement campaign for Quincy Lauderman to promote their wagon based business",27,5,true
9,NONE,NA,NA,10,0,3,153,153,"Sure thing","OJzR4kz1","Help Kristoffer Kingsley to transport a magic dog to grassland in Masonford",26,6,true
9,NONE,NA,NA,11,0,3,179,179,"Piece of cake","NiQLRYgH","Help Nöl Holland to sell an unordinary squirrel on the local market",22,1,true
9,NONE,NA,NA,12,0,3,201,201,"Walk in the park","G6nYycEW","Help Franciska Sandford to transport a magic turnips to grassland in Darkkeep",17,2,true
9,NONE,NA,NA,13,0,3,218,218,"Piece of cake","EbVODONY","Steal house delivery to Huang Smedley and share some of the profits with the people.",68,7,true
9,NONE,NA,NA,14,0,3,286,286,"Piece of cake","jSGRlpnf","Steal horse delivery to Sefu Hopkins and share some of the profits with the people.",38,7,true
9,NONE,NA,NA,15,0,3,324,324,"Piece of cake","qLDpGM3T","Escort Sati Pettigrew to steppe in Frostwell where they can meet with their long lost chicken",68,6,true
9,NONE,NA,NA,16,0,3,392,392,"Piece of cake","qLM1dV2X","Escort Essa Sinclair to field in Northgarden where they can meet with their long lost beer mug",50,6,true
9,NONE,NA,FRESH,17,0,3,442,442,"Hmmm....","YtaDNRL3","Escort Shalom Winterbottom to meadow in Razorwater where they can meet with their long lost dog",62,4,true
9,NONE,NA,NA,18,0,3,504,504,"Piece of cake","mu4d8KbN","Steal clothes delivery to Humbert Westley and share some of the profits with the people.",50,7,true
9,NONE,NA,NA,19,0,3,554,554,"Walk in the park","rJv3IoMC","Create an advertisement campaign for Hallvarðr Vilhjálmsdóttir to promote their water based business",42,4,true
9,NONE,NA,EXPIRING,20,0,3,596,596,"Walk in the park","wiJV1FFe","Create an advertisement campaign for Lihi Farnham to promote their water based business",34,1,true
9,NONE,NA,NA,21,0,3,630,630,"Walk in the park","PhZTlgQH","Help defending steppe in Stronggannon from the intruders",104,7,true
9,NONE,NA,EXPIRING,22,0,3,734,734,"Suicide mission","ddGiWdns","Investigate Rahab Pickering and find out their relation to the magic squirrel.",128,1,false
9,NONE,NA,EXPIRING,23,0,2,734,734,"Walk in the park","rXOAjOMF","Escort Conor Botwright to meadow in Dovedinny where they can meet with their long lost potatoes",60,1,true
9,NONE,NA,EXPIRING,24,0,2,794,794,"Suicide mission","816iAPND","Investigate Meliora Prudhomme and find out their relation to the magic pot.",122,1,false
9,NONE,NA,NA,26,0,2,744,794,"Sure thing","aD1hmdZ9","Help defending grassland in Highbane from the intruders",118,6,true
9,NONE,NA,NA,27,0,2,862,912,"Piece of cake","4Ysa0DnP","Help defending meadow in Southport from the intruders",74,6,false
9,NONE,NA,NA,29,0,2,812,912,"Piece of cake","L1B466R3","Escort Innocenzo Davison to savannah in Bloodcrest where they can meet with their long lost chicken",51,2,true
9,NONE,NA,FRESH,30,0,2,863,963,"Hmmm....","naphOhTX","Help defending steppe in Voidhill from the intruders",127,4,false
9,NONE,NA,FRESH,32,0,2,813,963,"Gamble","rwaYWIZm","Help defending plains in Razorburg from the intruders",88,5,true
9,NONE,NA,EXPIRING,33,0,2,901,1051,"Suicide mission","3chMAlT1","Investigate Kamen Holly and find out their relation to the magic water.",131,1,false
9,NONE,NA,EXPIRING,35,0,2,851,1051,"Risky","cY4HMv5e","Investigate Fotios Hardwick and find out their relation to the magic weed.",140,1,true
9,NONE,NA,EXPIRING,36,0,2,991,1191,"Playing with fire","oSEfPpPI","Investigate Atlas Nicolson and find out their relation to the magic potatoes.",136,1,false
9,NONE,NA,EXPIRING,38,0,2,941,1191,"Piece of cake","eing91xZ","Help defending peninsula in Millerdale from the intruders",94,1,true
9,NONE,NA,NA,39,0,2,1035,1285,"Sure thing","ThoZ3wlh","Help defending meadow in Fangdean from the intruders",94,4,true
9,NONE,NA,EXPIRING,40,0,2,1129,1379,"Walk in the park","fRyDlxUL","Help defending field in Penmire from the intruders",110,1,true
9,NONE,NA,EXPIRING,41,0,2,1239,1489,"Gamble","fwe2Wh1k","Help defending village in Greywell from the intruders",105,1,false
9,NONE,NA,FRESH,43,0,2,1189,1489,"Suicide mission","kk98cl2q","Help defending savannah in Strongpine from the intruders",81,5,false
9,NONE,NA,NA,45,0,2,1139,1489,"Piece of cake","VqGAquwg","Help defending peninsula in Frostsheen from the intruders",50,4,true
9,NONE,NA,EXPIRING,46,0,2,1189,1539,"Risky","lJ77uHXI","Help defending plains in Darkdrone from the intruders",81,1,false
9,NONE,NA,NA,48,0,2,1139,1539,"Quite likely","4bCh1aMX","Help defending meadow in Fernmire from the intruders",87,2,true
9,NONE,NA,FRESH,49,0,2,1226,1626,"Risky","b2XG3JBN","Help defending hill in Olddrone from the intruders",80,5,false
10,NONE,NA,NA,0,0,3,0,0,"Sure thing","TCd0LRo9","Help Orna Sanderson to fix their squirrel",6,7,true
10,NONE,NA,NA,1,0,3,6,6,"Piece of cake","22LmL8kF","Escort Wibke Madison to meadow in Lighthill where they can meet with their long lost horse",66,6,true
10,NONE,NA,NA,2,0,3,72,72,"Piece of cake","BIc8DvuB","Escort Anah Morrish to plains in Westtown where they can meet with their long lost wagon",67,5,true
10,NONE,NA,NA,3,0,3,139,139,"Sure thing","OSq8mGXF","Steal wagon delivery to Akemi Allsopp and share some of the profits with the people.",48,7,true
10,NONE,NA,NA,4,0,3,187,187,"Piece of cake","hJLCYsO8","Help Raul Hopkins to fix their cat",2,3,true
10,NONE,NA,NA,5,0,3,189,189,"Piece of cake","mYwoqV6q","Help Sinta Norwood to reach an agreement with Judoc Armistead on the matters of disputed squirrel",8,7,true
10,NONE,NA,EXPIRING,6,0,3,197,197,"Quite likely","4VrpquFK","Help Ngaio Hlöðversson to sell an unordinary chicken on the local market",19,1,true
10,NONE,NA,EXPIRING,7,0,3,216,216,"Quite likely","Ys86BRVz","Create an advertisement campaign for Arij Stanton to promote their chicken based business",25,1,true
10,NONE,NA,EXPIRING,8,0,3,241,241,"Quite likely","u1XtbR0m","Create an advertisement campaign for Shalev Freeman to promote their house based business",36,1,true
10,NONE,NA,NA,9,0,3,277,277,"Sure thing","3DGKsyDE","Steal potatoes delivery to Ninette Webster and share some of the profits with the people.",59,5,true
10,NONE,NA,NA,10,0,3,336,336,"Piece of cake","INUfP9CI","Escort Yamikani Gladwin to peninsula in Orrinport where they can meet with their long lost beer mug",56,4,true
10,NONE,NA,NA,11,0,3,392,392,"Sure thing","UXsAcJS0","Steal pot delivery to Metoděj Boothman and share some of the profits with the people.",56,7,true
10,NONE,NA,NA,12,0,3,448,448,"Sure thing","vCl8x1YZ","Help Grwn Sanford to sell an unordinary horse on the local market",23,6,true
10,NONE,NA,EXPIRING,13,0,3,471,471,"Piece of cake","zubjjIEJ","Help Berislav Pickering to reach an agreement with Boipelo Bernard on the matters of disputed potatoes",13,1,true
10,NONE,NA,NA,14,0,3,484,484,"Sure thing","bB5gsFFB","Help Lei Gabriels to sell an unordinary chariot on the local market",18,7,true
10,NONE,NA,NA,15,0,3,502,502,"Piece of cake","ABztJ6sK","Steal squirrel delivery to Raniya Atterberry and share some of the profits with the people.",71,6,true
10,NONE,NA,NA,16,0,3,573,573,"Piece of cake","HhJ2nx1x","Steal cat delivery to Ryo Sigurðdóttir and share some of the profits with the people.",44,4,true
10,NONE,NA,NA,17,0,3,617,617,"Piece of cake","Qd2HCtMr","Escort Geirr Jónsson to thrift shoppe in Highcawl where they can meet with their long lost house",86,3,true
10,NONE,NA,FRESH,18,0,3,703,703,"Hmmm....","OdmYXYRk","Escort Ganzorig Proudfoot to meadow in Masonshaw where they can meet with their long lost chariot",71,7,true
10,NONE,NA,NA,19,0,3,774,774,"Sure thing","Yu79CaIO","Steal super awesome diamond dog from Annabel Watkins",179,7,false
10,NONE,NA,EXPIRING,20,0,2,774,774,"Hmmm....","aqSRR1V6","Create an advertisement campaign for Eulalia Pearson to promote their bucket based business",34,1,false
10,NONE,NA,NA,22,0,2,724,774,"Sure thing","LJ5aindP","Steal super awesome diamond squirrel from Eveleen Alberts",129,6,false
10,NONE,NA,NA,24,0,2,674,774,"Sure thing","nE0ZxLdq","Steal super awesome diamond wagon from Blasius Boatwright",156,6,false
10,NONE,NA,NA,26,0,2,624,774,"Sure thing","bXWK8vNN","Steal super awesome diamond weed from Freyde Eglington",161,6,false
10,NONE,NA,EXPIRING,28,0,2,574,774,"Gamble","I1caIbPf","Investigate Oleh Wylie and find out their relation to the magic beer mug.",156,1,true
10,NONE,NA,FRESH,29,0,2,730,930,"Gamble","RJjAyN4N","Help defending steppe in Newscale from the intruders",81,4,true
10,NONE,NA,NA,30,0,2,811,1011,"Piece of cake","CvcGBgJd","Help defending village in Razormere from the intruders",104,7,true
10,NONE,NA,NA,31,0,2,915,1115,"Walk in the park","B9aoITiY","Help defending field in Westwater from the intruders",112,5,false
10,NONE,NA,FRESH,33,0,2,865,1115,"Playing with fire","xof1Mfd9","Investigate Oighrig Adamson and find out their relation to the magic clothes.",108,3,false
10,NONE,NA,EXPIRING,35,0,2,815,1115,"Hmmm....","yl3YoZbs","Infiltrate The Crystal Dragontooth Association and recover their secrets.",113,1,false
10,NONE,NA,NA,37,0,2,765,1115,"Walk in the park","qPxW4fsg","Help defending steppe in Razorchester from the intruders",87,5,true
10,NONE,NA,NA,38,0,2,852,1202,"Quite likely","JD2wW5o0","Help defending plains in Ravendeen from the intruders",108,4,false
10,NONE,NA,EXPIRING,40,0,2,802,1202,"Rather detrimental","itjMQBXO","Help defending village in Darkdinny from the intruders",101,1,true
10,NONE,NA,NA,41,0,2,903,1303,"Walk in the park","AlvlKguy","Help defending steppe in Fallbury from the intruders",60,5,true
10,NONE,NA,FRESH,42,0,2,963,1363,"Gamble","AnR2okGQ","Help defending village in Blackdeen from the intruders",89,7,false
10,NONE,NA,EXPIRING,44,0,2,913,1363,"Rather detrimental","TfuvGCuf","Help defending grassland in Strongton from the intruders",79,1,true
10,NONE,NA,NA,45,0,2,992,1442,"Quite likely","qvbtSzOX","Help defending island in Snowseed from the intruders",92,6,true
10,NONE,NA,NA,46,0,2,1084,1534,"Gamble","vUrbFMNB","Help defending foggy riverside in Newville from the intruders",70,7,true
10,NONE,NA,EXPIRING,47,0,2,1154,1604,"Playing with fire","7NOK6hT6","Help defending grassland in Dornfire from the intruders",87,1,false
10,NONE,NA,FRESH,49,0,2,1104,1604,"Playing with fire","3uQ8ccX3","Help defending church in Whitefair from the intruders",58,7,true
11,NONE,NA,NA,0,0,3,0,0,"Sure thing","TwanarfK","Steal dog delivery to Ferrutius Woodhams and share some of the profits with the people.",62,7,true
11,NONE,NA,NA,1,0,3,62,62,"Sure thing","yvjQUrwy","Help Kagiso Bullock to fix their weed",8,6,true
11,NONE,NA,NA,2,0,3,70,70,"Piece of cake","FP6ZQNyg","Help Erdenechimeg Willard to transport a magic sheep to meadow in Fangcaster",14,5,true
11,NONE,NA,NA,3,0,3,84,84,"Piece of cake","UF2FW0QL","Help Enéas Courtney to clean their pot",6,4,true
11,NONE,NA,NA,4,0,3,90,90,"Piece of cake","VPXANcZ7","Escort Emerentius Morison to savannah in Ravenchester where they can meet with their long lost house",67,3,true
11,NONE,NA,NA,5,0,3,157,157,"Piece of cake","gbJSzPfa","Help Iskra Lindsay to sell an unordinary pot on the local market",24,2,true
11,NONE,NA,FRESH,6,0,3,181,181,"Piece of cake","p2jXBCjw","Escort Hanan Washington to peninsula in Fallbane where they can meet with their long lost wagon",59,5,true
11,NONE,NA,FRESH,7,0,3,240,240,"Walk in the park","CrqhprWu","Help Wati Boothman to write their biographical novel about their difficulties with a deranged cat",45,7,true
11,NONE,NA,FRESH,8,0,3,285,285,"Piece of cake","hg058Hiw","Create an advertisement campaign for Alphaeus Soames to promote their potatoes based business",39,7,true
11,NONE,NA,FRESH,9,0,3,324,324,"Walk in the park","TQU8kFnP","Help Wulan Ace to sell an unordinary chicken on the local market",27,7,false
11,NONE,NA,NA,10,0,2,324,324,"Sure thing","JMk2S0dl","Help Vappu Clifton to reach an agreement with Manish Blanchard on the matters of disputed pan",4,6,true
11,NONE,NA,FRESH,11,0,2,328,328,"Walk in the park","nMArFN0C","Create an advertisement campaign for Fernando English to promote their turnips based business",21,7,true
11,NONE,NA,NA,12,0,2,349,349,"Sure thing","WwfGlufU","Help Freeman Wannell to reach an agreement with Constantine Langdon on the matters of disputed chicken",12,2,true
11,NONE,NA,EXPIRING,13,0,2,361,361,"Piece of cake","ZFIzT4uG","Steal water delivery to Arlette Pritchett and share some of the profits with the people.",61,1,true
11,NONE,NA,EXPIRING,14,0,2,422,422,"Hmmm....","ReQmI0aR","Help Emilia Outterridge to write their biographical novel about their difficulties with a deranged water",38,1,false
11,NONE,NA,EXPIRING,16,0,2,372,422,"Gamble","tpzK564O","Create an advertisement campaign for Rhea Forester to promote their cat based business",25,1,false
11,NONE,NA,EXPIRING,18,0,2,322,422,"Gamble","7LzE2uGU","Create an advertisement campaign for Ndidi Beckett to promote their chariot based business",41,1,false
11,NONE,NA,EXPIRING,20,0,2,272,422,"Hmmm....","hMTsADI5","Escort Robbie Addison to pasture in Ravendrone where they can meet with their long lost wagon",65,1,true
11,NONE,NA,FRESH,21,0,2,337,487,"Piece of cake","cVLZXHKS","Escort Kamen Wilkins to peninsula in Burnsham where they can meet with their long lost clothes",63,3,true
11,NONE,NA,FRESH,22,0,2,400,550,"Suicide mission","o4cwIwxe","Investigate Ödön Dickson and find out their relation to the magic clothes.",125,3,false
11,NONE,NA,NA,24,0,2,350,550,"Sure thing","9fbDf4lJ","Help defending savannah in Ferncawl from the intruders",123,6,true
11,NONE,NA,NA,25,0,2,473,673,"Walk in the park","Q7EH4Gbs","Escort Maite Waldroup to peninsula in Fernton where they can meet with their long lost cat",62,3,true
11,NONE,NA,FRESH,26,0,2,535,735,"Walk in the park","KjSf4iIt","Help defending grassland in Razorville from the intruders",123,7,true
11,NONE,NA,NA,27,0,2,658,858,"Walk in the park","m8UGEq3J","Escort Gerry Thatcher to plains in Thornspring where they can meet with their long lost weed",65,2,true
11,NONE,NA,FRESH,28,0,2,723,923,"Rather detrimental","yTdau3Bm","Help defending thrift shoppe in Orrinfire from the intruders",109,4,true
11,NONE,NA,EXPIRING,29,0,2,832,1032,"Suicide mission","pRY3rlRd","Kill Rainerio Summerfield with house and make Léopold Hallman from palace in Newhill to take the blame",136,1,false
11,NONE,NA,EXPIRING,31,0,2,782,1032,"Suicide mission","AY0Uximg","Investigate Marge Dwerryhouse and find out their relation to the magic house.",132,1,false
11,NONE,NA,EXPIRING,33,0,2,732,1032,"Suicide mission","mg66kG8f","Infiltrate The Invisibles and recover their secrets.",128,1,false
11,NONE,NA,NA,35,0,2,682,1032,"Walk in the park","1g444CvB","Help defending plains in Razorcrest from the intruders",94,1,true
11,NONE,NA,NA,36,0,2,776,1126,"Quite likely","7zSLI24i","Help defending steppe in Towerburg from the intruders",90,5,true
11,NONE,NA,NA,37,0,2,866,1216,"Piece of cake","iokOtOmh","Help defending thrift shoppe in Sharppine from the intruders",97,7,true
11,NONE,NA,EXPIRING,38,0,2,963,1313,"Hmmm....","Wa8SBGjX","Help defending village in Whitespring from the intruders",85,1,false
11,NONE,NA,EXPIRING,40,0,2,913,1313,"Gamble","K4qHGkSG","Help defending field in Westtown from the intruders",106,1,false
11,NONE,NA,FRESH,42,0,2,863,1313,"Gamble","LdaTbq6j","Help defending grassland in Southdeen from the intruders",108,4,true
11,NONE,NA,NA,43,0,2,971,1421,"Piece of cake","kHCagiRE","Help defending field in Fangcawl from the intruders",66,7,true
11,NONE,NA,EXPIRING,44,0,2,1037,1487,"Hmmm....","gJnzFsAc","Help defending village in Scalecrest from the intruders",91,1,true
11,NONE,NA,EXPIRING,45,0,2,1128,1578,"Quite likely","Vnx9gNDs","Help defending village in Burnspine from the intruders",78,1,true
11,NONE,NA,FRESH,46,0,2,1206,1656,"Hmmm....","X7ys9JjO","Help defending meadow in Ridgegannon from the intruders",100,4,true
11,NONE,NA,EXPIRING,47,0,2,1306,1756,"Piece of cake","nCj5s4qV","Help defending peninsula in Snowton from the intruders",68,1,true
11,NONE,NA,NA,48,0,2,1374,1824,"Piece of cake","0ps9ZItJ","Help defending manor in Northloft from the intruders",63,5,true
11,NONE,NA,NA,49,0,2,1437,1887,"Quite likely","BX1V7J3w","Help defending plains in Northwater from the intruders",85,1,false
12,NONE,NA,NA,0,0,3,0,0,"Piece of cake","GTlNCsYb","Steal pan delivery to Stanislav Waterman and share some of the profits with the people.",60,7,true
12,NONE,NA,NA,1,0,3,60,60,"Piece of cake","LTeiR4IE","Steal wagon delivery to Mykhailo Sherman and share some of the profits with the people.",55,6,true
12,NONE,NA,NA,2,0,3,115,115,"Piece of cake","ZoitZD2m","Help Jorie Courtier to fix their house",3,5,true
12,NONE,NA,NA,3,0,3,118,118,"Piece of cake","hhSRQnSt","Create an advertisement campaign for Paraskevi Whinery to promote their potatoes based business",27,4,true
12,NONE,NA,NA,4,0,3,145,145,"Sure thing","8bJMx5m5","Help Vivek Cotterill to clean their chicken",3,7,true
12,NONE,NA,NA,5,0,3,148,148,"Piece of cake","iIxKAUUm","Help Sana Scrivens to transport a magic squirrel to peninsula in Highwhyte",14,2,true
12,NONE,NA,EXPIRING,6,0,3,162,162,"Quite likely","waGTOKi4","Help Miina Stanton to transport a magic bucket to village in Sharpwhyte",7,1,false
12,NONE,NA,EXPIRING,7,0,2,162,162,"Rather detrimental","gnnDeGB7","Create an advertisement campaign for Pánfilo Clifton to promote their cat based business",17,1,true
12,NONE,NA,FRESH,8,0,2,179,179,"Gamble","1SYuiLod","Help Melle Wyndham to sell an unordinary chicken on the local market",16,6,true
12,NONE,NA,FRESH,9,0,2,195,195,"Piece of cake","rvdl7rKb","Create an advertisement campaign for Iosias Pierson to promote their clothes based business",21,6,true
12,NONE,NA,NA,10,0,2,216,216,"Piece of cake","5er1O1JJ","Escort Jep Thorley to peninsula in Redpeak where they can meet with their long lost potatoes",74,7,true
12,NONE,NA,NA,11,0,2,290,290,"Piece of cake","ji9Lypkz","Create an advertisement campaign for Monserrat Raynerson to promote their sheep based business",27,7,true
12,NONE,NA,NA,12,0,2,317,317,"Piece of cake","eMGJuG0l","Create an advertisement campaign for Mandeep Morriss to promote their potatoes based business",42,7,true
12,NONE,NA,EXPIRING,13,0,2,359,359,"Walk in the park","CMZnEklq","Help Ayelen Ellisson to reach an agreement with Gerd Stainthorpe on the matters of disputed pan",11,1,false
12,NONE,NA,EXPIRING,15,0,2,309,359,"Hmmm....","euiWi8hD","Escort Fishel Dwerryhouse to steppe in Fangloft where they can meet with their long lost bucket",56,1,true
12,NONE,NA,FRESH,16,0,2,365,415,"Walk in the park","XSGfUJyl","Escort Zusa Huldudóttir to grassland in Southfire where they can meet with their long lost wagon",80,7,true
12,NONE,NA,NA,17,0,2,445,495,"Sure thing","HeUG2e4S","Steal weed delivery to Mireya Christians and share some of the profits with the people.",60,7,true
12,NONE,NA,EXPIRING,18,0,2,505,555,"Hmmm....","HVA6Ywb3","Investigate Anielka Seymour and find out their relation to the magic wagon.",159,1,true
12,NONE,NA,FRESH,19,0,2,664,714,"Hmmm....","9TNDtLuA","Escort Lowell Stephens to grassland in Razorsheen where they can meet with their long lost horse",72,6,true
12,NONE,NA,FRESH,20,0,2,736,786,"Sure thing","hjckdlCJ","Steal chicken delivery to Philander Eldridge and share some of the profits with the people.",53,4,true
12,NONE,NA,NA,21,0,2,789,839,"Piece of cake","YQ3XDg4H","Escort Jameela Rowntree to thrift shoppe in Pencrest where they can meet with their long lost pan",57,6,true
12,NONE,NA,NA,22,0,2,846,896,"Sure thing","3FkDEbua","Help defending pasture in Greypine from the intruders",95,7,true
12,NONE,NA,NA,23,0,2,941,991,"Piece of cake","YiQWimmr","Help defending peninsula in Eastshore from the intruders",133,5,true
12,NONE,NA,FRESH,24,0,2,1074,1124,"Risky","iHA5IEI8","Escort Yasmina Maddison to savannah in Southwater where they can meet with their long lost water",43,7,false
12,NONE,NA,NA,26,0,2,1024,1124,"Piece of cake","aWzitS4C","Help defending steppe in Blackshore from the intruders",111,2,true
12,NONE,NA,FRESH,27,0,2,1135,1235,"Hmmm....","mlum920q","Escort Cerdic Spooner to field in Strongkeep where they can meet with their long lost wagon",73,3,false
12,NONE,NA,NA,29,0,2,1085,1235,"Quite likely","OZsvdtpU","Help defending grassland in Scalecaster from the intruders",120,5,false
12,NONE,NA,NA,31,0,2,1035,1235,"Sure thing","riBsTYuE","Help defending plains in Whitechester from the intruders",92,6,true
12,NONE,NA,NA,32,0,2,1127,1327,"Walk in the park","LR6eHgH4","Help defending thrift shoppe in Everhill from the intruders",117,6,true
12,NONE,NA,EXPIRING,33,0,2,1244,1444,"Playing with fire","j3p9HEdl","Investigate Koit Royston and find out their relation to the magic horse.",145,1,false
12,NONE,NA,EXPIRING,35,0,2,1194,1444,"Playing with fire","supEZd8v","Infiltrate The Cardinal Mammoths and recover their secrets.",136,1,true
12,NONE,NA,NA,36,0,2,1330,1580,"Piece of cake","Ag6aeBpN","Help defending thrift shoppe in Blackloft from the intruders",87,7,true
12,NONE,NA,NA,37,0,2,1417,1667,"Piece of cake","ulqzPVZK","Help defending field in Highhill from the intruders",93,3,true
12,NONE,NA,NA,38,0,2,1510,1760,"Walk in the park","4tmf6LBO","Help defending plains in Scalewater from the intruders",86,2,true
12,NONE,NA,NA,39,0,2,1596,1846,"Walk in the park","MIUg8uia","Help defending village in Razorshore from the intruders",106,2,false
12,NONE,NA,NA,41,0,2,1546,1846,"Walk in the park","xrpFrxei","Help defending pasture in Bloodton from the intruders",100,6,true
12,NONE,NA,NA,42,0,2,1646,1946,"Walk in the park","38QQLgks","Help defending thrift shoppe in Greyfair from the intruders",87,7,true
12,NONE,NA,EXPIRING,43,0,2,1733,2033,"Quite likely","HlndTYiE","Help defending plains in Olddale from the intruders",86,1,true
12,NONE,NA,NA,44,0,2,1819,2119,"Walk in the park","K8XLCHdG","Help defending meadow in Towergill from the intruders",95,6,true
12,NONE,NA,NA,45,0,2,1914,2214,"Walk in the park","WZ5q6Vdj","Help defending village in Redtown from the intruders",77,5,true
12,NONE,NA,NA,46,0,2,1991,2291,"Walk in the park","e35MHrEz","Help defending meadow in Frostpool from the intruders",87,4,false
12,NONE,NA,NA,48,0,2,1941,2291,"Quite likely","7k8JwZbP","Help defending savannah in Blackwell from the intruders",53,2,false
13,NONE,NA,NA,0,0,3,0,0,"Sure thing","W2X7kM4U","Help Philippe Timberlake to fix their bucket",7,7,true
13,NONE,NA,NA,1,0,3,7,7,"Sure thing","eDvrk6j5","Steal wagon delivery to Trijntje Millward and share some of the profits with the people.",54,6,true
13,NONE,NA,NA,2,0,3,61,61,"Piece of cake","Ce4mX3LH","Help Martinus Thorburn to clean their turnips",10,5,true
13,NONE,NA,NA,3,0,3,71,71,"Piece of cake","MkAoGqi9","Help Michal Fitzroy to transport a magic pan to plains in Redkeep",17,4,true
13,NONE,NA,NA,4,0,3,88,88,"Piece of cake","N7v8dhOs","Help Morgan Brandon to transport a magic wagon to peninsula in Orrinpool",15,3,true
13,NONE,NA,NA,5,0,3,103,103,"Sure thing","QfSnncAm","Steal bucket delivery to Lành Elliston and share some of the profits with the people.",67,7,true
13,NONE,NA,EXPIRING,6,0,3,170,170,"Suicide mission","3JH8ID3c","Help Janene Studwick to write their biographical novel about their difficulties with a deranged clothes",34,1,false
13,NONE,NA,FRESH,7,0,2,170,170,"Quite likely","PVBL06P0","Create an advertisement campaign for Kotone Scarlett to promote their cat based business",33,7,true
13,NONE,NA,FRESH,8,0,2,203,203,"Walk in the park","11sVcYzP","Help Fabricio Orange to sell an unordinary water on the local market",24,7,true
13,NONE,NA,EXPIRING,9,0,2,227,227,"Piece of cake","mGvt4uqZ","Help Eireen Neville to reach an agreement with Jannike Garnett on the matters of disputed sheep",4,1,true
13,NONE,NA,NA,10,0,2,231,231,"Piece of cake","AYgWkzvy","Escort Nahia Nathanson to plains in Sharpwhyte where they can meet with their long lost clothes",67,4,true
13,NONE,NA,NA,11,0,2,298,298,"Sure thing","URKcXVJ9","Steal chicken delivery to Tasha Tindall and share some of the profits with the people.",63,7,true
13,NONE,NA,EXPIRING,12,0,2,361,361,"Suicide mission","cqI179X9","Help Andronicus Strickland to write their biographical novel about their difficulties with a deranged squirrel",37,1,false
13,NONE,NA,NA,14,0,2,311,361,"Piece of cake","MyqrIbyV","Steal water delivery to Ilike Walters and share some of the profits with the people.",59,3,true
13,NONE,NA,NA,15,0,2,370,420,"Piece of cake","oZ6NXEUR","Help Bulat Studwick to sell an unordinary cat on the local market",20,1,true
13,NONE,NA,NA,16,0,2,390,440,"Walk in the park","ShZUHdyP","Create an advertisement campaign for Vasco Readdie to promote their pan based business",32,5,true
13,NONE,NA,EXPIRING,17,0,2,422,472,"Quite likely","gI0HWEhY","Escort Branimir Nathanson to plains in Loweheart where they can meet with their long lost sheep",75,1,true
13,NONE,NA,EXPIRING,18,0,2,497,547,"Rather detrimental","v9SHSmRm","Investigate Havryil Kynaston and find out their relation to the magic pan.",123,1,false
13,NONE,NA,NA,20,0,2,447,547,"Quite likely","wBEtamDO","Help Shelley Soames to write their biographical novel about their difficulties with a deranged pot",18,2,true
13,NONE,NA,FRESH,21,0,2,465,565,"Rather detrimental","ngeb7u21","Create an advertisement campaign for Gwythyr Farnham to promote their horse based business",26,4,true
13,NONE,NA,EXPIRING,22,0,2,491,591,"Quite likely","ySfjdDi4","Help Jerry L'hernault to write their biographical novel about their difficulties with a deranged chicken",38,1,false
13,NONE,NA,NA,24,0,2,441,591,"Piece of cake","1veVzYA2","Escort Yoram Belcher to savannah in Strongshore where they can meet with their long lost weed",70,4,true
13,NONE,NA,NA,25,0,2,511,661,"Piece of cake","CsnVswLk","Escort Heroidion Giffard to grassland in Doveloft where they can meet with their long lost weed",67,4,true
13,NONE,NA,NA,26,0,2,578,728,"Piece of cake","a6MijTJt","Escort Linette Trueman to savannah in Snowdeen where they can meet with their long lost potatoes",69,2,true
13,NONE,NA,NA,27,0,2,647,797,"Sure thing","hs2Rdz9H","Help defending steppe in Olddean from the intruders",107,7,true
13,NONE,NA,EXPIRING,28,0,2,754,904,"Walk in the park","vlSOY8h0","Escort Mor Winfield to field in Ridgespring where they can meet with their long lost potatoes",72,1,true
13,NONE,NA,EXPIRING,29,0,2,826,976,"Gamble","gRdZIkVv","Investigate Lupus Yohe and find out their relation to the magic clothes.",128,1,true
13,NONE,NA,EXPIRING,30,0,2,954,1104,"Gamble","NgjpNTYF","Infiltrate The Ruby Thorns and recover their secrets.",158,1,true
13,NONE,NA,FRESH,31,0,2,1112,1262,"Walk in the park","6uG68Vxd","Help defending thrift shoppe in Blacktown from the intruders",110,6,true
13,NONE,NA,FRESH,32,0,2,1222,1372,"Gamble","hkRAevwC","Help defending grassland in Ridgeloft from the intruders",92,3,true
13,NONE,NA,NA,33,0,2,1314,1464,"Piece of cake","5gaZ8PrW","Help defending peninsula in Snowham from the intruders",78,7,true
13,NONE,NA,FRESH,34,0,2,1392,1542,"Risky","SKKjC6HC","Help defending field in Highfire from the intruders",108,7,false
13,NONE,NA,EXPIRING,36,0,2,1342,1542,"Hmmm....","jQwAEa2s","Investigate Gathbiyya Banister and find out their relation to the magic potatoes.",147,1,true
13,NONE,NA,NA,37,0,2,1489,1689,"Sure thing","7jX32e7D","Help defending pasture in Southhill from the intruders",109,6,true
13,NONE,NA,NA,38,0,2,1598,1798,"Piece of cake","WNufHuIc","Help defending steppe in Razorpine from the intruders",96,6,true
13,NONE,NA,NA,39,0,2,1694,1894,"Piece of cake","aSiIVSBX","Help defending grassland in Strongville from the intruders",98,3,true
13,NONE,NA,NA,40,0,2,1792,1992,"Piece of cake","xBfIKe0p","Help defending pasture in Towerford from the intruders",87,2,true
13,NONE,NA,EXPIRING,41,0,2,1879,2079,"Quite likely","fMm8BrfH","Help defending pasture in Strongham from the intruders",108,1,true
13,NONE,NA,FRESH,42,0,2,1987,2187,"Rather detrimental","z0MgQOeS","Help defending peninsula in Bleakdale from the intruders",85,5,false
13,NONE,NA,FRESH,44,0,2,1937,2187,"Quite likely","Wp1UzvAF","Help defending plains in Blackgill from the intruders",77,6,true
13,NONE,NA,NA,45,0,2,2014,2264,"Walk in the park","CIOXuf77","Help defending steppe in Lowemere from the intruders",71,1,false
13,NONE,NA,NA,47,0,2,1964,2264,"Walk in the park","2oIvv5SJ","Help defending thicket in Highmountain from the intruders",84,6,true
13,NONE,NA,EXPIRING,48,0,2,2048,2348,"Risky","yAUJt77i","Help defending savannah in Greyfirth from the intruders",92,1,true
13,NONE,NA,FRESH,49,0,2,2140,2440,"Gamble","LnhArLPm","Help defending cave in Oldseed from the intruders",72,7,false
14,NONE,NA,NA,0,0,3,0,0,"Sure thing","PgUjbRSw","Help Miĉjo Reynell to reach an agreement with Osanna Clifton on the matters of disputed beer mug",13,7,true
14,NONE,NA,NA,1,0,3,13,13,"Piece of cake","SdASiy3V","Steal clothes delivery to Woodrow Watkins and share some of the profits with the people.",40,6,true
14,NONE,NA,NA,2,0,3,53,53,"Piece of cake","WgjJ2FIv","Help Frodo Sowards to transport a magic sheep to plains in Orrindale",16,5,true
14,NONE,NA,NA,3,0,3,69,69,"Piece of cake","YK5UJkS1","Help Gaultier Belmont to clean their bucket",1,7,true
14,NONE,NA,NA,4,0,3,70,70,"Piece of cake","f17m8hyX","Steal clothes delivery to Posie Stock and share some of the profits with the people.",34,7,true
14,NONE,NA,NA,5,0,3,104,104,"Piece of cake","NY9HyMmq","Steal squirrel delivery to Peninnah Pierson and share some of the profits with the people.",58,7,true
14,NONE,NA,EXPIRING,6,0,3,162,162,"Piece of cake","paHezBco","Create an advertisement campaign for Aria Savidge to promote their clothes based business",30,1,true
14,NONE,NA,FRESH,7,0,3,192,192,"Piece of cake","Jwjq24Xt","Steal horse delivery to Hua Whittemore and share some of the profits with the people.",41,7,true
14,NONE,NA,FRESH,8,0,3,233,233,"Piece of cake","ksHTSFQY","Help Abimbola Hlöðversdóttir to sell an unordinary potatoes on the local market",34,6,true
14,NONE,NA,NA,9,0,3,267,267,"Piece of cake","XqzdcdBW","Create an advertisement campaign for Stošija Rennoll to promote their chariot based business",37,7,true
14,NONE,NA,NA,10,0,3,304,304,"Walk in the park","NQPyqcpj","Create an advertisement campaign for Cionaodh Hibbert to promote their chicken based business",37,4,true
14,NONE,NA,NA,11,0,3,341,341,"Walk in the park","bPexTHR8","Help Silvanus Whinery to write their biographical novel about their difficulties with a deranged chicken",25,3,true
14,NONE,NA,EXPIRING,12,0,3,366,366,"Quite likely","IY3ssALM","Create an advertisement campaign for Caiside Sanderson to promote their potatoes based business",33,1,false
14,NONE,NA,EXPIRING,13,0,2,366,366,"Quite likely","UzPaDH7b","Create an advertisement campaign for Deena Travers to promote their weed based business",31,1,true
14,NONE,NA,EXPIRING,14,0,2,397,397,"Quite likely","cPmt081t","Help Tekla Ásmundsson to transport a magic chicken to thrift shoppe in Fernbane",16,1,false
14,NONE,NA,FRESH,16,0,2,347,397,"Quite likely","BdbuJI7M","Help Funda Traviss to write their biographical novel about their difficulties with a deranged bucket",32,5,true
14,NONE,NA,NA,17,0,2,379,429,"Piece of cake","HiJSOUAD","Steal chariot delivery to Loyd Hameldon and share some of the profits with the people.",57,5,true
14,NONE,NA,NA,18,0,2,436,486,"Piece of cake","zvHSvwfc","Steal water delivery to Puja Belanger and share some of the profits with the people.",37,7,true
14,NONE,NA,NA,19,0,2,473,523,"Sure thing","mJNUsM7Z","Steal potatoes delivery to Mandeep Dennell and share some of the profits with the people.",52,7,true
14,NONE,NA,FRESH,20,0,2,525,575,"Walk in the park","FFNGjp0M","Create an advertisement campaign for Even Carlyle to promote their horse based business",25,6,false
14,NONE,NA,NA,22,0,2,475,575,"Sure thing","yauOHg2U","Steal super awesome diamond turnips from Mariazinha Eymor",178,7,false
14,NONE,NA,NA,24,0,2,425,575,"Piece of cake","2CxGSCk6","Help defending village in Metalbury from the intruders",91,6,true
14,NONE,NA,NA,25,0,2,516,666,"Sure thing","kPochJZ4","Steal super awesome diamond water from Jinan Hepburn",174,7,false
14,NONE,NA,NA,27,0,2,466,666,"Piece of cake","Uh9xQGCW","Steal super awesome diamond clothes from Lata Bragadóttir",189,5,false
14,NONE,NA,NA,29,0,2,416,666,"Piece of cake","afH5fazO","Steal super awesome diamond potatoes from Klopas Wilkins",181,6,false
14,NONE,NA,NA,31,0,2,366,666,"Sure thing","SrHOIDiK","Steal super awesome diamond beer mug from Maj Brasher",167,6,false
14,NONE,NA,NA,33,0,2,316,666,"Sure thing","V7DXcQHb","Steal super awesome diamond chariot from Yarav'am Parsons",178,7,false
14,NONE,NA,NA,35,0,2,266,666,"Sure thing","qjAajsSp","Steal super awesome diamond horse from Román Crawford",169,7,false
14,NONE,NA,NA,37,0,2,216,666,"Piece of cake","5AWxAKpz","Steal super awesome diamond water from Chae-won Hogarth",125,7,false
14,NONE,NA,FRESH,39,0,2,166,666,"Piece of cake","TblBVpTW","Help defending thrift shoppe in Easthill from the intruders",89,4,true
14,NONE,NA,NA,40,0,2,255,755,"Sure thing","F5cxgwJW","Steal super awesome diamond wagon from Demokritos Pettigrew",139,6,false
14,NONE,NA,FRESH,42,0,2,205,755,"Piece of cake","MWWaSPqx","Help defending savannah in Masoncawl from the intruders",87,7,true
14,NONE,NA,NA,43,0,2,292,842,"Sure thing","5bVbt59j","Steal super awesome diamond sheep from Bozhidara Morison",171,5,false
14,NONE,NA,EXPIRING,45,0,2,242,842,"Playing with fire","efzGLIIc","Help defending steppe in Newport from the intruders",79,1,false
14,NONE,NA,NA,47,0,2,192,842,"Sure thing","s7nHMuZe","Steal super awesome diamond pan from Theodosia Bannerman",160,2,false
14,NONE,NA,EXPIRING,49,0,2,142,842,"Hmmm....","eI20Ez65","Help defending steppe in Orrinseed from the intruders",98,1,true
15,NONE,NA,NA,0,0,3,0,0,"Sure thing","U03LiB9i","Steal chariot delivery to Bronagh Giel and share some of the profits with the people.",58,7,true
15,NONE,NA,NA,1,0,3,58,58,"Piece of cake","CcEqQk2K","Help Zohar Fleming to clean their squirrel",1,6,true
15,NONE,NA,NA,2,0,3,59,59,"Piece of cake","GK91TvQq","Create an advertisement campaign for Loreto Merritt to promote their squirrel based business",24,5,true
15,NONE,NA,NA,3,0,3,83,83,"Piece of cake","GhsTYEiv","Help Joon-ho Granger to clean their dog",5,5,true
15,NONE,NA,NA,4,0,3,88,88,"Piece of cake","7SofOotQ","Help Selig Hallgrímsson to fix their dog",2,7,true
15,NONE,NA,NA,5,0,3,90,90,"Piece of cake","Xf57Hnso","Help Belinha Badcock to clean their squirrel",2,2,true
15,NONE,NA,EXPIRING,6,0,3,92,92,"Suicide mission","bMaMPUrk","Help Estienne Ellisson to write their biographical novel about their difficulties with a deranged chariot",31,1,false
15,NONE,NA,NA,7,0,2,92,92,"Piece of cake","5J0mf34y","Steal beer mug delivery to Edmé Orange and share some of the profits with the people.",48,7,true
15,NONE,NA,EXPIRING,8,0,2,140,140,"Hmmm....","f0nYfrrB","Help Pua Collins to write their biographical novel about their difficulties with a deranged turnips",41,1,true
15,NONE,NA,EXPIRING,9,0,2,181,181,"Walk in the park","v1rcDJ0a","Help Sevan Sigurðardóttir to transport a magic pan to field in Orrinmere",20,1,true
15,NONE,NA,NA,10,0,2,201,201,"Sure thing","XNmCSf08","Steal bucket delivery to Danièle Harrell and share some of the profits with the people.",52,7,true
15,NONE,NA,EXPIRING,11,0,2,253,253,"Piece of cake","c6j0jmTb","Create an advertisement campaign for Kerena Harrison to promote their chariot based business",32,1,true
15,NONE,NA,NA,12,0,2,285,285,"Sure thing","YLypzhuP","Help Spyro Gabriels to transport a magic squirrel to steppe in Highport",21,4,true
15,NONE,NA,FRESH,13,0,2,306,306,"Walk in the park","nRky49RV","Create an advertisement campaign for Emmeline Linwood to promote their sheep based business",26,7,true
15,NONE,NA,NA,14,0,2,332,332,"Sure thing","HpbSRbum","Steal chariot delivery to Merfyn Thorburn and share some of the profits with the people.",50,7,true
15,NONE,NA,NA,15,0,2,382,382,"Walk in the park","licB5QJ1","Escort Antonin Caulfield to peninsula in Penmire where they can meet with their long lost weed",70,6,true
15,NONE,NA,NA,16,0,2,452,452,"Quite likely","3DwPPmEA","Create an advertisement campaign for Genadi Hawkins to promote their chariot based business",18,5,true
15,NONE,NA,FRESH,17,0,2,470,470,"Gamble","Q1egpzdC","Create an advertisement campaign for Şebnem Bartram to promote their squirrel based business",41,3,false
15,NONE,NA,NA,19,0,2,420,470,"Piece of cake","1TEmfGEt","Steal weed delivery to Belshatzzar Garrard and share some of the profits with the people.",45,6,true
15,NONE,NA,FRESH,20,0,2,465,515,"Hmmm....","2hU9ctl2","Escort Intira Daniell to village in Southwell where they can meet with their long lost chariot",57,4,true
15,NONE,NA,EXPIRING,21,0,2,522,572,"Risky","fHoMvt8x","Help Mira Timberlake to write their biographical novel about their difficulties with a deranged dog",39,1,false
15,NONE,NA,NA,23,0,2,472,572,"Sure thing","SjXmTz9J","Steal super awesome diamond pan from Eunike Endicott",166,5,false
15,NONE,NA,NA,25,0,2,422,572,"Sure thing","UsrUC4iS","Steal super awesome diamond beer mug from Chris Forrest",165,7,false
15,NONE,NA,NA,27,0,2,372,572,"Sure thing","NGoNOCZr","Steal super awesome diamond weed from Gaston Haroldson",169,7,false
15,NONE,NA,EXPIRING,29,0,2,322,572,"Piece of cake","DwSiJGtl","Help defending thrift shoppe in Whiteport from the intruders",111,1,true
15,NONE,NA,EXPIRING,30,0,2,433,683,"Gamble","r6hQAdPb","Escort Hanne Freeman to village in Orrinford where they can meet with their long lost pot",63,1,true
15,NONE,NA,FRESH,31,0,2,496,746,"Sure thing","CZyNRykc","Steal super awesome diamond bucket from Doroteja Holmwood",185,7,false
15,NONE,NA,EXPIRING,33,0,2,446,746,"Piece of cake","HB58pNJ5","Steal super awesome diamond squirrel from Gualberto Giel",185,1,false
15,NONE,NA,EXPIRING,35,0,2,396,746,"Piece of cake","UYsiyfDj","Help defending pasture in Scalepine from the intruders",101,1,true
15,NONE,NA,FRESH,36,0,2,497,847,"Gamble","rOFoK3Kf","Help defending thrift shoppe in Fangburg from the intruders",86,7,true
15,NONE,NA,FRESH,37,0,2,583,933,"Piece of cake","Iq4Fg5qG","Steal super awesome diamond squirrel from Luksa Deadman",191,7,false
15,NONE,NA,FRESH,39,0,2,533,933,"Piece of cake","Tv3bD1Lf","Steal super awesome diamond water from Zrinka L'hernault",181,5,false
15,NONE,NA,EXPIRING,41,0,2,483,933,"Quite likely","EkabV4Nv","Help defending steppe in Blackgannon from the intruders",99,1,false
15,NONE,NA,EXPIRING,43,0,2,433,933,"Sure thing","U1fwtmhz","Steal super awesome diamond turnips from Harrietta Richardson",175,1,false
15,NONE,NA,NA,45,0,2,383,933,"Sure thing","86rVxiSL","Steal super awesome diamond potatoes from Gocha Lincoln",177,7,false
15,NONE,NA,EXPIRING,47,0,2,333,933,"Piece of cake","CvpEi7oF","Steal super awesome diamond pot from Niklaus Wortham",163,1,false
15,NONE,NA,FRESH,49,0,2,283,933,"Sure thing","A8hitQm2","Steal super awesome diamond bucket from Mirna Quincey",199,4,false
16,NONE,NA,NA,0,0,3,0,0,"Piece of cake","18AwqUiu","Steal water delivery to Boghos Kipling and share some of the profits with the people.",50,7,true
16,NONE,NA,NA,1,0,3,50,50,"Piece of cake","25sfa36k","Steal pan delivery to Maximino Abraham and share some of the profits with the people.",49,6,true
16,NONE,NA,NA,2,0,3,99,99,"Piece of cake","2ZZmxLBe","Help Kefilwe Daubney to fix their water",8,5,true
16,NONE,NA,NA,3,0,3,107,107,"Sure thing","vnU5hn89","Help Avdotya Johnson to transport a magic clothes to thrift shoppe in Loweshaw",8,7,true
16,NONE,NA,NA,4,0,3,115,115,"Piece of cake","4thbODmD","Steal pot delivery to Iedida Clinton and share some of the profits with the people.",63,3,true
16,NONE,NA,NA,5,0,3,178,178,"Piece of cake","8hSFnnjb","Help Mór ríoghain Chandler to reach an agreement with Octávia Marlowe on the matters of disputed pan",13,2,true
16,NONE,NA,EXPIRING,6,0,3,191,191,"Hmmm....","w8SVUIfk","Escort Berenike Sanford to village in Millerfirth where they can meet with their long lost beer mug",58,1,true
16,NONE,NA,EXPIRING,7,0,3,249,249,"Quite likely","Btr54mjS","Create an advertisement campaign for Dmitrii Roberts to promote their chariot based business",26,1,false
16,NONE,NA,FRESH,8,0,2,249,249,"Walk in the park","fyp9uWgL","Create an advertisement campaign for Mitică Ainsworth to promote their weed based business",26,6,true
16,NONE,NA,NA,9,0,2,275,275,"Piece of cake","gVeWvUj4","Help Wu Jernigan to transport a magic clothes to meadow in Bloodfirth",19,5,true
16,NONE,NA,FRESH,10,0,2,294,294,"Walk in the park","YIJBKEI4","Escort Ratomir Ódinsson to peninsula in Eastloft where they can meet with their long lost cat",58,3,true
16,NONE,NA,NA,11,0,2,352,352,"Piece of cake","8G0kxxJP","Help Kennard Everett to sell an unordinary dog on the local market",19,6,true
16,NONE,NA,NA,12,0,2,371,371,"Piece of cake","fjHaJx3s","Steal water delivery to Dagney Hadaway and share some of the profits with the people.",56,7,true
16,NONE,NA,FRESH,13,0,2,427,427,"Gamble","w3JftVIn","Create an advertisement campaign for Natali Blankenship to promote their chariot based business",34,3,true
16,NONE,NA,FRESH,14,0,2,461,461,"Quite likely","g3bTWfzf","Steal horse delivery to Dariusz Humphrey and share some of the profits with the people.",57,7,true
16,NONE,NA,NA,15,0,2,518,518,"Sure thing","PtEUPNMW","Help Kai Gilbert to sell an unordinary wagon on the local market",16,6,true
16,NONE,NA,NA,16,0,2,534,534,"Piece of cake","YRYL0qzb","Steal bucket delivery to Paraskeve Atwater and share some of the profits with the people.",61,6,false
16,NONE,NA,NA,18,0,2,484,534,"Sure thing","DS3yq8PE","Steal super awesome diamond dog from Octavius Clarkson",147,7,false
16,NONE,NA,EXPIRING,20,0,2,434,534,"Risky","OApdlakO","Help Gedalyahu Cropper to write their biographical novel about their difficulties with a deranged squirrel",33,1,false
16,NONE,NA,NA,22,0,2,384,534,"Walk in the park","JdABKPLT","Steal house delivery to Ea Westbrook and share some of the profits with the people.",62,4,true
16,NONE,NA,EXPIRING,23,0,2,446,596,"Hmmm....","IfhAqTda","Escort Denzel Josephson to village in Penshaw where they can meet with their long lost sheep",48,1,false
16,NONE,NA,NA,25,0,2,396,596,"Sure thing","6O11GL52","Steal super awesome diamond chariot from Casey Spalding",199,6,false
16,NONE,NA,EXPIRING,27,0,2,346,596,"Gamble","2b9LwAIW","Infiltrate The Grizzly Gorillas and recover their secrets.",127,1,false
16,NONE,NA,NA,29,0,2,296,596,"Sure thing","640bY31N","Steal super awesome diamond clothes from Peri̇ Jeffries",168,5,false
16,NONE,NA,NA,31,0,2,246,596,"Sure thing","HIctyhO6","Help defending village in Voidheart from the intruders",91,2,true
16,NONE,NA,NA,32,0,2,337,687,"Sure thing","DHvHxPLM","Steal super awesome diamond cat from Milly Eddudóttir",175,7,false
16,NONE,NA,FRESH,34,0,2,287,687,"Piece of cake","0trt4Xge","Help defending thrift shoppe in Newloft from the intruders",109,7,true
16,NONE,NA,NA,35,0,2,396,796,"Sure thing","SN93MDAk","Steal super awesome diamond chariot from Gert Freyjasson",154,3,false
16,NONE,NA,NA,37,0,2,346,796,"Sure thing","ECUnLZWj","Steal super awesome diamond pan from Émilie Georgeson",196,6,false
16,NONE,NA,FRESH,39,0,2,296,796,"Piece of cake","Gt5O7CYI","Steal super awesome diamond chicken from Marjo Michaels",178,6,false
16,NONE,NA,EXPIRING,41,0,2,246,796,"Piece of cake","KQiuhaa2","Steal super awesome diamond dog from Corneille Nielson",160,1,false
16,NONE,NA,NA,43,0,2,196,796,"Sure thing","OwdkIqCv","Steal super awesome diamond pot from Henriette Stanton",144,4,false
16,NONE,NA,NA,45,0,2,146,796,"Sure thing","uTdrjzOK","Steal super awesome diamond dog from Jelica Wilkins",180,5,false
16,NONE,NA,NA,47,0,2,96,796,"Sure thing","wPGmhKIO","Steal super awesome diamond sheep from Lecia Traylor",169,2,false
16,NONE,NA,FRESH,49,0,2,46,796,"Gamble","bcoXWMUm","Help defending forest in Ferntown from the intruders",90,5,true
17,NONE,NA,NA,0,0,3,0,0,"Sure thing","qGuggBZX","Help Raz Thatcher to fix their cat",9,7,true
17,NONE,NA,NA,1,0,3,9,9,"Piece of cake","2BI7uIgo","Help Erkki Thacker to reach an agreement with Cansu Richard on the matters of disputed clothes",18,6,true
17,NONE,NA,NA,2,0,3,27,27,"Piece of cake","O1wo3msT","Help Armelle Thwaite to clean their wagon",5,5,true
17,NONE,NA,NA,3,0,3,32,32,"Sure thing","qHo9OVwu","Steal wagon delivery to Filiberto Blakeslee and share some of the profits with the people.",48,7,true
17,NONE,NA,NA,4,0,3,80,80,"Piece of cake","8NA8qNlb","Help Aboubacar Courtney to fix their turnips",2,7,true
17,NONE,NA,NA,5,0,3,82,82,"Walk in the park","7DZqU2mu","Help Delilah Thwaite to fix their weed",8,2,true
17,NONE,NA,FRESH,6,0,3,90,90,"Walk in the park","OlSkrtEJ","Help Finnguala Travers to reach an agreement with Suellen Sampson on the matters of disputed horse",17,7,false
17,NONE,NA,NA,7,0,2,90,90,"Piece of cake","BVSpk8hs","Steal water delivery to Jarrod Seabrooke and share some of the profits with the people.",57,7,true
17,NONE,NA,FRESH,8,0,2,147,147,"Walk in the park","PQ1kfLox","Create an advertisement campaign for Rifka Beckham to promote their horse based business",26,6,true
17,NONE,NA,NA,9,0,2,173,173,"Sure thing","yC43zpxj","Help Đurđa Statham to reach an agreement with Didacus Hilmarsdóttir on the matters of disputed water",10,7,true
17,NONE,NA,NA,10,0,2,183,183,"Piece of cake","5hlKOU22","Help Salina Herbert to transport a magic beer mug to field in Millerhole",18,6,true
17,NONE,NA,FRESH,11,0,2,201,201,"Hmmm....","nMlcoUP8","Help Eleanore Stanley to sell an unordinary cat on the local market",17,3,true
17,NONE,NA,NA,12,0,2,218,218,"Walk in the park","nWkmt2t3","Escort Zenon Grenville to plains in Southhole where they can meet with their long lost beer mug",45,2,true
17,NONE,NA,EXPIRING,13,0,2,263,263,"Quite likely","NutXKbzH","Escort Cárthach Willoughby to thrift shoppe in Ridgeville where they can meet with their long lost weed",62,1,false
17,NONE,NA,NA,15,0,2,213,263,"Walk in the park","zcJsj0nl","Help Alkibiades Giffard to sell an unordinary dog on the local market",24,3,true
17,NONE,NA,NA,16,0,2,237,287,"Quite likely","YOu98RFo","Create an advertisement campaign for Lungile Winship to promote their bucket based business",26,3,true
17,NONE,NA,NA,17,0,2,263,313,"Piece of cake","imWByJJY","Escort Zanna Shackleford to grassland in Highmoore where they can meet with their long lost clothes",48,7,true
17,NONE,NA,EXPIRING,18,0,2,311,361,"Gamble","lQ18RjZ6","Escort Urbanus Shackleford to village in Newfire where they can meet with their long lost beer mug",63,1,true
17,NONE,NA,FRESH,19,0,2,374,424,"Playing with fire","WipTPchg","Help Boldizsár Sherman to write their biographical novel about their difficulties with a deranged weed",30,3,true
17,NONE,NA,FRESH,20,0,2,404,454,"Playing with fire","Y1ggWjNN","Escort Piloqutinnguaq Tollemache to meadow in Millerhole where they can meet with their long lost water",58,7,false
17,NONE,NA,EXPIRING,22,0,2,354,454,"Suicide mission","rx6TeMIW","Infiltrate The Toads and recover their secrets.",133,1,false
17,NONE,NA,FRESH,24,0,2,304,454,"Quite likely","bc374jZn","Escort Aspen Nathans to pasture in Voiddean where they can meet with their long lost turnips",65,6,false
17,NONE,NA,NA,26,0,2,254,454,"Piece of cake","d2I3doOu","Help defending pasture in Lightspring from the intruders",116,2,true
17,NONE,NA,NA,27,0,2,370,570,"Quite likely","jcYfem6D","Escort Huey Atteberry to thrift shoppe in Ridgewell where they can meet with their long lost clothes",58,2,true
17,NONE,NA,EXPIRING,28,0,2,428,628,"Rather detrimental","zr1eYgoc","Infiltrate The Grizzly Boar Brotherhood and recover their secrets.",141,1,false
17,NONE,NA,NA,30,0,2,378,628,"Quite likely","vIDW33wP","Help defending savannah in Blackshore from the intruders",90,2,true
17,NONE,NA,EXPIRING,31,0,2,468,718,"Suicide mission","XaYkIEfB","Infiltrate The Ivory Elephants and recover their secrets.",136,1,false
17,NONE,NA,EXPIRING,33,0,2,418,718,"Suicide mission","5jK9JO4p","Investigate Isbrand Addison and find out their relation to the magic squirrel.",155,1,false
17,NONE,NA,NA,35,0,2,368,718,"Piece of cake","2q7o4BKm","Help defending field in Fallkeep from the intruders",76,6,true
17,NONE,NA,NA,36,0,2,444,794,"Sure thing","ycRabzLL","Help defending thrift shoppe in Whitemoore from the intruders",77,7,true
17,NONE,NA,NA,37,0,2,521,871,"Piece of cake","CF8AViAA","Help defending village in Southbane from the intruders",99,6,true
17,NONE,NA,NA,38,0,2,620,970,"Piece of cake","EeViEmBC","Help defending pasture in Burnsshore from the intruders",86,4,true
17,NONE,NA,NA,39,0,2,706,1056,"Piece of cake","pRQ8lMrI","Help defending pasture in Fernfair from the intruders",99,5,true
17,NONE,NA,NA,40,0,2,805,1155,"Piece of cake","ufc5BiPL","Help defending savannah in Lightcrest from the intruders",96,2,true
17,NONE,NA,NA,41,0,2,901,1251,"Walk in the park","AhvbJ5GW","Help defending plains in Voidpeak from the intruders",91,2,true
17,NONE,NA,EXPIRING,42,0,2,992,1342,"Playing with fire","HUPvyhC6","Help defending savannah in Bleakwatch from the intruders",107,1,true
17,NONE,NA,EXPIRING,43,0,2,1099,1449,"Walk in the park","Lq636DpB","Help defending field in Everhill from the intruders",87,1,true
17,NONE,NA,FRESH,44,0,2,1186,1536,"Rather detrimental","P68C0KY7","Help defending forest in Bleakwell from the intruders",67,7,false
17,NONE,NA,NA,46,0,2,1136,1536,"Walk in the park","37um384V","Help defending thrift shoppe in Voidseed from the intruders",91,3,true
17,NONE,NA,FRESH,47,0,2,1227,1627,"Hmmm....","lKhleM0r","Help defending church in Thorncrest from the intruders",77,7,false
17,NONE,NA,FRESH,49,0,2,1177,1627,"Hmmm....","SnWzf01I","Help defending foggy riverside in Ridgescale from the intruders",75,3,true
18,NONE,NA,NA,0,0,3,0,0,"Sure thing","JIeGMFga","Help Ottokar Breckenridge to reach an agreement with Ji-yeong Proudfoot on the matters of disputed chariot",12,7,true
18,NONE,NA,NA,1,0,3,12,12,"Piece of cake","B9uCi4Sa","Help Hann Allaire to transport a magic sheep to thrift shoppe in Bleakfair",17,6,true
18,NONE,NA,NA,2,0,3,29,29,"Piece of cake","IrJmA8q0","Help Tsila Odson to write their biographical novel about their difficulties with a deranged horse",46,5,true
18,NONE,NA,NA,3,0,3,75,75,"Piece of cake","JvISAAcQ","Help Celso Everett to fix their chicken",4,4,true
18,NONE,NA,NA,4,0,3,79,79,"Sure thing","K5jZgMFW","Help Gertrud Brandon to clean their water",7,7,true
18,NONE,NA,NA,5,0,3,86,86,"Piece of cake","VEOo4NJF","Help Tino Simmons to fix their water",9,2,true
18,NONE,NA,EXPIRING,6,0,3,95,95,"Playing with fire","V9cMS70a","Help Snežana Shepherd to write their biographical novel about their difficulties with a deranged chariot",40,1,false
18,NONE,NA,FRESH,7,0,2,95,95,"Hmmm....","Lvh5KzmB","Create an advertisement campaign for Murtada Chancellor to promote their horse based business",20,7,false
18,NONE,NA,NA,9,0,2,45,95,"Sure thing","iU1aub52","Help Cherie Addison to sell an unordinary potatoes on the local market",21,5,true
18,NONE,NA,NA,10,0,2,66,116,"Piece of cake","H2OhzdIM","Help Marthe English to reach an agreement with Terrence Sanders on the matters of disputed water",16,4,true
18,NONE,NA,NA,11,0,2,82,132,"Piece of cake","Ke1VpiGL","Steal turnips delivery to Josefiina Hancock and share some of the profits with the people.",52,5,true
18,NONE,NA,FRESH,12,0,2,134,184,"Piece of cake","kyZNfFh5","Help Dorotea Jeffery to write their biographical novel about their difficulties with a deranged clothes",46,7,true
18,NONE,NA,FRESH,13,0,2,180,230,"Piece of cake","vKtNftRK","Steal horse delivery to Mahavir Hudnall and share some of the profits with the people.",47,4,true
18,NONE,NA,NA,14,0,2,227,277,"Sure thing","uaVwNWMt","Steal dog delivery to Eos Longstaff and share some of the profits with the people.",51,6,true
18,NONE,NA,NA,15,0,2,278,328,"Piece of cake","bL9rLqjE","Create an advertisement campaign for Awotwi Michael to promote their clothes based business",40,7,true
18,NONE,NA,FRESH,16,0,2,318,368,"Walk in the park","UiA7K9ao","Help Kiley Brassington to sell an unordinary potatoes on the local market",25,5,true
18,NONE,NA,EXPIRING,17,0,2,343,393,"Quite likely","Ie39i3Qm","Create an advertisement campaign for Fritz Allaire to promote their potatoes based business",23,1,true
18,NONE,NA,EXPIRING,18,0,2,366,416,"Quite likely","NPXPNkRt","Help Reg Bannister to sell an unordinary squirrel on the local market",27,1,false
18,NONE,NA,FRESH,20,0,2,316,416,"Gamble","mxr0vsib","Create an advertisement campaign for Iris Freyjasson to promote their squirrel based business",26,3,true
18,NONE,NA,FRESH,21,0,2,342,442,"Risky","yWHe0Dds","Help defending thrift shoppe in Bloodham from the intruders",107,7,false
18,NONE,NA,FRESH,23,0,2,292,442,"Quite likely","TrJvzEzI","Steal sheep delivery to Tevye Tirrell and share some of the profits with the people.",46,3,true
18,NONE,NA,EXPIRING,24,0,2,338,488,"Walk in the park","vM7FRmyj","Investigate Qusay Sessions and find out their relation to the magic turnips.",148,1,true
18,NONE,NA,NA,25,0,2,486,636,"Sure thing","nuuzUkxm","Help defending pasture in Ravenmoore from the intruders",110,4,true
18,NONE,NA,NA,26,0,2,596,746,"Walk in the park","A86R7lyb","Escort Lakisha Matthews to savannah in Bleakdinny where they can meet with their long lost bucket",42,4,true
18,NONE,NA,NA,27,0,2,638,788,"Quite likely","FkASqdcO","Escort Donnie Studwick to thrift shoppe in Everbane where they can meet with their long lost bucket",61,4,true
18,NONE,NA,NA,28,0,2,699,849,"Quite likely","iEJDFRUI","Escort Ewen Breckinridge to pasture in Westchester where they can meet with their long lost chariot",45,3,true
18,NONE,NA,NA,29,0,2,744,894,"Quite likely","kQq6iCPf","Help defending village in Razorwell from the intruders",102,2,true
18,NONE,NA,NA,30,0,2,846,996,"Piece of cake","PQmUYjho","Help defending savannah in Dornhole from the intruders",96,7,true
18,NONE,NA,NA,31,0,2,942,1092,"Piece of cake","h3aU5j4u","Help defending meadow in Northseed from the intruders",100,7,true
18,NONE,NA,NA,32,0,2,1042,1192,"Piece of cake","unqZSJ5D","Help defending peninsula in Masonford from the intruders",112,6,true
18,NONE,NA,NA,33,0,2,1154,1304,"Piece of cake","LJdXWDIg","Help defending grassland in Newdale from the intruders",95,7,true
18,NONE,NA,NA,34,0,2,1249,1399,"Walk in the park","6mswzcr3","Help defending village in Snowhill from the intruders",105,3,true
18,NONE,NA,NA,35,0,2,1354,1504,"Piece of cake","amAbUj5w","Help defending thrift shoppe in Dornport from the intruders",97,7,true
18,NONE,NA,FRESH,36,0,2,1451,1601,"Walk in the park","gCouYxyb","Help defending peninsula in Strongpeak from the intruders",72,6,true
18,NONE,NA,FRESH,37,0,2,1523,1673,"Quite likely","9ZDIC9wQ","Help defending village in Pendean from the intruders",80,5,true
18,NONE,NA,NA,38,0,2,1603,1753,"Piece of cake","uNCqsYle","Help defending grassland in Whiteburg from the intruders",84,4,true
18,NONE,NA,FRESH,39,0,2,1687,1837,"Quite likely","hXtvO4nT","Help defending savannah in Burnsdale from the intruders",87,7,true
18,NONE,NA,NA,40,0,2,1774,1924,"Piece of cake","wUSneq8d","Help defending village in Scaledrone from the intruders",90,5,true
18,NONE,NA,NA,41,0,2,1864,2014,"Quite likely","eDBHeCNu","Help defending grassland in Snowburg from the intruders",75,6,true
18,NONE,NA,EXPIRING,42,0,2,1939,2089,"Hmmm....","8vV3OfMP","Help defending field in Lightmountain from the intruders",101,1,false
18,NONE,NA,FRESH,44,0,2,1889,2089,"Hmmm....","IZoBJxIR","Help defending plains in Southheart from the intruders",103,6,false
18,NONE,NA,NA,46,0,2,1839,2089,"Walk in the park","UuHjl4RS","Help defending field in Thornfire from the intruders",71,3,true
18,NONE,NA,EXPIRING,47,0,2,1910,2160,"Gamble","K3oxnkCd","Help defending plains in Fangdeen from the intruders",98,1,false
18,NONE,NA,NA,49,0,2,1860,2160,"Walk in the park","vgh528yB","Help defending hill in Burnsmountain from the intruders",79,3,true
19,NONE,NA,NA,0,0,3,0,0,"Sure thing","4v28P9Mh","Steal weed delivery to Sofie Wickham and share some of the profits with the people.",57,7,true
19,NONE,NA,NA,1,0,3,57,57,"Sure thing","aESjkjYZ","Steal water delivery to Justína Bamborough and share some of the profits with the people.",52,6,true
19,NONE,NA,NA,2,0,3,109,109,"Sure thing","j7k90Ul7","Help Nelson Poindexter to clean their chicken",10,6,true
19,NONE,NA,NA,3,0,3,119,119,"Piece of cake","Arpdy16h","Help Yasin Kinsley to fix their bucket",5,4,true
19,NONE,NA,NA,4,0,3,124,124,"Piece of cake","LD4XpkUU","Help Etelvina Caulfield to sell an unordinary horse on the local market",10,3,true
19,NONE,NA,NA,5,0,3,134,134,"Piece of cake","eLSNNffx","Help Väinö Gilbert to sell an unordinary weed on the local market",23,6,true
19,NONE,NA,EXPIRING,6,0,3,157,157,"Quite likely","Hta9KRLC","Help Euadne Rennell to write their biographical novel about their difficulties with a deranged water",39,1,true
19,NONE,NA,NA,7,0,3,196,196,"Piece of cake","fBvx05NV","Help Jalo Lavely to sell an unordinary water on the local market",26,7,true
19,NONE,NA,NA,8,0,3,222,222,"Piece of cake","hGXIbg7H","Help Si̇mge Plonta to transport a magic weed to pasture in Bloodmoore",15,6,true
19,NONE,NA,EXPIRING,9,0,3,237,237,"Quite likely","9NZYNoUC","Help Madalitso Radclyffe to write their biographical novel about their difficulties with a deranged sheep",37,1,true
19,NONE,NA,NA,10,0,3,274,274,"Piece of cake","gs61G77Q","Help Anatolijs Nielson to transport a magic clothes to field in Frostfire",23,6,true
19,NONE,NA,FRESH,11,0,3,297,297,"Walk in the park","gmDdkHqy","Escort Diya Beckham to grassland in Fangpool where they can meet with their long lost wagon",70,3,true
19,NONE,NA,FRESH,12,0,3,367,367,"Risky","18Y0bzA5","Help Hypatos Strickland to write their biographical novel about their difficulties with a deranged bucket",39,7,true
19,NONE,NA,NA,13,0,3,406,406,"Piece of cake","jwjx6x7M","Escort Zorica Jarrett to pasture in Burnsdinny where they can meet with their long lost pan",65,3,true
19,NONE,NA,FRESH,14,0,3,471,471,"Quite likely","7Tur9Clc","Help Mirosław Turnbull to write their biographical novel about their difficulties with a deranged turnips",47,7,false
19,NONE,NA,NA,15,0,2,471,471,"Sure thing","WVqNcnBN","Steal turnips delivery to Maryann Millard and share some of the profits with the people.",58,6,true
19,NONE,NA,NA,16,0,2,529,529,"Walk in the park","P2YbESet","Help Salima Sackville to sell an unordinary turnips on the local market",15,3,false
19,NONE,NA,NA,18,0,2,479,529,"Piece of cake","BW0c1i9G","Escort Verica Jacobson to grassland in Razortown where they can meet with their long lost cat",44,6,true
19,NONE,NA,FRESH,19,0,2,523,573,"Risky","G7yI8uIi","Create an advertisement campaign for Ioana Lindsay to promote their squirrel based business",36,5,false
19,NONE,NA,NA,21,0,2,473,573,"Piece of cake","0K6cXhmt","Escort Paraskeve Patrickson to plains in Scalegill where they can meet with their long lost dog",76,6,true
19,NONE,NA,FRESH,22,0,2,549,649,"Rather detrimental","lNe42TfJ","Escort Jahel Kjartansson to grassland in Westcaster where they can meet with their long lost water",63,6,true
19,NONE,NA,NA,23,0,2,612,712,"Piece of cake","8QQeQZBA","Help defending peninsula in Darkdrone from the intruders",109,7,true
19,NONE,NA,FRESH,24,0,2,721,821,"Suicide mission","T2xebiCx","Investigate Lukács Dickens and find out their relation to the magic potatoes.",157,3,false
19,NONE,NA,NA,26,0,2,671,821,"Piece of cake","Gs5SBsR7","Help defending steppe in Orrinscale from the intruders",92,2,true
19,NONE,NA,NA,27,0,2,763,913,"Walk in the park","8z64JKsW","Escort Mireille Benjaminson to peninsula in Thorndale where they can meet with their long lost water",74,2,false
19,NONE,NA,NA,29,0,2,713,913,"Quite likely","Iaihyqu1","Help defending thrift shoppe in Thorndean from the intruders",113,4,false
19,NONE,NA,EXPIRING,31,0,2,663,913,"Risky","uc3AU2XK","Investigate Cooper Wyndham and find out their relation to the magic bucket.",136,1,false
19,NONE,NA,EXPIRING,33,0,2,613,913,"Gamble","bkTrc6Ca","Investigate Bulan Forrest and find out their relation to the magic pan.",108,1,true
19,NONE,NA,EXPIRING,34,0,2,721,1021,"Rather detrimental","eWuE0SCf","Investigate Callias Daniels and find out their relation to the magic bucket.",130,1,true
19,NONE,NA,EXPIRING,35,0,2,851,1151,"Rather detrimental","FTkQIlCb","Infiltrate The Fire Wolves and recover their secrets.",135,1,false
19,NONE,NA,NA,37,0,2,801,1151,"Piece of cake","nMkf50fo","Help defending savannah in Southpine from the intruders",82,4,true
19,NONE,NA,NA,38,0,2,883,1233,"Walk in the park","8aMr4aYh","Help defending pasture in Voidsheen from the intruders",109,5,true
19,NONE,NA,EXPIRING,39,0,2,992,1342,"Gamble","gAM1VYim","Help defending steppe in Snowdrone from the intruders",98,1,true
19,NONE,NA,FRESH,40,0,2,1090,1440,"Rather detrimental","8kXyUTAD","Help defending savannah in Newbane from the intruders",82,7,false
19,NONE,NA,EXPIRING,42,0,2,1040,1440,"Hmmm....","HCjbJNQR","Help defending peninsula in Frostpeak from the intruders",70,1,true
19,NONE,NA,FRESH,43,0,2,1110,1510,"Hmmm....","Zq54ibeb","Help defending savannah in Metalport from the intruders",68,6,false
19,NONE,NA,FRESH,45,0,2,1060,1510,"Risky","UFz6Ynot","Help defending foggy riverside in Newford from the intruders",96,7,false
19,NONE,NA,EXPIRING,47,0,2,1010,1510,"Risky","h6u0XjJ7","Help defending pasture in Voidgill from the intruders",98,1,true
19,NONE,NA,NA,48,0,2,1108,1608,"Walk in the park","oyF6gCDQ","Help defending thrift shoppe in Fallkeep from the intruders",92,2,true
19,NONE,NA,NA,49,0,2,1200,1700,"Gamble","EzpUaZ0W","Help defending rocky plains in Dovepeak from the intruders",66,2,false
20,NONE,NA,NA,0,0,3,0,0,"Piece of cake","3tB9n69O","Help Nyssa Spencer to fix their cat",6,7,true
20,NONE,NA,NA,1,0,3,6,6,"Piece of cake","8S4M0TpW","Help Gabriela Danniel to reach an agreement with Qadir Wembley on the matters of disputed dog",8,6,true
20,NONE,NA,NA,2,0,3,14,14,"Piece of cake","6gTvhxCF","Help Anakoni Henryson to fix their pot",4,7,true
20,NONE,NA,NA,3,0,3,18,18,"Piece of cake","gVZN41Ko","Help Martita Edduson to clean their water",10,4,true
20,NONE,NA,NA,4,0,3,28,28,"Walk in the park","NeWMKT2D","Help Olimpia Francis to reach an agreement with Johnie Longstaff on the matters of disputed potatoes",4,3,true
20,NONE,NA,NA,5,0,3,32,32,"Walk in the park","XSvcm2c4","Help Jaumet Babcock to fix their house",10,2,true
20,NONE,NA,EXPIRING,6,0,3,42,42,"Gamble","X7ECR199","Help Doireann Henderson to write their biographical novel about their difficulties with a deranged clothes",23,1,false
20,NONE,NA,EXPIRING,7,0,2,42,42,"Quite likely","NTjNw5Gp","Escort Lesly Þórhallsson to steppe in Scalewater where they can meet with their long lost bucket",61,1,false
20,NONE,NA,NA,8,0,1,42,42,"Piece of cake","kIkoiPPe","Help Bracha Caldwell to transport a magic turnips to field in Southgill",20,6,true
20,NONE,NA,EXPIRING,10,0,2,12,62,"Quite likely","mud49hA9","Help Pax Isaacson to transport a magic dog to thrift shoppe in Westtown",17,1,false
20,NONE,NA,FRESH,11,0,1,12,62,"Gamble","7JU4HCOZ","Escort Launo Hollins to steppe in Highwater where they can meet with their long lost pot",75,7,true
20,NONE,NA,FRESH,13,0,2,37,137,"Piece of cake","uQEJpZfe","Help Skylar Sargent to sell an unordinary cat on the local market",8,7,true
20,NONE,NA,EXPIRING,14,0,2,45,145,"Walk in the park","hJdpBsmx","Help Argyros Rowland to transport a magic chicken to field in Frostford",19,1,false
20,NONE,NA,EXPIRING,15,0,1,45,145,"Quite likely","htTK71ff","Help Aliz Steinauer to write their biographical novel about their difficulties with a deranged cat",35,1,true
20,NONE,NA,NA,17,0,2,30,180,"Sure thing","EjLhNfzn","Create an advertisement campaign for Maram Osborne to promote their water based business",23,4,true
20,NONE,NA,FRESH,18,0,2,53,203,"Sure thing","z9NjiQ5a","Create an advertisement campaign for Donát Orange to promote their dog based business",33,3,true
20,NONE,NA,NA,19,0,2,86,236,"Piece of cake","415kSyrH","Steal sheep delivery to Zhannochka Stephenson and share some of the profits with the people.",59,7,true
20,NONE,NA,FRESH,20,0,2,145,295,"Risky","CpALldk6","Help Kaui Alfredson to write their biographical novel about their difficulties with a deranged pot",39,6,true
20,NONE,NA,FRESH,21,0,2,184,334,"Walk in the park","m87Xiyv1","Create an advertisement campaign for Maybelline Stafford to promote their bucket based business",26,4,false
20,NONE,NA,FRESH,23,0,2,134,334,"Hmmm....","8iJhmf5y","Escort Everette Blackman to peninsula in Fallfire where they can meet with their long lost clothes",67,4,true
20,NONE,NA,FRESH,24,0,2,201,401,"Suicide mission","6bsvUuvO","Investigate Dae-jung Kinsley and find out their relation to the magic water.",176,3,false
20,NONE,NA,EXPIRING,26,0,2,151,401,"Playing with fire","pF4pi5Cm","Infiltrate The Azure Ghosts and recover their secrets.",174,1,true
20,NONE,NA,NA,27,0,2,325,575,"Sure thing","DgDyYqn6","Help defending savannah in Fernmire from the intruders",106,3,true
20,NONE,NA,FRESH,28,0,2,431,681,"Playing with fire","0TyuYcNk","Help defending thrift shoppe in Westdale from the intruders",112,6,false
20,NONE,NA,EXPIRING,30,0,2,381,681,"Piece of cake","qNJz9W3O","Help defending peninsula in Lighthole from the intruders",115,1,true
20,NONE,NA,FRESH,31,0,2,496,796,"Walk in the park","EBZjS3Ss","Help defending plains in Greyville from the intruders",91,7,true
20,NONE,NA,NA,32,0,2,587,887,"Piece of cake","0IPkPgMl","Help defending plains in Dovemoore from the intruders",101,4,true
20,NONE,NA,FRESH,33,0,2,688,988,"Rather detrimental","iRidkpPh","Help defending meadow in Snowdean from the intruders",96,5,false
20,NONE,NA,NA,35,0,2,638,988,"Piece of cake","Qs1OaMMD","Help defending meadow in Towerfirth from the intruders",104,3,true
20,NONE,NA,EXPIRING,36,0,2,742,1092,"Hmmm....","Qf59R0c0","Investigate Alikhan Attwood and find out their relation to the magic clothes.",153,1,true
20,NONE,NA,NA,37,0,2,895,1245,"Piece of cake","eKR922Dn","Help defending savannah in Oldspring from the intruders",87,2,true
20,NONE,NA,FRESH,38,0,2,982,1332,"Walk in the park","yCil1TXc","Help defending meadow in Dornpine from the intruders",82,7,true
20,NONE,NA,NA,39,0,2,1064,1414,"Piece of cake","3XQKAFvU","Help defending field in Darkdale from the intruders",101,7,true
20,NONE,NA,NA,40,0,2,1165,1515,"Quite likely","mMBq7VQj","Help defending savannah in Stronghill from the intruders",85,4,false
20,NONE,NA,NA,42,0,2,1115,1515,"Quite likely","uT5OtrT9","Help defending field in Sharpseed from the intruders",82,5,true
20,NONE,NA,EXPIRING,43,0,2,1197,1597,"Risky","VtRTlZuG","Help defending savannah in Snowdean from the intruders",102,1,false
20,NONE,NA,FRESH,45,0,2,1147,1597,"Risky","zFaH8VBB","Help defending steppe in Fangdrone from the intruders",88,3,true
20,NONE,NA,NA,46,0,2,1235,1685,"Hmmm....","8gl3z9We","Help defending woodland in Penloft from the intruders",72,7,false
20,NONE,NA,NA,48,0,2,1185,1685,"Hmmm....","79Rf9fkF","Help defending hill in Southport from the intruders",93,6,false
21,NONE,NA,NA,0,0,3,0,0,"Piece of cake","9OrHT7bs","Help Lubbert Winship to transport a magic cat to meadow in Evermere",13,7,true
21,NONE,NA,NA,1,0,3,13,13,"Sure thing","AkKV67MU","Escort Shu Thacker to steppe in Northpine where they can meet with their long lost sheep",61,7,true
21,NONE,NA,NA,2,0,3,74,74,"Piece of cake","BKtHNmNp","Help Rosette Delaney to clean their potatoes",10,5,true
21,NONE,NA,NA,3,0,3,84,84,"Piece of cake","HwW8WlX3","Help Jozefina Garrett to transport a magic clothes to pasture in Penfire",12,4,true
21,NONE,NA,NA,4,0,3,96,96,"Piece of cake","KExS8xPB","Help Trystan D'airelle to write their biographical novel about their difficulties with a deranged chariot",24,3,true
21,NONE,NA,NA,5,0,3,120,120,"Piece of cake","C4SCNPY2","Help Lėja Rennell to transport a magic bucket to peninsula in Darkcaster",20,7,true
21,NONE,NA,EXPIRING,6,0,3,140,140,"Gamble","qlcz56h3","Help Swanhild Daniell to sell an unordinary cat on the local market",27,1,false
21,NONE,NA,NA,7,0,2,140,140,"Sure thing","mKmsuLUG","Help Sebastjan Rowntree to transport a magic bucket to meadow in Northchester",16,7,true
21,NONE,NA,EXPIRING,8,0,2,156,156,"Gamble","iTKqZTkm","Help Mami Hambledon to transport a magic weed to thrift shoppe in Razorhill",9,1,true
21,NONE,NA,NA,9,0,2,165,165,"Piece of cake","6sLAIbc7","Help Linzi Derricks to sell an unordinary horse on the local market",26,4,true
21,NONE,NA,EXPIRING,10,0,2,191,191,"Rather detrimental","AOyE6uXe","Help Rasim Bullock to reach an agreement with Kanti Brownlow on the matters of disputed turnips",11,1,true
21,NONE,NA,NA,11,0,2,202,202,"Piece of cake","RHDOts4y","Escort Vladimirs Kipling to meadow in Thornford where they can meet with their long lost chariot",88,5,true
21,NONE,NA,NA,12,0,2,290,290,"Piece of cake","Jk3WuC7C","Create an advertisement campaign for Jayce Atkinson to promote their sheep based business",46,7,true
21,NONE,NA,EXPIRING,13,0,2,336,336,"Gamble","XNcabOec","Help Zubin Harrelson to transport a magic dog to grassland in Strongfair",18,1,true
21,NONE,NA,EXPIRING,14,0,2,354,354,"Piece of cake","tEp8LLfY","Help Yakim Langdon to reach an agreement with Maryia Sanford on the matters of disputed bucket",14,1,true
21,NONE,NA,NA,15,0,2,368,368,"Piece of cake","vmOGTJik","Help Eun Griffin to write their biographical novel about their difficulties with a deranged potatoes",39,6,true
21,NONE,NA,FRESH,16,0,2,407,407,"Hmmm....","E7J0mVir","Help Haruko Jeffries to sell an unordinary turnips on the local market",25,5,true
21,NONE,NA,FRESH,17,0,2,432,432,"Playing with fire","V2byKadK","Create an advertisement campaign for Yentl Hambledon to promote their chicken based business",31,4,true
21,NONE,NA,FRESH,18,0,2,463,463,"Gamble","jWeAUvau","Escort Yudel Lauderman to field in Dovepool where they can meet with their long lost house",61,7,true
21,NONE,NA,NA,19,0,2,524,524,"Piece of cake","iCKufzwn","Steal clothes delivery to Hayim Watkins and share some of the profits with the people.",55,7,true
21,NONE,NA,FRESH,20,0,2,579,579,"Walk in the park","atGfUOum","Steal weed delivery to Faiga Ace and share some of the profits with the people.",68,6,true
21,NONE,NA,EXPIRING,21,0,2,647,647,"Risky","Vkw2aDVk","Escort Cipriano Stafford to steppe in Northwater where they can meet with their long lost bucket",67,1,false
21,NONE,NA,FRESH,23,0,2,597,647,"Risky","vsLROOwa","Escort Dovydas Hathaway to field in Southshaw where they can meet with their long lost potatoes",54,4,true
21,NONE,NA,FRESH,24,0,2,651,701,"Gamble","7e3QMszl","Escort Nir Stafford to pasture in Ravenmire where they can meet with their long lost potatoes",58,6,true
21,NONE,NA,NA,25,0,2,709,759,"Piece of cake","FtL8lVPk","Help defending savannah in Frostheart from the intruders",113,6,true
21,NONE,NA,EXPIRING,26,0,2,822,872,"Hmmm....","w4Ffpb6Z","Escort Ty Linwood to village in Stronggill where they can meet with their long lost sheep",54,1,false
21,NONE,NA,NA,28,0,2,772,872,"Piece of cake","45t0zgXQ","Help defending savannah in Sharpdrone from the intruders",106,5,true
21,NONE,NA,EXPIRING,29,0,2,878,978,"Rather detrimental","TinCv8JF","Investigate Haylie Reynell and find out their relation to the magic wagon.",121,1,true
21,NONE,NA,NA,30,0,2,999,1099,"Piece of cake","RqSrARbG","Help defending village in Bloodtown from the intruders",87,3,true
21,NONE,NA,NA,31,0,2,1086,1186,"Piece of cake","zASPv0DE","Help defending pasture in Newdeen from the intruders",94,7,true
21,NONE,NA,NA,32,0,2,1180,1280,"Walk in the park","hPbE2rOW","Help defending grassland in Westfirth from the intruders",112,5,true
21,NONE,NA,FRESH,33,0,2,1292,1392,"Suicide mission","dRqGsdiO","Investigate Sandra Mathews and find out their relation to the magic turnips.",161,3,true
21,NONE,NA,EXPIRING,34,0,2,1453,1553,"Playing with fire","cgQABFWK","Investigate Kirstine Gabrielson and find out their relation to the magic squirrel.",139,1,false
21,NONE,NA,EXPIRING,36,0,2,1403,1553,"Quite likely","DpCiQLXp","Help defending village in Stronggannon from the intruders",89,1,true
21,NONE,NA,NA,37,0,2,1492,1642,"Sure thing","KiNkoMET","Help defending savannah in Strongmire from the intruders",87,5,true
21,NONE,NA,FRESH,38,0,2,1579,1729,"Rather detrimental","sOkcVjZA","Help defending savannah in Bleakgarden from the intruders",95,6,true
21,NONE,NA,NA,39,0,2,1674,1824,"Piece of cake","YKqlD9zc","Help defending steppe in Darkmere from the intruders",96,7,true
21,NONE,NA,EXPIRING,40,0,2,1770,1920,"Rather detrimental","9MwASUXS","Help defending peninsula in Metalham from the intruders",87,1,true
21,NONE,NA,EXPIRING,41,0,2,1857,2007,"Quite likely","TPYe9hIf","Help defending steppe in Loweton from the intruders",95,1,true
21,NONE,NA,NA,42,0,2,1952,2102,"Piece of cake","2OOwNWRK","Help defending peninsula in Razorchester from the intruders",76,7,true
21,NONE,NA,EXPIRING,43,0,2,2028,2178,"Walk in the park","if6tkk7m","Help defending grassland in Orrinspring from the intruders",68,1,true
21,NONE,NA,FRESH,44,0,2,2096,2246,"Risky","uDr3PmKV","Help defending plains in Fangdean from the intruders",83,3,true
21,NONE,NA,EXPIRING,45,0,2,2179,2329,"Rather detrimental","AFVEbbi2","Help defending thrift shoppe in Redheart from the intruders",83,1,false
21,NONE,NA,FRESH,47,0,2,2129,2329,"Quite likely","P1u017Es","Help defending forest in Razorcawl from the intruders",81,4,false
21,NONE,NA,EXPIRING,49,0,2,2079,2329,"Rather detrimental","ug4484KT","Help defending village in Orrinheart from the intruders",96,1,false
22,NONE,NA,NA,0,0,3,0,0,"Sure thing","ab0kssvB","Steal turnips delivery to Heledd Bentley and share some of the profits with the people.",50,7,true
22,NONE,NA,NA,1,0,3,50,50,"Piece of cake","0U4dJTTW","Create an advertisement campaign for Vartouhi Attaway to promote their water based business",28,6,true
22,NONE,NA,NA,2,0,3,78,78,"Sure thing","mL2O8Vvb","Help Marisa Godfrey to fix their horse",9,7,true
22,NONE,NA,NA,3,0,3,87,87,"Piece of cake","HETqW1fd","Escort Torbjørg Shepard to savannah in Millergarden where they can meet with their long lost horse",69,4,true
22,NONE,NA,NA,4,0,3,156,156,"Piece of cake","SEN93FyC","Help Jepson Stanford to clean their clothes",8,3,true
22,NONE,NA,NA,5,0,3,164,164,"Piece of cake","TC7T1cI8","Help Engelbert Hampton to clean their weed",9,2,true
22,NONE,NA,FRESH,6,0,3,173,173,"Rather detrimental","YGDqRt39","Create an advertisement campaign for Teuna Franklin to promote their squirrel based business",36,7,false
22,NONE,NA,FRESH,7,0,2,173,173,"Walk in the park","MnnuA2m8","Create an advertisement campaign for Donnchad Snyders to promote their cat based business",47,7,true
22,NONE,NA,NA,8,0,2,220,220,"Sure thing","3LoCdAq7","Steal squirrel delivery to Suzume Finnbogason and share some of the profits with the people.",49,6,true
22,NONE,NA,FRESH,9,0,2,269,269,"Quite likely","sals39PI","Escort Myriam Bentley to village in Strongshaw where they can meet with their long lost pot",77,6,true
22,NONE,NA,NA,10,0,2,346,346,"Sure thing","SnURGkMg","Help Iiro Kjartansson to transport a magic bucket to thrift shoppe in Millerfirth",16,4,true
22,NONE,NA,FRESH,11,0,2,362,362,"Gamble","LgDAt16D","Help Yehoyakim Courtier to sell an unordinary squirrel on the local market",21,3,true
22,NONE,NA,NA,12,0,2,383,383,"Piece of cake","CQrrodDt","Steal water delivery to Reynold Colbert and share some of the profits with the people.",46,2,true
22,NONE,NA,NA,13,0,2,429,429,"Piece of cake","FIYzuK6q","Steal weed delivery to Æthelred Scriven and share some of the profits with the people.",54,6,true
22,NONE,NA,EXPIRING,14,0,2,483,483,"Piece of cake","JOwMQ57t","Help Alessa Whinery to write their biographical novel about their difficulties with a deranged horse",41,1,true
22,NONE,NA,EXPIRING,15,0,2,524,524,"Walk in the park","et3Wz9O0","Help Armando Presley to sell an unordinary wagon on the local market",23,1,true
22,NONE,NA,EXPIRING,16,0,2,547,547,"Walk in the park","tRwrVXjv","Escort Ysolt Nathans to field in Masonport where they can meet with their long lost chariot",62,1,true
22,NONE,NA,NA,17,0,2,609,609,"Piece of cake","pt7JpoYG","Steal chicken delivery to Ervīns Grenville and share some of the profits with the people.",53,7,true
22,NONE,NA,FRESH,18,0,2,662,662,"Quite likely","8bdjNOQI","Create an advertisement campaign for Terell Maddison to promote their squirrel based business",36,4,true
22,NONE,NA,FRESH,19,0,2,698,698,"Suicide mission","OUmMM6eP","Help Stina Bullard to write their biographical novel about their difficulties with a deranged turnips",29,5,false
22,NONE,NA,FRESH,21,0,2,648,698,"Quite likely","VATQJ47e","Create an advertisement campaign for Peace Murgatroyd to promote their squirrel based business",22,5,true
22,NONE,NA,FRESH,22,0,2,670,720,"Playing with fire","BwUSv88M","Escort Ronnette Winchester to peninsula in Bloodgannon where they can meet with their long lost dog",60,5,true
22,NONE,NA,NA,23,0,2,730,780,"Sure thing","5anRrH2e","Steal super awesome diamond clothes from Jarle Ellsworth",147,7,false
22,NONE,NA,NA,25,0,2,680,780,"Sure thing","WnLpI8HB","Steal super awesome diamond clothes from Eerik Chambers",162,3,false
22,NONE,NA,FRESH,27,0,2,630,780,"Piece of cake","SWNNfvdv","Help defending plains in Lowebury from the intruders",119,6,true
22,NONE,NA,FRESH,28,0,2,749,899,"Piece of cake","xDj57upa","Help defending village in Voidwater from the intruders",97,7,true
22,NONE,NA,FRESH,29,0,2,846,996,"Piece of cake","8ijLH3o6","Help defending savannah in Towerbane from the intruders",92,3,true
22,NONE,NA,NA,30,0,2,938,1088,"Sure thing","tdV3gRvG","Steal super awesome diamond beer mug from Zavanna Bradley",160,6,false
22,NONE,NA,EXPIRING,32,0,2,888,1088,"Suicide mission","9lFkK7FR","Infiltrate The Fire Wolves and recover their secrets.",126,1,false
22,NONE,NA,EXPIRING,34,0,2,838,1088,"Suicide mission","ikHl72A1","Investigate Lis Huddleson and find out their relation to the magic dog.",136,1,false
22,NONE,NA,EXPIRING,36,0,2,788,1088,"Piece of cake","mtucMrWI","Steal super awesome diamond wagon from Judah Wilkerson",163,1,false
22,NONE,NA,FRESH,38,0,2,738,1088,"Piece of cake","Knb4RGgq","Steal super awesome diamond horse from Mitsuko Breckinridge",136,5,false
22,NONE,NA,NA,40,0,2,688,1088,"Sure thing","4sMb2bOi","Steal super awesome diamond squirrel from Jermaine Kitchen",158,2,false
22,NONE,NA,FRESH,42,0,2,638,1088,"Sure thing","6LpWFuy5","Steal super awesome diamond beer mug from Roseanne Everett",192,7,false
22,NONE,NA,NA,44,0,2,588,1088,"Sure thing","as8Z3wS4","Steal super awesome diamond pan from Theodosios Langley",124,5,false
22,NONE,NA,FRESH,46,0,2,538,1088,"Walk in the park","BX7eSoWl","Help defending meadow in Oldcawl from the intruders",95,4,true
22,NONE,NA,EXPIRING,47,0,2,633,1183,"Piece of cake","nCWfswQX","Steal super awesome diamond pot from Emiliana Suggitt",173,1,false
22,NONE,NA,EXPIRING,49,0,2,583,1183,"Piece of cake","mV9nJyFM","Steal super awesome diamond water from Vida Lukeson",177,1,false
23,NONE,NA,NA,0,0,3,0,0,"Piece of cake","IR8UVgUZ","Help Joukahainen Courtier to reach an agreement with Candy Thatcher on the matters of disputed wagon",16,7,true
23,NONE,NA,NA,1,0,3,16,16,"Sure thing","cH37Zb9i","Steal beer mug delivery to Gauri Henderson and share some of the profits with the people.",50,7,true
23,NONE,NA,NA,2,0,3,66,66,"Piece of cake","SFaLHSsn","Help Aurelia Cummins to sell an unordinary wagon on the local market",22,5,true
23,NONE,NA,NA,3,0,3,88,88,"Piece of cake","XMJQt4nU","Help Lisa Murgatroyd to fix their cat",1,4,true
23,NONE,NA,NA,4,0,3,89,89,"Piece of cake","YjvkLt9D","Help Hallam Dickinson to clean their pot",8,3,true
23,NONE,NA,NA,5,0,3,97,97,"Piece of cake","zRPvzbgm","Help Anubis Bannister to sell an unordinary dog on the local market",30,2,true
23,NONE,NA,FRESH,6,0,3,127,127,"Rather detrimental","Vxjz2oTL","Create an advertisement campaign for Shashi Marshall to promote their beer mug based business",31,4,false
23,NONE,NA,NA,7,0,2,127,127,"Piece of cake","55Vqvjbp","Create an advertisement campaign for Montague Baldrick to promote their bucket based business",31,6,true
23,NONE,NA,NA,8,0,2,158,158,"Piece of cake","Axpcwabf","Escort Pål Eddudóttir to meadow in Snowdrone where they can meet with their long lost weed",81,6,true
23,NONE,NA,NA,9,0,2,239,239,"Sure thing","OfXX6gra","Help Yuliana Jónsson to reach an agreement with Brand Callow on the matters of disputed water",15,7,true
23,NONE,NA,FRESH,10,0,2,254,254,"Risky","QODhQkJ0","Create an advertisement campaign for Erminlinda Rowntree to promote their potatoes based business",24,4,true
23,NONE,NA,NA,11,0,2,278,278,"Sure thing","MO8QwQfT","Steal house delivery to Janene Watkins and share some of the profits with the people.",40,6,true
23,NONE,NA,NA,12,0,2,318,318,"Piece of cake","ihboTzZY","Help Nat Gardner to reach an agreement with Alwilda Þórsdóttir on the matters of disputed chicken",4,3,true
23,NONE,NA,FRESH,13,0,2,322,322,"Quite likely","DM8bELrg","Escort Marielle Winfield to plains in Doveseed where they can meet with their long lost beer mug",62,3,true
23,NONE,NA,NA,14,0,2,384,384,"Sure thing","ptD4lvve","Escort Caio Danniel to savannah in Greygannon where they can meet with their long lost pan",69,7,true
23,NONE,NA,NA,15,0,2,453,453,"Piece of cake","7l9lSQXh","Create an advertisement campaign for Yachna Blakeslee to promote their house based business",25,6,true
23,NONE,NA,NA,16,0,2,478,478,"Piece of cake","X5Pt0i1C","Create an advertisement campaign for Tuomas Darrell to promote their chariot based business",30,5,true
23,NONE,NA,FRESH,17,0,2,508,508,"Walk in the park","nkY4yocw","Create an advertisement campaign for Iou Priestley to promote their chariot based business",34,4,false
23,NONE,NA,EXPIRING,19,0,2,458,508,"Gamble","8JCNZWGx","Infiltrate The Ruby Thorns and recover their secrets.",120,1,true
23,NONE,NA,NA,20,0,2,578,628,"Piece of cake","R0vnYuap","Steal weed delivery to Sorley Fish and share some of the profits with the people.",53,6,true
23,NONE,NA,FRESH,21,0,2,631,681,"Gamble","vqNFp5wu","Help Mahvash Butcher to write their biographical novel about their difficulties with a deranged water",29,5,false
23,NONE,NA,FRESH,23,0,2,581,681,"Suicide mission","GpO0Sdpu","Investigate Hecuba Summerfield and find out their relation to the magic house.",141,3,false
23,NONE,NA,NA,25,0,2,531,681,"Piece of cake","SihjrBBb","Help defending grassland in Whitedinny from the intruders",106,7,true
23,NONE,NA,NA,26,0,2,637,787,"Walk in the park","0FJWhGex","Help defending steppe in Towerloft from the intruders",109,3,true
23,NONE,NA,NA,27,0,2,746,896,"Sure thing","eO6hjrki","Help defending grassland in Loweseed from the intruders",118,7,true
23,NONE,NA,FRESH,28,0,2,864,1014,"Hmmm....","UJ0YpirX","Escort Kun Dickinson to savannah in Bleakford where they can meet with their long lost beer mug",58,3,true
23,NONE,NA,NA,29,0,2,922,1072,"Walk in the park","eN9zTks3","Help defending peninsula in Eastcaster from the intruders",118,5,true
23,NONE,NA,NA,30,0,2,1040,1190,"Walk in the park","j2NDl9RA","Help defending village in Newham from the intruders",114,5,true
23,NONE,NA,EXPIRING,31,0,2,1154,1304,"Rather detrimental","LyGZctYo","Investigate Adalwolf Paterson and find out their relation to the magic beer mug.",131,1,false
23,NONE,NA,NA,33,0,2,1104,1304,"Piece of cake","jcO1eK4y","Help defending pasture in Northmire from the intruders",107,7,true
23,NONE,NA,NA,34,0,2,1211,1411,"Piece of cake","sxzscm6a","Help defending steppe in Lightgarden from the intruders",107,4,true
23,NONE,NA,EXPIRING,35,0,2,1318,1518,"Risky","HBE8HL92","Help defending field in Greyton from the intruders",82,1,false
23,NONE,NA,FRESH,37,0,2,1268,1518,"Quite likely","0PQNihcW","Help defending field in Towerwater from the intruders",71,6,true
23,NONE,NA,NA,38,0,2,1339,1589,"Piece of cake","K03v5c11","Help defending peninsula in Sharpwatch from the intruders",77,7,true
23,NONE,NA,EXPIRING,39,0,2,1416,1666,"Risky","gEyhVfuI","Help defending steppe in Darkcrest from the intruders",99,1,false
23,NONE,NA,FRESH,41,0,2,1366,1666,"Hmmm....","zxhGLKS1","Help defending plains in Millerkeep from the intruders",67,7,true
23,NONE,NA,NA,42,0,2,1433,1733,"Piece of cake","F7PTORW1","Help defending savannah in Darkscale from the intruders",88,7,true
23,NONE,NA,NA,43,0,2,1521,1821,"Piece of cake","PcIdzlAo","Help defending grassland in Burnspine from the intruders",83,6,true
23,NONE,NA,EXPIRING,44,0,2,1604,1904,"Quite likely","XpknnpAN","Help defending savannah in Southscale from the intruders",79,1,true
23,NONE,NA,NA,45,0,2,1683,1983,"Piece of cake","RlcXwgIW","Help defending meadow in Dornhole from the intruders",82,4,true
23,NONE,NA,NA,46,0,2,1765,2065,"Quite likely","3TZO0i2L","Help defending well in Fallhole from the intruders",81,5,true
23,NONE,NA,NA,47,0,2,1846,2146,"Quite likely","hQJOfIt9","Help defending village in Lighthill from the intruders",94,3,true
23,NONE,NA,NA,48,0,2,1940,2240,"Gamble","T2KGPFyi","Help defending church in Doveshaw from the intruders",89,6,false
24,NONE,NA,NA,0,0,3,0,0,"Sure thing","D5sZPvFz","Help Aniyah Simonson to fix their wagon",8,7,true
24,NONE,NA,NA,1,0,3,8,8,"Piece of cake","7WFB3OJ5","Help Olof Treloar to transport a magic water to peninsula in Razordinny",22,6,true
24,NONE,NA,NA,2,0,3,30,30,"Piece of cake","VEy3t0Bn","Help Adanna Gylfadóttir to fix their cat",6,5,true
24,NONE,NA,NA,3,0,3,36,36,"Piece of cake","4e34qANu","Help Shalev Blankenship to reach an agreement with Kojo Samuelson on the matters of disputed potatoes",8,7,true
24,NONE,NA,NA,4,0,3,44,44,"Walk in the park","7RFQQudL","Create an advertisement campaign for Niven Terrell to promote their cat based business",18,3,true
24,NONE,NA,NA,5,0,3,62,62,"Walk in the park","t1Mh5ZsV","Help Stian Parrish to fix their horse",4,2,false
24,NONE,NA,FRESH,6,0,2,62,62,"Risky","SAR8rM2W","Help Matyáš Christianson to sell an unordinary pan on the local market",26,7,false
24,NONE,NA,FRESH,8,0,2,12,62,"Hmmm....","AY0on5zC","Create an advertisement campaign for Toni Prescott to promote their horse based business",38,6,false
24,NONE,NA,NA,9,0,1,12,62,"Walk in the park","QLY5ZAlN","Escort Irwin Kendrick to steppe in Razorford where they can meet with their long lost cat",53,7,true
24,NONE,NA,FRESH,11,0,2,15,115,"Gamble","aNWuFVev","Create an advertisement campaign for Alene Guðmundsdóttir to promote their clothes based business",21,3,true
24,NONE,NA,NA,12,0,2,36,136,"Piece of cake","J7AqyYEu","Steal turnips delivery to Amador Ódinsson and share some of the profits with the people.",54,5,true
24,NONE,NA,FRESH,13,0,2,90,190,"Risky","vGBIoYhx","Create an advertisement campaign for Felícia Brewster to promote their sheep based business",40,6,true
24,NONE,NA,NA,14,0,2,130,230,"Piece of cake","KW1aErPA","Create an advertisement campaign for Cadi Mottershead to promote their squirrel based business",25,7,true
24,NONE,NA,FRESH,15,0,2,155,255,"Hmmm....","YwDq88NY","Escort Innokentiy Washington to savannah in Greyseed where they can meet with their long lost clothes",64,3,true
24,NONE,NA,NA,16,0,2,219,319,"Piece of cake","FARGVlNz","Escort Idoya Alfredson to field in Sharpfire where they can meet with their long lost pan",63,7,true
24,NONE,NA,NA,17,0,2,282,382,"Piece of cake","1J0U6NzJ","Steal sheep delivery to Putu Goodwin and share some of the profits with the people.",61,7,true
24,NONE,NA,EXPIRING,18,0,2,343,443,"Walk in the park","s5rnh4BB","Steal squirrel delivery to Ásgeirr Thornton and share some of the profits with the people.",54,1,true
24,NONE,NA,NA,19,0,2,397,497,"Walk in the park","jaeBCTnH","Escort Vinko Orange to peninsula in Blackwatch where they can meet with their long lost chicken",65,2,true
24,NONE,NA,NA,20,0,2,462,562,"Walk in the park","n6GLeV7R","Escort Xuân Newport to peninsula in Snowgill where they can meet with their long lost horse",69,6,false
24,NONE,NA,NA,22,0,2,412,562,"Sure thing","7FohR3NX","Help defending field in Scaleville from the intruders",91,6,true
24,NONE,NA,FRESH,23,0,2,503,653,"Impossible","w6edCjwu","Investigate Aki Þórhallsson and find out their relation to the magic chariot.",123,3,false
24,NONE,NA,NA,25,0,2,453,653,"Piece of cake","kiOq1NVX","Help defending grassland in Burnshill from the intruders",119,5,true
24,NONE,NA,NA,26,0,2,572,772,"Walk in the park","D9qkNHEx","Escort Rinaldo Chadwick to meadow in Fangport where they can meet with their long lost chicken",84,2,false
24,NONE,NA,NA,28,0,2,522,772,"Sure thing","4w2rQ6l7","Help defending grassland in Millermire from the intruders",96,6,true
24,NONE,NA,FRESH,29,0,2,618,868,"Suicide mission","fBfLx8dr","Investigate Odysseus Oliverson and find out their relation to the magic squirrel.",137,3,false
24,NONE,NA,EXPIRING,31,0,2,568,868,"Suicide mission","qSsCpBYe","Infiltrate The Cardinal Mammoths and recover their secrets.",147,1,false
24,NONE,NA,EXPIRING,33,0,2,518,868,"Suicide mission","k8PmMsxG","Infiltrate The Scarlet Crocodile Tribe and recover their secrets.",156,1,false
24,NONE,NA,FRESH,35,0,2,468,868,"Quite likely","D2vkEdMk","Help defending pasture in Oldshore from the intruders",101,6,true
24,NONE,NA,FRESH,36,0,2,569,969,"Hmmm....","4IQEahS8","Help defending village in Blooddean from the intruders",76,7,true
24,NONE,NA,NA,37,0,2,645,1045,"Piece of cake","DtAmvXBw","Help defending savannah in Fernheart from the intruders",97,6,true
24,NONE,NA,EXPIRING,38,0,2,742,1142,"Piece of cake","pgXsyCei","Help defending savannah in Greydale from the intruders",98,1,false
24,NONE,NA,FRESH,40,0,2,692,1142,"Piece of cake","LAFEz7HO","Help defending savannah in Fallmire from the intruders",63,6,true
24,NONE,NA,NA,41,0,2,755,1205,"Piece of cake","KSXuPMyl","Help defending savannah in Evershore from the intruders",108,2,true
24,NONE,NA,FRESH,42,0,2,863,1313,"Piece of cake","MCM6JATr","Help defending plains in Voidshore from the intruders",100,3,false
24,NONE,NA,NA,44,0,2,813,1313,"Hmmm....","Iv9xnCOm","Help defending grassland in Thornshaw from the intruders",83,2,false
24,NONE,NA,FRESH,46,0,2,763,1313,"Suicide mission","ZTAvlJeL","Help defending forest in Masondale from the intruders",65,6,false
24,NONE,NA,EXPIRING,48,0,2,713,1313,"Hmmm....","XsLlZGeT","Help defending peninsula in Blackloft from the intruders",77,1,false
25,NONE,NA,NA,0,0,3,0,0,"Piece of cake","6loJfWW9","Help Eduard Stanton to transport a magic cat to steppe in Ridgegannon",17,7,true
25,NONE,NA,NA,1,0,3,17,17,"Piece of cake","hGSCrNK9","Escort Meriwether Bragason to savannah in Redport where they can meet with their long lost turnips",43,6,true
25,NONE,NA,NA,2,0,3,60,60,"Piece of cake","zVVVo9qt","Help Vasilis Ellsworth to reach an agreement with Peigi Gilliam on the matters of disputed squirrel",12,5,true
25,NONE,NA,NA,3,0,3,72,72,"Piece of cake","dSSLcJc2","Help Aliyyah Thompsett to transport a magic wagon to field in Masonpeak",16,7,true
25,NONE,NA,NA,4,0,3,88,88,"Sure thing","zhlI1JEB","Help Matěj Endicott to reach an agreement with Loviatar Burnham on the matters of disputed house",17,7,true
25,NONE,NA,NA,5,0,3,105,105,"Piece of cake","RORuV6IV","Steal cat delivery to Tú Davidson and share some of the profits with the people.",44,7,true
25,NONE,NA,NA,6,0,3,149,149,"Piece of cake","nkXyhHeA","Help Lazar Richard to transport a magic pan to thrift shoppe in Sharpbane",20,7,true
25,NONE,NA,FRESH,7,0,3,169,169,"Hmmm....","6TQNzjrc","Escort Kaarlo Pettigrew to village in Evermire where they can meet with their long lost horse",60,7,false
25,NONE,NA,EXPIRING,8,0,2,169,169,"Gamble","S9wUhD1J","Escort Jevrem Speight to pasture in Oldfair where they can meet with their long lost wagon",89,1,true
25,NONE,NA,NA,9,0,2,258,258,"Sure thing","1Czj1Xzc","Steal sheep delivery to Kine Adamson and share some of the profits with the people.",52,5,true
25,NONE,NA,NA,10,0,2,310,310,"Sure thing","dKTEphG0","Help Zarathustra Farnham to sell an unordinary cat on the local market",15,5,true
25,NONE,NA,NA,11,0,2,325,325,"Piece of cake","91leFgBX","Help Jude Bircann to sell an unordinary horse on the local market",22,3,true
25,NONE,NA,NA,12,0,2,347,347,"Piece of cake","Dh2nuBtK","Steal sheep delivery to Zulekha Vincent and share some of the profits with the people.",67,2,true
25,NONE,NA,FRESH,13,0,2,414,414,"Hmmm....","kNl6OzJO","Help Hene Þórsson to write their biographical novel about their difficulties with a deranged turnips",39,7,false
25,NONE,NA,EXPIRING,15,0,2,364,414,"Quite likely","9mQQ26Ji","Steal chicken delivery to Lhamo Wembley and share some of the profits with the people.",53,1,true
25,NONE,NA,FRESH,16,0,2,417,467,"Walk in the park","nRbGj7OA","Escort Amnon Honeysett to peninsula in Masonmountain where they can meet with their long lost weed",73,6,true
25,NONE,NA,NA,17,0,2,490,540,"Piece of cake","VthXkq3U","Create an advertisement campaign for Nerses Chadwick to promote their dog based business",33,4,true
25,NONE,NA,NA,18,0,2,523,573,"Piece of cake","z9Shkk1H","Create an advertisement campaign for Côme Pierson to promote their squirrel based business",25,1,true
25,NONE,NA,EXPIRING,19,0,2,548,598,"Rather detrimental","0vDyvhk0","Investigate Kagiso Stanley and find out their relation to the magic cat.",134,1,true
25,NONE,NA,EXPIRING,20,0,2,682,732,"Rather detrimental","G2Qquuvl","Create an advertisement campaign for Lorna Attwater to promote their weed based business",24,1,true
25,NONE,NA,FRESH,21,0,2,706,756,"Hmmm....","d4pqLG8q","Help Sebastiano Witherspoon to write their biographical novel about their difficulties with a deranged dog",43,4,true
25,NONE,NA,NA,22,0,2,749,799,"Sure thing","imZdd04X","Steal weed delivery to Esbjörn Huddleston and share some of the profits with the people.",64,4,true
25,NONE,NA,NA,23,0,2,813,863,"Piece of cake","jW1PVXQZ","Help defending peninsula in Dornford from the intruders",90,7,true
25,NONE,NA,NA,24,0,2,903,953,"Walk in the park","8xT4e4ql","Help defending village in Darkmountain from the intruders",102,4,true
25,NONE,NA,NA,25,0,2,1005,1055,"Walk in the park","t5u8Dv7Z","Help defending field in Fernkeep from the intruders",100,3,true
25,NONE,NA,NA,26,0,2,1105,1155,"Quite likely","GfKDHeSB","Escort Arihel Winship to pasture in Fernpeak where they can meet with their long lost beer mug",60,4,true
25,NONE,NA,FRESH,27,0,2,1165,1215,"Suicide mission","Jk7bgXgl","Investigate Lindita Waldron and find out their relation to the magic chariot.",173,3,false
25,NONE,NA,NA,29,0,2,1115,1215,"Walk in the park","0rfeKjNO","Help defending meadow in Everspring from the intruders",105,5,true
25,NONE,NA,NA,30,0,2,1220,1320,"Walk in the park","ShduPPo1","Help defending grassland in Newmire from the intruders",106,5,true
25,NONE,NA,FRESH,31,0,2,1326,1426,"Rather detrimental","wODHNzRl","Help defending field in Redport from the intruders",110,3,false
25,NONE,NA,EXPIRING,33,0,2,1276,1426,"Hmmm....","ffqgYiLM","Help defending thrift shoppe in Towerdinny from the intruders",90,1,true
25,NONE,NA,EXPIRING,34,0,2,1366,1516,"Hmmm....","JwO4HRkC","Help defending field in Thornfire from the intruders",84,1,false
25,NONE,NA,NA,36,0,2,1316,1516,"Piece of cake","ztiqPWwL","Help defending savannah in Frostfirth from the intruders",104,6,true
25,NONE,NA,FRESH,37,0,2,1420,1620,"Quite likely","oHXHiqD3","Help defending grassland in Bleakchester from the intruders",82,6,true
25,NONE,NA,NA,38,0,2,1502,1702,"Piece of cake","0AY1AAhX","Help defending village in Whitescale from the intruders",62,6,true
25,NONE,NA,FRESH,39,0,2,1564,1764,"Quite likely","1NMFWdlj","Help defending village in Orrinheart from the intruders",78,7,true
25,NONE,NA,FRESH,40,0,2,1642,1842,"Quite likely","CS3SxAzq","Help defending village in Newbury from the intruders",102,5,true
25,NONE,NA,EXPIRING,41,0,2,1744,1944,"Rather detrimental","bxjKKakh","Help defending meadow in Highham from the intruders",86,1,false
25,NONE,NA,NA,43,0,2,1694,1944,"Walk in the park","RCpalPb3","Help defending meadow in Dornfirth from the intruders",91,2,true
25,NONE,NA,NA,44,0,2,1785,2035,"Walk in the park","WHHUnLLz","Help defending meadow in Masondrone from the intruders",95,1,true
25,NONE,NA,EXPIRING,45,0,2,1880,2130,"Suicide mission","fBhkdB0Y","Help defending pasture in Sharpwatch from the intruders",82,1,false
25,NONE,NA,NA,47,0,2,1830,2130,"Hmmm....","dzCw3xPC","Help defending forest in Blackhole from the intruders",86,5,false
25,NONE,NA,NA,49,0,2,1780,2130,"Hmmm....","snxKVDyY","Help defending rocky plains in Southwater from the intruders",59,6,true
26,NONE,NA,NA,0,0,3,0,0,"Sure thing","C6FtRVfs","Steal water delivery to Erland Sinclair and share some of the profits with the people.",64,7,true
26,NONE,NA,NA,1,0,3,64,64,"Sure thing","NZu5Yw6O","Steal turnips delivery to Ceri Mathers and share some of the profits with the people.",41,6,true
26,NONE,NA,NA,2,0,3,105,105,"Sure thing","mc3Rfe1l","Steal potatoes delivery to Ruba Evanson and share some of the profits with the people.",65,5,true
26,NONE,NA,NA,3,0,3,170,170,"Piece of cake","6KEtylSi","Help Moisés Simonson to reach an agreement with Shaun Simmons on the matters of disputed cat",15,7,true
26,NONE,NA,NA,4,0,3,185,185,"Piece of cake","UUROGqLI","Steal horse delivery to Jessye Richardson and share some of the profits with the people.",55,3,true
26,NONE,NA,NA,5,0,3,240,240,"Piece of cake","ehDpr6BC","Steal house delivery to Vaska Courtenay and share some of the profits with the people.",53,2,true
26,NONE,NA,FRESH,6,0,3,293,293,"Gamble","DULCJ40Y","Help Lillias Scrivenor to write their biographical novel about their difficulties with a deranged water",22,6,false
26,NONE,NA,EXPIRING,7,0,2,293,293,"Gamble","j0RNtFbZ","Create an advertisement campaign for Alphege Isaacson to promote their pan based business",22,1,true
26,NONE,NA,NA,8,0,2,315,315,"Piece of cake","a2AYqet1","Help Batel Martins to transport a magic cat to savannah in Northwhyte",19,5,true
26,NONE,NA,NA,9,0,2,334,334,"Piece of cake","KrmHfL8x","Create an advertisement campaign for Jytte Warrick to promote their sheep based business",30,7,true
26,NONE,NA,EXPIRING,10,0,2,364,364,"Quite likely","jRa9zSxT","Create an advertisement campaign for Emil Burrell to promote their squirrel based business",43,1,true
26,NONE,NA,NA,11,0,2,407,407,"Piece of cake","RuMEZwmJ","Steal squirrel delivery to Georgina Herberts and share some of the profits with the people.",38,5,true
26,NONE,NA,NA,12,0,2,445,445,"Piece of cake","bzIthSN5","Create an advertisement campaign for Harinder Michael to promote their clothes based business",30,2,true
26,NONE,NA,FRESH,13,0,2,475,475,"Piece of cake","C3bXHd7c","Steal super awesome diamond dog from Polona Pressley",152,7,false
26,NONE,NA,NA,15,0,2,425,475,"Sure thing","ROK6Wp0P","Steal squirrel delivery to Lala Clifford and share some of the profits with the people.",58,6,true
26,NONE,NA,EXPIRING,16,0,2,483,533,"Rather detrimental","sIIel0wy","Help Kalie Tittensor to write their biographical novel about their difficulties with a deranged wagon",27,1,false
26,NONE,NA,FRESH,18,0,2,433,533,"Quite likely","puQJXeKi","Help Kelleigh Giel to write their biographical novel about their difficulties with a deranged turnips",24,3,true
26,NONE,NA,NA,19,0,2,457,557,"Sure thing","9cQKbd0E","Steal super awesome diamond pan from Fuad Andrewson",174,5,false
26,NONE,NA,FRESH,21,0,2,407,557,"Piece of cake","CBAZsrfY","Steal super awesome diamond water from Eirik Rennoll",150,5,false
26,NONE,NA,EXPIRING,23,0,2,357,557,"Risky","h8P5DGvz","Infiltrate The Jackals and recover their secrets.",123,1,true
26,NONE,NA,FRESH,24,0,2,480,680,"Piece of cake","Q8EDegpS","Escort Camron Woodward to steppe in Darkbane where they can meet with their long lost turnips",66,7,true
26,NONE,NA,EXPIRING,25,0,2,546,746,"Sure thing","mLYyZybK","Steal super awesome diamond squirrel from Alaia Morison",152,1,false
26,NONE,NA,NA,27,0,2,496,746,"Sure thing","Dx1SA0ou","Steal super awesome diamond chicken from Samnang Leighton",177,4,false
26,NONE,NA,EXPIRING,29,0,2,446,746,"Rather detrimental","3uXhqybl","Escort Saundra Christison to village in Ravenspring where they can meet with their long lost weed",66,1,false
26,NONE,NA,FRESH,31,0,2,396,746,"Piece of cake","wJCt01lU","Help defending plains in Ridgebury from the intruders",114,7,true
26,NONE,NA,EXPIRING,32,0,2,510,860,"Suicide mission","a1ifYGHa","Infiltrate The Grizzly Gorillas and recover their secrets.",127,1,false
26,NONE,NA,NA,34,0,2,460,860,"Sure thing","nR2qlqPS","Steal super awesome diamond beer mug from Gorka Ainsworth",154,5,false
26,NONE,NA,FRESH,36,0,2,410,860,"Hmmm....","13J2y9Md","Help defending peninsula in Fernkeep from the intruders",106,4,true
26,NONE,NA,NA,37,0,2,516,966,"Sure thing","IbUX8on3","Steal super awesome diamond turnips from Bonifacy Jefferson",179,6,false
26,NONE,NA,NA,39,0,2,466,966,"Sure thing","jiS4c1Pm","Steal super awesome diamond house from Valērija Headley",162,3,false
26,NONE,NA,FRESH,41,0,2,416,966,"Piece of cake","iQNayItz","Steal super awesome diamond turnips from Zephania Hadaway",155,7,false
26,NONE,NA,NA,43,0,2,366,966,"Sure thing","eiOE7dY1","Steal super awesome diamond potatoes from Benito Peacock",153,4,false
26,NONE,NA,EXPIRING,45,0,2,316,966,"Piece of cake","gAFs3UwW","Steal super awesome diamond water from Haywood Goodwin",159,1,false
26,NONE,NA,NA,47,0,2,266,966,"Sure thing","paeWCfag","Steal super awesome diamond weed from Xanti Mínervusson",144,4,false
26,NONE,NA,EXPIRING,49,0,2,216,966,"Piece of cake","67pAh3xW","Steal super awesome diamond house from Airi Blankenship",186,1,false
27,NONE,NA,NA,0,0,3,0,0,"Sure thing","qxbfLI72","Help Roeland Beckham to clean their pan",9,7,true
27,NONE,NA,NA,1,0,3,9,9,"Piece of cake","i8Oa7th1","Help Adalberht Wootton to transport a magic house to plains in Highmoore",14,6,true
27,NONE,NA,NA,2,0,3,23,23,"Piece of cake","vWrZLNmh","Help Armel Clinton to transport a magic chicken to field in Eastport",10,5,true
27,NONE,NA,NA,3,0,3,33,33,"Piece of cake","MsMWAeD9","Steal chariot delivery to Nilam Prescott and share some of the profits with the people.",47,7,true
27,NONE,NA,NA,4,0,3,80,80,"Piece of cake","uKqVoU4n","Create an advertisement campaign for Edmonde Crawford to promote their pan based business",22,7,true
27,NONE,NA,NA,5,0,3,102,102,"Piece of cake","w1GFRGZ0","Steal horse delivery to Odilia Bissette and share some of the profits with the people.",67,3,false
27,NONE,NA,EXPIRING,6,0,2,102,102,"Gamble","l3qGLwrn","Help Achaikos Pickering to transport a magic cat to plains in Whitepine",19,1,true
27,NONE,NA,NA,7,0,2,121,121,"Sure thing","wJALuNaT","Help Layla Royceston to reach an agreement with Zdenko Wescott on the matters of disputed potatoes",14,6,true
27,NONE,NA,NA,8,0,2,135,135,"Piece of cake","DJCSW5HU","Create an advertisement campaign for Georgette Atwater to promote their dog based business",27,6,true
27,NONE,NA,NA,9,0,2,162,162,"Piece of cake","GD4cilXP","Escort Kelebek Anderson to steppe in Dovewatch where they can meet with their long lost cat",84,7,true
27,NONE,NA,NA,10,0,2,246,246,"Piece of cake","Qpyge3yx","Create an advertisement campaign for Fabrizio Holmwood to promote their pot based business",28,4,true
27,NONE,NA,NA,11,0,2,274,274,"Piece of cake","XCCFgC9A","Help Dimosthenis Allsopp to sell an unordinary dog on the local market",21,3,true
27,NONE,NA,NA,12,0,2,295,295,"Walk in the park","AEZj8JYN","Create an advertisement campaign for Nikandros Albertson to promote their bucket based business",27,3,true
27,NONE,NA,FRESH,13,0,2,322,322,"Risky","f6M6I9B6","Help Alonzo Orange to write their biographical novel about their difficulties with a deranged weed",36,6,true
27,NONE,NA,NA,14,0,2,358,358,"Sure thing","784uSqzl","Steal bucket delivery to Westley Harding and share some of the profits with the people.",61,7,true
27,NONE,NA,FRESH,15,0,2,419,419,"Walk in the park","v4Mbdlrk","Help Imani Packard to write their biographical novel about their difficulties with a deranged turnips",37,7,true
27,NONE,NA,EXPIRING,16,0,2,456,456,"Rather detrimental","J3eOvMnw","Create an advertisement campaign for Vega Perkins to promote their potatoes based business",34,1,true
27,NONE,NA,EXPIRING,17,0,2,490,490,"Hmmm....","0RIHKuoH","Help Yasmina Kynaston to sell an unordinary pan on the local market",18,1,false
27,NONE,NA,EXPIRING,19,0,2,440,490,"Piece of cake","MgKuYlKH","Escort Puanani Brownlow to plains in Millermere where they can meet with their long lost potatoes",64,1,true
27,NONE,NA,FRESH,20,0,2,504,554,"Walk in the park","YStceM0W","Help Di̇lşad Arterberry to write their biographical novel about their difficulties with a deranged pan",26,6,true
27,NONE,NA,NA,21,0,2,530,580,"Piece of cake","k4vDAQbf","Steal chicken delivery to Honorina Paterson and share some of the profits with the people.",68,4,true
27,NONE,NA,EXPIRING,22,0,2,598,648,"Walk in the park","0xwyCEFN","Escort Hideki Beverley to field in Fallpool where they can meet with their long lost chicken",72,1,true
27,NONE,NA,FRESH,23,0,2,670,720,"Suicide mission","DQBW2nqJ","Investigate Fi̇dan Ashworth and find out their relation to the magic house.",146,3,false
27,NONE,NA,NA,25,0,2,620,720,"Walk in the park","1iDsYfAh","Help defending peninsula in Oldham from the intruders",91,4,true
27,NONE,NA,NA,26,0,2,711,811,"Quite likely","bC6MlK4F","Escort Dale Haggard to plains in Whiteheart where they can meet with their long lost clothes",58,5,true
27,NONE,NA,NA,27,0,2,769,869,"Piece of cake","On1oFOlo","Investigate Haurvatat Huddleson and find out their relation to the magic dog.",134,3,true
27,NONE,NA,NA,28,0,2,903,1003,"Quite likely","K1NaPpHB","Help defending plains in Whitegarden from the intruders",119,7,true
27,NONE,NA,FRESH,29,0,2,1022,1122,"Playing with fire","L5Pupxxi","Investigate Phyllis Masterson and find out their relation to the magic pot.",143,3,false
27,NONE,NA,NA,31,0,2,972,1122,"Piece of cake","8AvPpJ8n","Help defending thrift shoppe in Frostseed from the intruders",104,6,true
27,NONE,NA,EXPIRING,32,0,2,1076,1226,"Risky","9ryteQHX","Infiltrate The Risen Demons and recover their secrets.",137,1,true
27,NONE,NA,NA,33,0,2,1213,1363,"Piece of cake","dOcgFoUj","Help defending pasture in Burnspine from the intruders",90,7,true
27,NONE,NA,NA,34,0,2,1303,1453,"Piece of cake","nPUPx6H8","Help defending plains in Strongdeen from the intruders",91,7,true
27,NONE,NA,NA,35,0,2,1394,1544,"Piece of cake","miwSsiUY","Help defending meadow in Masonpine from the intruders",87,7,true
27,NONE,NA,NA,36,0,2,1481,1631,"Piece of cake","2TZ08EIg","Help defending peninsula in Newwatch from the intruders",89,7,true
27,NONE,NA,NA,37,0,2,1570,1720,"Piece of cake","xccvVP9m","Help defending peninsula in Blacktown from the intruders",74,4,true
27,NONE,NA,NA,38,0,2,1644,1794,"Piece of cake","2iVYSXue","Help defending village in Scaleham from the intruders",108,7,true
27,NONE,NA,NA,39,0,2,1752,1902,"Walk in the park","kLcgk9sT","Help defending village in Evermoore from the intruders",90,7,true
27,NONE,NA,FRESH,40,0,2,1842,1992,"Gamble","NZAIsOtx","Help defending village in Scaledeen from the intruders",77,3,true
27,NONE,NA,NA,41,0,2,1919,2069,"Walk in the park","QolGOMKe","Help defending grassland in Westspring from the intruders",70,6,true
27,NONE,NA,NA,42,0,2,1989,2139,"Walk in the park","dYbmZXS4","Help defending village in Westton from the intruders",74,7,true
27,NONE,NA,EXPIRING,43,0,2,2063,2213,"Rather detrimental","PseUwoLv","Help defending grassland in Millerham from the intruders",75,1,false
27,NONE,NA,NA,45,0,2,2013,2213,"Quite likely","mHplDlME","Help defending plains in Lighthill from the intruders",73,3,true
27,NONE,NA,FRESH,46,0,2,2086,2286,"Rather detrimental","YWY7bzLL","Help defending well in Burnsdean from the intruders",85,5,true
27,NONE,NA,FRESH,47,0,2,2171,2371,"Hmmm....","E4CZf32o","Help defending plains in Fallport from the intruders",88,3,true
27,NONE,NA,FRESH,48,0,2,2259,2459,"Rather detrimental","FHHsfUgd","Help defending rocky plains in Metalspring from the intruders",93,6,false
28,NONE,NA,NA,0,0,3,0,0,"Sure thing","XnZXVCmx","Steal dog delivery to Gittan Underwood and share some of the profits with the people.",48,7,true
28,NONE,NA,NA,1,0,3,48,48,"Piece of cake","7cllaSf4","Help Berengaria Sowards to sell an unordinary sheep on the local market",21,6,true
28,NONE,NA,NA,2,0,3,69,69,"Piece of cake","EsGwlm0K","Help Euphrasia Gylfadóttir to sell an unordinary bucket on the local market",30,5,true
28,NONE,NA,NA,3,0,3,99,99,"Piece of cake","CocXDRyp","Steal potatoes delivery to Dagr Brownlow and share some of the profits with the people.",60,7,true
28,NONE,NA,NA,4,0,3,159,159,"Piece of cake","y397BwKJ","Help Ilse St john to sell an unordinary dog on the local market",31,3,true
28,NONE,NA,NA,5,0,3,190,190,"Piece of cake","NM3CD5ZZ","Steal sheep delivery to Fruzsina Cantrell and share some of the profits with the people.",64,7,true
28,NONE,NA,FRESH,6,0,3,254,254,"Gamble","mhcGS0Lt","Help Sushila Danniell to write their biographical novel about their difficulties with a deranged pan",25,3,true
28,NONE,NA,FRESH,7,0,3,279,279,"Quite likely","CQmdZbQQ","Help Toussaint Sigurðdóttir to write their biographical novel about their difficulties with a deranged bucket",31,7,true
28,NONE,NA,NA,8,0,3,310,310,"Piece of cake","LTyuRNY8","Steal house delivery to Joonas Rollins and share some of the profits with the people.",52,5,true
28,NONE,NA,NA,9,0,3,362,362,"Piece of cake","X6IBsAml","Help Sondra Millward to reach an agreement with Rozálie Dickson on the matters of disputed sheep",3,5,true
28,NONE,NA,NA,10,0,3,365,365,"Piece of cake","iRJVhkrG","Help Argiñe Whittemore to transport a magic pot to grassland in Lightgill",16,6,false
28,NONE,NA,NA,11,0,2,365,365,"Piece of cake","iS0YnctZ","Help Myra Darrell to sell an unordinary pan on the local market",22,7,true
28,NONE,NA,NA,12,0,2,387,387,"Piece of cake","QGT0Mqpt","Help Esi Samuels to sell an unordinary weed on the local market",15,7,true
28,NONE,NA,NA,13,0,2,402,402,"Piece of cake","jyudYPoH","Create an advertisement campaign for Patigul Pressley to promote their pot based business",25,1,true
28,NONE,NA,FRESH,14,0,2,427,427,"Piece of cake","dCNZvATs","Create an advertisement campaign for Lilian Murgatroyd to promote their cat based business",38,7,true
28,NONE,NA,NA,15,0,2,465,465,"Sure thing","ijPC7cMB","Steal weed delivery to Aleksander Raynerson and share some of the profits with the people.",50,6,true
28,NONE,NA,FRESH,16,0,2,515,515,"Hmmm....","JLG50FUV","Create an advertisement campaign for Brynjar Summers to promote their water based business",24,4,true
28,NONE,NA,EXPIRING,17,0,2,539,539,"Gamble","UpstYuee","Create an advertisement campaign for Cécile Armstrong to promote their horse based business",30,1,false
28,NONE,NA,NA,19,0,2,489,539,"Sure thing","UX24tV6X","Steal super awesome diamond beer mug from Lieven Sudworth",182,5,false
28,NONE,NA,EXPIRING,21,0,2,439,539,"Sure thing","ty2OeYnP","Steal squirrel delivery to Filippu Seely and share some of the profits with the people.",41,1,true
28,NONE,NA,NA,22,0,2,480,580,"Sure thing","ABxwFHGp","Steal super awesome diamond turnips from Ramachandra Spencer",191,6,false
28,NONE,NA,EXPIRING,24,0,2,430,580,"Suicide mission","7wC04NVJ","Investigate Brittani Parsons and find out their relation to the magic water.",109,1,true
28,NONE,NA,FRESH,25,0,2,539,689,"Piece of cake","AOTxE1j8","Steal super awesome diamond wagon from Étiennette St john",167,4,false
28,NONE,NA,NA,27,0,2,489,689,"Sure thing","6fZXssZ2","Steal super awesome diamond sheep from Maybelline Beckett",148,5,false
28,NONE,NA,NA,29,0,2,439,689,"Sure thing","YlzN6MVH","Steal super awesome diamond pot from Annabeth Stanley",172,4,false
28,NONE,NA,NA,31,0,2,389,689,"Sure thing","3PerNtWB","Steal super awesome diamond dog from Cezar Leavitt",177,7,false
28,NONE,NA,FRESH,33,0,2,339,689,"Sure thing","g5GfmYql","Steal super awesome diamond dog from Ferdinánd Stevens",158,7,false
28,NONE,NA,NA,35,0,2,289,689,"Sure thing","PKUBdzHn","Help defending steppe in Snowheart from the intruders",104,7,true
28,NONE,NA,FRESH,36,0,2,393,793,"Sure thing","hjUoHB6H","Steal super awesome diamond potatoes from Vanja Bowe",165,6,false
28,NONE,NA,NA,38,0,2,343,793,"Sure thing","LoOijkY9","Steal super awesome diamond beer mug from Isaura Victors",170,6,false
28,NONE,NA,FRESH,40,0,2,293,793,"Walk in the park","oMBgo4N3","Help defending thrift shoppe in Olddrone from the intruders",78,4,true
28,NONE,NA,FRESH,41,0,2,371,871,"Piece of cake","tb7uE7Ov","Steal super awesome diamond pan from Hrodger Babcock",139,6,false
28,NONE,NA,FRESH,43,0,2,321,871,"Sure thing","fPj6jznE","Steal super awesome diamond clothes from Bettie Griffin",151,6,false
28,NONE,NA,FRESH,45,0,2,271,871,"Gamble","LDnLyFc5","Help defending thrift shoppe in Bleakscale from the intruders",103,5,true
28,NONE,NA,NA,46,0,2,374,974,"Sure thing","31tCKwKk","Steal super awesome diamond clothes from Mercia Botwright",164,7,false
28,NONE,NA,NA,48,0,2,324,974,"Sure thing","0zlIlreR","Steal super awesome diamond chariot from Carolin Rathbone",174,7,false
29,NONE,NA,NA,0,0,3,0,0,"Sure thing","fa45LA1B","Help Sepp Southgate to fix their house",8,7,true
29,NONE,NA,NA,1,0,3,8,8,"Piece of cake","5clspYjw","Help Uilani Carlisle to clean their wagon",3,6,true
29,NONE,NA,NA,2,0,3,11,11,"Piece of cake","BuNM8jGg","Help Pia Britton to fix their beer mug",4,5,true
29,NONE,NA,NA,3,0,3,15,15,"Piece of cake","M3VeBBRc","Steal chicken delivery to Jeriah Mathers and share some of the profits with the people.",67,4,true
29,NONE,NA,NA,4,0,3,82,82,"Piece of cake","OxL83Og9","Help Carsten Dickman to transport a magic wagon to village in Scalewatch",11,4,true
29,NONE,NA,NA,5,0,3,93,93,"Piece of cake","YYkucg0j","Help Mariko Stringer to clean their cat",10,2,true
29,NONE,NA,EXPIRING,6,0,3,103,103,"Piece of cake","f1dLGm2l","Create an advertisement campaign for Kennet Turnbull to promote their weed based business",36,1,true
29,NONE,NA,NA,7,0,3,139,139,"Sure thing","Ni0i2TOj","Steal beer mug delivery to Nithya Hudnall and share some of the profits with the people.",69,7,true
29,NONE,NA,EXPIRING,8,0,3,208,208,"Hmmm....","YWMP2jjB","Create an advertisement campaign for Neer Clemens to promote their horse based business",32,1,true
29,NONE,NA,FRESH,9,0,3,240,240,"Piece of cake","EsgxnT3g","Help Galvão Mínervusson to transport a magic water to meadow in Lightscale",13,4,true
29,NONE,NA,FRESH,10,0,3,253,253,"Quite likely","7cVmQGSG","Help Hülya Bullock to write their biographical novel about their difficulties with a deranged dog",39,4,false
29,NONE,NA,EXPIRING,11,0,2,253,253,"Gamble","8vfSh7q6","Create an advertisement campaign for Tiia Bateson to promote their turnips based business",34,1,false
29,NONE,NA,FRESH,13,0,2,203,253,"Walk in the park","bmHCuji0","Create an advertisement campaign for Odtsetseg Hamilton to promote their chariot based business",28,5,true
29,NONE,NA,EXPIRING,14,0,2,231,281,"Hmmm....","OWWBESuJ","Create an advertisement campaign for Gavin Ackerman to promote their chicken based business",23,1,false
29,NONE,NA,EXPIRING,16,0,2,181,281,"Rather detrimental","BxcD2mdW","Help Ionuț Simpson to write their biographical novel about their difficulties with a deranged pot",38,1,false
29,NONE,NA,FRESH,18,0,2,131,281,"Rather detrimental","LNAVs8sd","Escort Wibawa Thorburn to steppe in Bloodchester where they can meet with their long lost potatoes",62,4,false
29,NONE,NA,EXPIRING,20,0,2,81,281,"Quite likely","RkpT2uCO","Escort Vishnu Gabriels to plains in Reddale where they can meet with their long lost squirrel",66,1,true
29,NONE,NA,FRESH,21,0,2,147,347,"Suicide mission","QOYNT3OB","Investigate Dorotéia Anderson and find out their relation to the magic squirrel.",143,3,false
29,NONE,NA,FRESH,23,0,2,97,347,"Quite likely","LocPlV40","Escort Silvio Þórsdóttir to plains in Lightcawl where they can meet with their long lost pot",58,5,true
29,NONE,NA,FRESH,24,0,2,155,405,"Piece of cake","Umr1rMc3","Help defending thrift shoppe in Snowscale from the intruders",126,5,true
29,NONE,NA,NA,25,0,2,281,531,"Walk in the park","AE7D792w","Help defending steppe in Fangsheen from the intruders",119,3,true
29,NONE,NA,NA,26,0,2,400,650,"Walk in the park","lcYmCqpV","Help defending savannah in Lightdale from the intruders",110,2,false
29,NONE,NA,EXPIRING,28,0,2,350,650,"Quite likely","vbgiSzlJ","Infiltrate The Copper Reapers and recover their secrets.",148,1,true
29,NONE,NA,NA,29,0,2,498,798,"Quite likely","Ie2fLGwt","Help defending meadow in Bloodbury from the intruders",122,7,true
29,NONE,NA,EXPIRING,30,0,2,620,920,"Quite likely","JPqnSY48","Help defending village in Burnsbury from the intruders",127,1,true
29,NONE,NA,FRESH,31,0,2,747,1047,"Suicide mission","7OvYcKSc","Investigate Orinthia Kendrick and find out their relation to the magic house.",127,3,false
29,NONE,NA,NA,33,0,2,697,1047,"Piece of cake","hYHVMndW","Help defending grassland in Redgill from the intruders",96,7,true
29,NONE,NA,NA,34,0,2,793,1143,"Sure thing","6GGfkmc9","Help defending plains in Redsheen from the intruders",101,7,true
29,NONE,NA,FRESH,35,0,2,894,1244,"Hmmm....","OsavqwlL","Help defending village in Southton from the intruders",89,7,true
29,NONE,NA,FRESH,36,0,2,983,1333,"Quite likely","QaLfUPwe","Help defending thrift shoppe in Lowecawl from the intruders",80,7,true
29,NONE,NA,EXPIRING,37,0,2,1063,1413,"Walk in the park","UceLARCd","Help defending village in Oldcaster from the intruders",98,1,true
29,NONE,NA,NA,38,0,2,1161,1511,"Walk in the park","VhPlUKmt","Help defending meadow in Ridgegarden from the intruders",112,3,true
29,NONE,NA,NA,39,0,2,1273,1623,"Walk in the park","XxzLb7AB","Help defending grassland in Burnswater from the intruders",73,4,true
29,NONE,NA,NA,40,0,2,1346,1696,"Walk in the park","2uh2noX3","Help defending plains in Fangdeen from the intruders",63,7,true
29,NONE,NA,NA,41,0,2,1409,1759,"Walk in the park","c6UU2qh7","Help defending peninsula in Highgarden from the intruders",91,1,true
29,NONE,NA,NA,42,0,2,1500,1850,"Walk in the park","s8GqcPFq","Help defending meadow in Southford from the intruders",71,7,true
29,NONE,NA,FRESH,43,0,2,1571,1921,"Risky","d6B5IFHd","Help defending meadow in Westspring from the intruders",71,7,true
29,NONE,NA,EXPIRING,44,0,2,1642,1992,"Quite likely","N8otn8Yr","Help defending thrift shoppe in Northwell from the intruders",77,1,false
29,NONE,NA,NA,46,0,2,1592,1992,"Walk in the park","L9L3XmzS","Help defending island in Southfire from the intruders",73,5,true
29,NONE,NA,NA,47,0,2,1665,2065,"Quite likely","UQXH5elD","Help defending hill in Voidfire from the intruders",57,4,true
29,NONE,NA,NA,48,0,2,1722,2122,"Quite likely","f3t4enj1","Help defending meadow in Fernmere from the intruders",95,1,true
29,NONE,NA,FRESH,49,0,2,1817,2217,"Playing with fire","E8VMEPEJ","Help defending cave in Masonmere from the intruders",59,4,false
30,NONE,NA,NA,0,0,3,0,0,"Sure thing","rAg9v23E","Create an advertisement campaign for Sévérine Collingwood to promote their pot based business",23,7,true
30,NONE,NA,NA,1,0,3,23,23,"Sure thing","yiUNvCCo","Steal cat delivery to Sofia Gylfason and share some of the profits with the people.",60,6,true
30,NONE,NA,NA,2,0,3,83,83,"Piece of cake","2uokemkH","Help Coralie Bloodworth to reach an agreement with Honoré Randell on the matters of disputed clothes",9,5,true
30,NONE,NA,NA,3,0,3,92,92,"Piece of cake","3XyMPFf9","Help Ognian Proudfoot to clean their turnips",5,4,true
30,NONE,NA,NA,4,0,3,97,97,"Piece of cake","9Ip9039t","Help Evi Donalds to clean their turnips",9,7,true
30,NONE,NA,NA,5,0,3,106,106,"Sure thing","dRPgDUUA","Help Wayra Bullock to reach an agreement with Lisandro Faulkner on the matters of disputed cat",17,7,true
30,NONE,NA,EXPIRING,6,0,3,123,123,"Gamble","2AOdAJnK","Create an advertisement campaign for Ekaitz Studwick to promote their weed based business",33,1,true
30,NONE,NA,FRESH,7,0,3,156,156,"Piece of cake","GB0R6IJx","Escort Jothi Bloxham to plains in Bloodburg where they can meet with their long lost squirrel",65,7,true
30,NONE,NA,NA,8,0,3,221,221,"Sure thing","xnqvEkm2","Create an advertisement campaign for Paschal Tindall to promote their cat based business",27,7,true
30,NONE,NA,FRESH,9,0,3,248,248,"Piece of cake","3SXxAhok","Escort Bogumir Stidolph to pasture in Lowefirth where they can meet with their long lost horse",78,7,false
30,NONE,NA,NA,10,0,2,248,248,"Piece of cake","9xIBhMZ7","Steal squirrel delivery to Braidy Ledford and share some of the profits with the people.",44,7,true
30,NONE,NA,NA,11,0,2,292,292,"Quite likely","QUiz0rNs","Help Edmond Beringer to transport a magic turnips to grassland in Fernfair",17,4,true
30,NONE,NA,EXPIRING,12,0,2,309,309,"Gamble","zUxbXTzB","Escort Yvette L'hernault to field in Dovetown where they can meet with their long lost chariot",57,1,true
30,NONE,NA,FRESH,13,0,2,366,366,"Gamble","zRR5gvDn","Help Iob Eldridge to write their biographical novel about their difficulties with a deranged potatoes",39,3,true
30,NONE,NA,NA,14,0,2,405,405,"Piece of cake","R4XeSr2J","Steal chariot delivery to Yima Morrish and share some of the profits with the people.",68,7,true
30,NONE,NA,NA,15,0,2,473,473,"Piece of cake","RF7znjf8","Steal dog delivery to Matéo Immers and share some of the profits with the people.",62,6,true
30,NONE,NA,EXPIRING,16,0,2,535,535,"Rather detrimental","anA86Upp","Create an advertisement campaign for Chioma Presley to promote their horse based business",35,1,true
30,NONE,NA,NA,17,0,2,570,570,"Piece of cake","Rxdf3lGz","Help Katlyn Mathews to sell an unordinary wagon on the local market",20,4,true
30,NONE,NA,NA,18,0,2,590,590,"Piece of cake","SYbg1YXr","Help Julia Abrahams to sell an unordinary dog on the local market",17,3,true
30,NONE,NA,EXPIRING,19,0,2,607,607,"Quite likely","oSJXEONI","Investigate Siddhartha Gladwin and find out their relation to the magic water.",125,1,false
30,NONE,NA,NA,21,0,2,557,607,"Sure thing","X4L3kdzw","Steal dog delivery to Dearbháil Speight and share some of the profits with the people.",65,5,true
30,NONE,NA,EXPIRING,22,0,2,622,672,"Suicide mission","IKuCDEYC","Infiltrate The Fire Wolves and recover their secrets.",141,1,false
30,NONE,NA,EXPIRING,24,0,2,572,672,"Quite likely","Ppcr4lsP","Steal beer mug delivery to Ataahua Garrard and share some of the profits with the people.",39,1,false
30,NONE,NA,FRESH,26,0,2,522,672,"Piece of cake","DPeIvSzj","Steal super awesome diamond squirrel from Sigal Branson",144,4,false
30,NONE,NA,NA,28,0,2,472,672,"Sure thing","XsAQ3Kz0","Steal super awesome diamond beer mug from Esmund Morrish",152,6,false
30,NONE,NA,NA,30,0,2,422,672,"Sure thing","5EHZkYpa","Steal super awesome diamond weed from Mats Hallgrímsson",180,6,false
30,NONE,NA,FRESH,32,0,2,372,672,"Rather detrimental","SSOdrgtr","Investigate Katarina Millhouse and find out their relation to the magic sheep.",155,3,false
30,NONE,NA,NA,34,0,2,322,672,"Sure thing","bTY6wh0Y","Steal super awesome diamond pot from Shae Nicolson",176,7,false
30,NONE,NA,NA,36,0,2,272,672,"Sure thing","hzIAVgNG","Steal super awesome diamond wagon from Zoë Cornell",186,7,false
30,NONE,NA,EXPIRING,38,0,2,222,672,"Sure thing","vMKHCE0i","Steal super awesome diamond clothes from Mere Blackman",161,1,false
30,NONE,NA,FRESH,40,0,2,172,672,"Sure thing","OS8sB98X","Steal super awesome diamond clothes from Rabi̇a Christopher",147,7,false
30,NONE,NA,EXPIRING,42,0,2,122,672,"Piece of cake","q46wPkUQ","Help defending peninsula in Razorsheen from the intruders",106,1,true
30,NONE,NA,EXPIRING,43,0,2,228,778,"Quite likely","ZHNL2sMR","Help defending meadow in Fallbury from the intruders",89,1,true
30,NONE,NA,NA,44,0,2,317,867,"Sure thing","KpUUAuuB","Steal super awesome diamond wagon from Flannery Lynwood",154,4,false
30,NONE,NA,NA,46,0,2,267,867,"Sure thing","PrPNSqE1","Steal super awesome diamond house from Livna Summerfield",159,4,false
30,NONE,NA,FRESH,48,0,2,217,867,"Sure thing","eJpyOAdh","Steal super awesome diamond water from Maeve Clifford",170,4,false
31,NONE,NA,NA,0,0,3,0,0,"Piece of cake","c3T2mUKr","Help Lenora Gabriels to transport a magic horse to peninsula in Orrinkeep",16,7,false
31,NONE,NA,NA,1,0,2,0,0,"Sure thing","kcLHvTWe","Help Ceallachán Anthonyson to sell an unordinary clothes on the local market",18,7,true
31,NONE,NA,NA,2,0,2,18,18,"Piece of cake","R7HgWp1Q","Help Toirdhealbhach Vilhjálmsdóttir to reach an agreement with Henricus Woodward on the matters of disputed bucket",8,7,true
31,NONE,NA,NA,3,0,2,26,26,"Piece of cake","hix2HWKF","Help Machlah Fletcher to fix their cat",7,4,true
31,NONE,NA,NA,4,0,2,33,33,"Piece of cake","HhN5TVvj","Help Éliás Sanderson to clean their water",6,7,true
31,NONE,NA,NA,5,0,2,39,39,"Walk in the park","cyriP2H0","Help Racław Kendall to clean their bucket",1,2,true
31,NONE,NA,EXPIRING,6,0,2,40,40,"Quite likely","hwcJgzcM","Help Ioses Sessions to fix their weed",1,1,true
31,NONE,NA,NA,7,0,2,41,41,"Walk in the park","2nnP0ElW","Create an advertisement campaign for Meade Gilbert to promote their cat based business",42,7,true
31,NONE,NA,NA,8,0,2,83,83,"Walk in the park","KF5t2dCy","Escort Itxaso Þórsson to pasture in Highpeak where they can meet with their long lost turnips",70,6,true
31,NONE,NA,EXPIRING,9,0,2,153,153,"Quite likely","PQHiFtO4","Create an advertisement campaign for Carreen Garland to promote their pan based business",41,1,false
31,NONE,NA,EXPIRING,11,0,2,103,153,"Quite likely","zVRz34px","Help Eustáquio Attwater to sell an unordinary dog on the local market",26,1,true
31,NONE,NA,NA,12,0,2,129,179,"Piece of cake","W5lMZj8k","Create an advertisement campaign for Baak Simmons to promote their dog based business",33,7,true
31,NONE,NA,FRESH,13,0,2,162,212,"Quite likely","jpzau0VC","Steal chariot delivery to Oldřich Anderson and share some of the profits with the people.",51,3,false
31,NONE,NA,NA,15,0,2,112,212,"Sure thing","LMYE5zdE","Steal turnips delivery to Nousha Braddock and share some of the profits with the people.",59,6,true
31,NONE,NA,NA,16,0,2,171,271,"Piece of cake","V6KIkVLP","Create an advertisement campaign for Dalya Mathers to promote their horse based business",36,5,true
31,NONE,NA,NA,17,0,2,207,307,"Piece of cake","WAIzzoWj","Escort Unice Bircann to pasture in Metalhole where they can meet with their long lost sheep",58,4,true
31,NONE,NA,NA,18,0,2,265,365,"Piece of cake","PtnKlFYq","Steal pan delivery to Gratiana Headley and share some of the profits with the people.",56,7,true
31,NONE,NA,NA,19,0,2,321,421,"Piece of cake","xTR0m73S","Create an advertisement campaign for Aisha Marsden to promote their pan based business",40,1,true
31,NONE,NA,EXPIRING,20,0,2,361,461,"Suicide mission","l1iftfOP","Help Draven Stanton to write their biographical novel about their difficulties with a deranged horse",38,1,true
31,NONE,NA,NA,21,0,2,399,499,"Piece of cake","2I8BBcbP","Escort Navdeep Skinner to field in Southscale where they can meet with their long lost sheep",69,6,true
31,NONE,NA,EXPIRING,22,0,2,468,568,"Gamble","MbR3SibR","Escort Raguel William to thrift shoppe in Scaledean where they can meet with their long lost water",66,1,false
31,NONE,NA,EXPIRING,24,0,2,418,568,"Risky","ZbD8q5Q3","Investigate Aniela Deadman and find out their relation to the magic dog.",145,1,false
31,NONE,NA,NA,26,0,2,368,568,"Piece of cake","5AaPQmSh","Help defending thrift shoppe in Whitedinny from the intruders",126,3,true
31,NONE,NA,NA,27,0,2,494,694,"Piece of cake","6SyKdgUz","Escort Mo Leonard to peninsula in Southseed where they can meet with their long lost water",72,2,false
31,NONE,NA,EXPIRING,29,0,2,444,694,"Suicide mission","WA9VnMEJ","Infiltrate The Copper Reapers and recover their secrets.",128,1,false
31,NONE,NA,EXPIRING,31,0,2,394,694,"Piece of cake","IdkjJTT3","Help defending field in Bleakdrone from the intruders",101,1,true
31,NONE,NA,FRESH,32,0,2,495,795,"Risky","DZuWXaZy","Investigate Aifric Þórsson and find out their relation to the magic dog.",160,3,false
31,NONE,NA,FRESH,34,0,2,445,795,"Hmmm....","qD2gPKhl","Help defending pasture in Blackgill from the intruders",94,5,true
31,NONE,NA,FRESH,35,0,2,539,889,"Hmmm....","1HBW5bOd","Help defending peninsula in Eastkeep from the intruders",81,7,true
31,NONE,NA,EXPIRING,36,0,2,620,970,"Walk in the park","EqZ7LrYO","Help defending grassland in Northbury from the intruders",109,1,true
31,NONE,NA,EXPIRING,37,0,2,729,1079,"Sure thing","ubjHypxi","Help defending meadow in Strongsheen from the intruders",110,1,true
31,NONE,NA,NA,38,0,2,839,1189,"Sure thing","XzIJ8F7Q","Help defending thrift shoppe in Easttown from the intruders",75,6,true
31,NONE,NA,NA,39,0,2,914,1264,"Piece of cake","MOMQRI2P","Help defending thrift shoppe in Pencrest from the intruders",103,6,true
31,NONE,NA,NA,40,0,2,1017,1367,"Walk in the park","dTR1yy70","Help defending plains in Towerwell from the intruders",87,6,true
31,NONE,NA,FRESH,41,0,2,1104,1454,"Playing with fire","pezMwIXa","Help defending meadow in Thornchester from the intruders",86,4,true
31,NONE,NA,EXPIRING,42,0,2,1190,1540,"Gamble","IG7y6N1i","Help defending field in Westbury from the intruders",87,1,true
31,NONE,NA,NA,43,0,2,1277,1627,"Quite likely","p8hsLIvS","Help defending grassland in Voidport from the intruders",77,6,true
31,NONE,NA,NA,44,0,2,1354,1704,"Quite likely","arAxSFFA","Help defending woodland in Darkbane from the intruders",67,7,true
31,NONE,NA,NA,45,0,2,1421,1771,"Gamble","T0fJKsrw","Help defending grassland in Fangbane from the intruders",86,5,false
31,NONE,NA,NA,47,0,2,1371,1771,"Risky","IMyau3Do","Help defending grassland in Lowepeak from the intruders",97,3,true
31,NONE,NA,EXPIRING,48,0,2,1468,1868,"Playing with fire","Ii7nvcHC","Help defending plains in Towergill from the intruders",91,1,false
32,NONE,NA,NA,0,0,3,0,0,"Piece of cake","4SUksi0c","Escort Vikentiy Spalding to savannah in Dornspring where they can meet with their long lost bucket",70,7,true
32,NONE,NA,NA,1,0,3,70,70,"Sure thing","6rTeQ5NH","Help Boróka Whinery to fix their wagon",2,7,true
32,NONE,NA,NA,2,0,3,72,72,"Piece of cake","PuWzfArX","Create an advertisement campaign for Roc Fletcher to promote their beer mug based business",25,5,true
32,NONE,NA,NA,3,0,3,97,97,"Sure thing","S7DacYc4","Escort Liborio Paterson to grassland in Northcrest where they can meet with their long lost chariot",86,7,true
32,NONE,NA,NA,4,0,3,183,183,"Piece of cake","Q5yPyU6H","Help Nicolao Winchester to reach an agreement with Cassian Whitney on the matters of disputed cat",12,3,true
32,NONE,NA,NA,5,0,3,195,195,"Piece of cake","vnSFEQKS","Steal house delivery to Šimo Kjartansson and share some of the profits with the people.",60,4,true
32,NONE,NA,EXPIRING,6,0,3,255,255,"Walk in the park","KwEevSFq","Escort Arja Fitzroy to grassland in Strongscale where they can meet with their long lost house",59,1,true
32,NONE,NA,NA,7,0,3,314,314,"Piece of cake","DaU74V24","Steal clothes delivery to Sahak Brigham and share some of the profits with the people.",55,7,true
32,NONE,NA,NA,8,0,3,369,369,"Piece of cake","KItAk0if","Escort Sapphire Langley to grassland in Dornloft where they can meet with their long lost pot",70,6,true
32,NONE,NA,NA,9,0,3,439,439,"Piece of cake","KVeg5vFt","Steal turnips delivery to Noah Franklyn and share some of the profits with the people.",60,5,true
32,NONE,NA,FRESH,10,0,3,499,499,"Gamble","YiwKNN35","Escort Gracelyn Sangster to steppe in Southdeen where they can meet with their long lost cat",55,4,false
32,NONE,NA,EXPIRING,11,0,2,499,499,"Walk in the park","hjljdCID","Help Sung-hoon Mathewson to transport a magic clothes to pasture in Oldton",16,1,true
32,NONE,NA,FRESH,12,0,2,515,515,"Gamble","8Y85jLog","Create an advertisement campaign for Onesiphoros Martins to promote their clothes based business",26,6,true
32,NONE,NA,EXPIRING,13,0,2,541,541,"Walk in the park","IvD8FP9o","Create an advertisement campaign for Jimmie Sanderson to promote their wagon based business",35,1,true
32,NONE,NA,EXPIRING,14,0,2,576,576,"Quite likely","tQgq0gaD","Help Anas Haylock to write their biographical novel about their difficulties with a deranged clothes",37,1,true
32,NONE,NA,FRESH,15,0,2,613,613,"Walk in the park","kLMVkvWh","Steal sheep delivery to Merv Dwerryhouse and share some of the profits with the people.",57,6,true
32,NONE,NA,FRESH,16,0,2,670,670,"Walk in the park","JttorS6i","Escort Jakki Christopherson to thrift shoppe in Bleakwhyte where they can meet with their long lost horse",76,7,true
32,NONE,NA,EXPIRING,17,0,2,746,746,"Piece of cake","v1CAitZ0","Steal pot delivery to Severus Christophers and share some of the profits with the people.",64,1,true
32,NONE,NA,NA,18,0,2,810,810,"Sure thing","tqAV8RfG","Create an advertisement campaign for Sigihild Bowe to promote their squirrel based business",28,2,true
32,NONE,NA,FRESH,19,0,2,838,838,"Quite likely","aZ7r7NiU","Steal water delivery to Taddeo Brassington and share some of the profits with the people.",57,7,true
32,NONE,NA,EXPIRING,20,0,2,895,895,"Suicide mission","BXJljMQD","Help Jayadev Keighley to write their biographical novel about their difficulties with a deranged chariot",27,1,false
32,NONE,NA,EXPIRING,22,0,2,845,895,"Piece of cake","9RzqGo9v","Steal pan delivery to Vasil Blackburn and share some of the profits with the people.",38,1,true
32,NONE,NA,NA,23,0,2,883,933,"Sure thing","RP254VWc","Steal super awesome diamond house from Melati Cockburn",163,3,false
32,NONE,NA,FRESH,25,0,2,833,933,"Hmmm....","ym4yG2pt","Escort Eulalia Dedrick to meadow in Westgannon where they can meet with their long lost cat",54,5,false
32,NONE,NA,FRESH,27,0,2,783,933,"Piece of cake","CvTvfSVB","Escort Csilla Leonardson to meadow in Penseed where they can meet with their long lost chariot",68,3,true
32,NONE,NA,FRESH,28,0,2,851,1001,"Sure thing","Q1HSj6HW","Help defending savannah in Thornheart from the intruders",128,6,true
32,NONE,NA,NA,29,0,2,979,1129,"Sure thing","PHPJGgBY","Steal super awesome diamond water from Yordan Eymor",180,7,false
32,NONE,NA,NA,31,0,2,929,1129,"Sure thing","Ln4gjZUs","Steal super awesome diamond turnips from Sébastienne Ólafsson",153,7,false
32,NONE,NA,NA,33,0,2,879,1129,"Sure thing","NU9EHU5A","Steal super awesome diamond water from Meital Dedrick",170,7,false
32,NONE,NA,EXPIRING,35,0,2,829,1129,"Sure thing","UYE1Y53Z","Steal super awesome diamond wagon from Wawrzyniec Tittensor",191,1,false
32,NONE,NA,NA,37,0,2,779,1129,"Sure thing","CIu7h5oj","Steal super awesome diamond potatoes from Kenaniah Wylie",165,6,false
32,NONE,NA,EXPIRING,39,0,2,729,1129,"Sure thing","TkVw3D2A","Steal super awesome diamond turnips from Daphnée Abraham",155,1,false
32,NONE,NA,NA,41,0,2,679,1129,"Sure thing","Pkd98aX5","Steal super awesome diamond bucket from Eir Belmont",179,5,false
32,NONE,NA,FRESH,43,0,2,629,1129,"Sure thing","CHGID91r","Steal super awesome diamond dog from Pilirani Randell",189,7,false
32,NONE,NA,NA,45,0,2,579,1129,"Sure thing","MFVXbBOv","Steal super awesome diamond chicken from Shemaiah Hermanson",164,7,false
32,NONE,NA,NA,47,0,2,529,1129,"Sure thing","WB5o3FTp","Steal super awesome diamond house from Jocasta Strickland",185,2,false
32,NONE,NA,NA,49,0,2,479,1129,"Sure thing","AMqq9DxA","Steal super awesome diamond beer mug from Jago Kingston",178,7,false
33,NONE,NA,NA,0,0,3,0,0,"Sure thing","HlDuETU7","Help Shelah Christopherson to reach an agreement with Eifion Rowntree on the matters of disputed potatoes",8,7,true
33,NONE,NA,NA,1,0,3,8,8,"Sure thing","PuOjrGWB","Help Nobuyuki Britton to fix their bucket",4,6,true
33,NONE,NA,NA,2,0,3,12,12,"Sure thing","PZoyJodW","Help Eulàlia Arterbury to transport a magic chicken to grassland in Scaleville",15,7,true
33,NONE,NA,NA,3,0,3,27,27,"Sure thing","ETl00cEE","Help Whetu Christinsen to fix their weed",9,7,true
33,NONE,NA,NA,4,0,3,36,36,"Piece of cake","5XirFhmT","Help Salamon Maynard to fix their horse",10,3,true
33,NONE,NA,NA,5,0,3,46,46,"Piece of cake","8OyrfpJh","Help Spyro Arkwright to fix their clothes",8,2,true
33,NONE,NA,FRESH,6,0,3,54,54,"Walk in the park","E684IhA8","Steal beer mug delivery to Glukel Willard and share some of the profits with the people.",54,6,true
33,NONE,NA,EXPIRING,7,0,3,108,108,"Piece of cake","zexLo837","Help Nikomedes Webster to transport a magic chicken to steppe in Masoncawl",13,1,true
33,NONE,NA,NA,8,0,3,121,121,"Sure thing","gja4XMCy","Help Agathangelos Boatwright to reach an agreement with Bibek Paulson on the matters of disputed cat",9,6,true
33,NONE,NA,NA,9,0,3,130,130,"Piece of cake","16L7wxbp","Help Fu Boothman to write their biographical novel about their difficulties with a deranged cat",26,5,true
33,NONE,NA,NA,10,0,3,156,156,"Piece of cake","hOmifR8g","Escort Dearbháil Henryson to village in Frostford where they can meet with their long lost beer mug",57,1,true
33,NONE,NA,NA,11,0,3,213,213,"Walk in the park","J8DC864p","Escort Nikephoros Masters to steppe in Everville where they can meet with their long lost chicken",55,5,true
33,NONE,NA,FRESH,12,0,3,268,268,"Hmmm....","waXGQK8W","Help Melor Arneson to write their biographical novel about their difficulties with a deranged cat",21,6,false
33,NONE,NA,EXPIRING,13,0,2,268,268,"Playing with fire","o9SnHTpS","Create an advertisement campaign for Eliot Prescott to promote their chicken based business",28,1,false
33,NONE,NA,NA,15,0,2,218,268,"Piece of cake","674mQdXt","Steal chariot delivery to Zuleika Wilkinson and share some of the profits with the people.",39,7,false
33,NONE,NA,NA,17,0,2,168,268,"Sure thing","mRs5A1Fe","Steal weed delivery to Hovik Gabrielson and share some of the profits with the people.",31,7,true
33,NONE,NA,FRESH,18,0,2,199,299,"Quite likely","vua7nE4R","Steal clothes delivery to Teodozja Richardson and share some of the profits with the people.",75,5,true
33,NONE,NA,FRESH,19,0,2,274,374,"Walk in the park","KFPpwoxm","Help Donar Honeysett to write their biographical novel about their difficulties with a deranged beer mug",39,7,true
33,NONE,NA,FRESH,20,0,2,313,413,"Piece of cake","wyyHLaSo","Steal chicken delivery to Harinder Dedrick and share some of the profits with the people.",65,6,true
33,NONE,NA,EXPIRING,21,0,2,378,478,"Suicide mission","MV4Y2iH4","Infiltrate The Ice Wolverine Tribe and recover their secrets.",128,1,false
33,NONE,NA,EXPIRING,23,0,2,328,478,"Gamble","m0yccKt3","Investigate Herut Þórsdóttir and find out their relation to the magic dog.",130,1,true
33,NONE,NA,NA,24,0,2,458,608,"Sure thing","ZOlDFLf7","Help defending pasture in Metalbane from the intruders",102,5,true
33,NONE,NA,EXPIRING,25,0,2,560,710,"Gamble","Tb4TMGSa","Infiltrate The Ebony Crosses and recover their secrets.",126,1,false
33,NONE,NA,FRESH,27,0,2,510,710,"Gamble","gi4hafM3","Escort Valeriy Beckham to savannah in Millerwatch where they can meet with their long lost beer mug",79,3,false
33,NONE,NA,FRESH,29,0,2,460,710,"Walk in the park","5ZvrU9PN","Help defending savannah in Bleakcrest from the intruders",104,6,false
33,NONE,NA,FRESH,31,0,2,410,710,"Rather detrimental","O3HMtLKc","Investigate Decebal Spooner and find out their relation to the magic weed.",135,3,true
33,NONE,NA,EXPIRING,32,0,2,545,845,"Rather detrimental","OmzeO6LU","Investigate Otilia Michaelson and find out their relation to the magic weed.",138,1,false
33,NONE,NA,FRESH,34,0,2,495,845,"Playing with fire","kLlNI5sq","Investigate Jofre Sharman and find out their relation to the magic pot.",122,3,false
33,NONE,NA,NA,36,0,2,445,845,"Piece of cake","x5mae3oN","Help defending village in Orrinscale from the intruders",97,6,true
33,NONE,NA,NA,37,0,2,542,942,"Piece of cake","b18KVDd3","Help defending peninsula in Ridgehill from the intruders",86,7,true
33,NONE,NA,NA,38,0,2,628,1028,"Walk in the park","7k1cuQiu","Help defending savannah in Masonspring from the intruders",99,4,true
33,NONE,NA,NA,39,0,2,727,1127,"Piece of cake","S0k5WOdL","Help defending pasture in Ridgekeep from the intruders",89,7,true
33,NONE,NA,NA,40,0,2,816,1216,"Walk in the park","qGD6yjng","Help defending thrift shoppe in Ridgeheart from the intruders",102,2,true
33,NONE,NA,FRESH,41,0,2,918,1318,"Gamble","MsACxbob","Help defending pasture in Lightport from the intruders",90,3,true
33,NONE,NA,NA,42,0,2,1008,1408,"Walk in the park","U2zImsB3","Help defending peninsula in Redtown from the intruders",82,7,true
33,NONE,NA,EXPIRING,43,0,2,1090,1490,"Rather detrimental","sm5QLKTT","Help defending plains in Burnsfire from the intruders",73,1,true
33,NONE,NA,NA,44,0,2,1163,1563,"Walk in the park","BgpwNwBz","Help defending village in Bleakfair from the intruders",94,6,true
33,NONE,NA,NA,45,0,2,1257,1657,"Walk in the park","odsiHpSb","Help defending foggy riverside in Lighthole from the intruders",89,7,true
33,NONE,NA,NA,46,0,2,1346,1746,"Quite likely","4h2PCa1d","Help defending forest in Redsheen from the intruders",117,5,true
33,NONE,NA,FRESH,47,0,2,1463,1863,"Suicide mission","kW1JHvk7","Help defending foggy riverside in Dornmountain from the intruders",63,4,false
33,NONE,NA,NA,49,0,2,1413,1863,"Hmmm....","Agn9PRwu","Help defending manor in Fallham from the intruders",79,6,false
34,NONE,NA,NA,0,0,3,0,0,"Piece of cake","RqbcZxwg","Help Arabella Haggard to reach an agreement with Danica Anthonyson on the matters of disputed chariot",8,7,true
34,NONE,NA,NA,1,0,3,8,8,"Piece of cake","lhGmv0Iv","Help Tomás Sigurðardóttir to reach an agreement with Cibrán Samuels on the matters of disputed dog",8,6,true
34,NONE,NA,NA,2,0,3,16,16,"Piece of cake","nyVQkFJx","Steal chariot delivery to Oighrig Strickland and share some of the profits with the people.",57,5,true
34,NONE,NA,NA,3,0,3,73,73,"Piece of cake","8F4qvzLm","Help Bartholomew Haroldson to fix their chicken",4,7,true
34,NONE,NA,NA,4,0,3,77,77,"Walk in the park","4kxq5v6u","Help Philippus Harford to clean their weed",6,3,true
34,NONE,NA,NA,5,0,3,83,83,"Walk in the park","PYWEGsPI","Create an advertisement campaign for Yosyp Babcock to promote their bucket based business",42,2,true
34,NONE,NA,EXPIRING,6,0,3,125,125,"Gamble","aJVyCk7U","Help Rona Bernard to fix their horse",1,1,false
34,NONE,NA,NA,7,0,2,125,125,"Piece of cake","pNAiy7Gd","Help Cory Gilliam to sell an unordinary squirrel on the local market",19,7,false
34,NONE,NA,NA,9,0,2,75,125,"Sure thing","QtjqZl2l","Steal house delivery to Caoimhín Eldridge and share some of the profits with the people.",60,6,true
34,NONE,NA,FRESH,10,0,2,135,185,"Hmmm....","FIAd4KGB","Help Æðelflæd Harding to write their biographical novel about their difficulties with a deranged house",20,7,true
34,NONE,NA,NA,11,0,2,155,205,"Piece of cake","2ZKzvGpe","Help Vasilii Fitzroy to sell an unordinary turnips on the local market",34,5,true
34,NONE,NA,NA,12,0,2,189,239,"Piece of cake","2sdx0kZz","Help Viltė Westley to sell an unordinary pot on the local market",24,7,true
34,NONE,NA,EXPIRING,13,0,2,213,263,"Hmmm....","XgvsoetT","Help Rei Evanson to reach an agreement with Hamza Rowbottom on the matters of disputed horse",16,1,true
34,NONE,NA,EXPIRING,14,0,2,229,279,"Walk in the park","fu1tBeW9","Create an advertisement campaign for Seòsaidh Sniders to promote their weed based business",30,1,true
34,NONE,NA,NA,15,0,2,259,309,"Sure thing","9TGrsQYC","Steal sheep delivery to Amit Pearson and share some of the profits with the people.",49,6,true
34,NONE,NA,NA,16,0,2,308,358,"Piece of cake","PEpErgMp","Help Beelzebub Dedrick to sell an unordinary squirrel on the local market",19,4,true
34,NONE,NA,FRESH,17,0,2,327,377,"Quite likely","KYEaUDON","Steal chariot delivery to Myung Fleming and share some of the profits with the people.",56,6,true
34,NONE,NA,FRESH,18,0,2,383,433,"Gamble","KmA578u4","Escort Tushar Thwaite to steppe in Fallgarden where they can meet with their long lost water",45,6,true
34,NONE,NA,NA,19,0,2,428,478,"Sure thing","GAt522zq","Escort Kambujiya Seely to village in Burnskeep where they can meet with their long lost clothes",63,7,true
34,NONE,NA,FRESH,20,0,2,491,541,"Walk in the park","lRSJRHHc","Create an advertisement campaign for Mildgyð Chapman to promote their potatoes based business",38,5,false
34,NONE,NA,NA,22,0,2,441,541,"Piece of cake","3Z5VXxka","Help defending field in Westville from the intruders",116,7,true
34,NONE,NA,NA,23,0,2,557,657,"Piece of cake","8t4IJpbo","Help defending pasture in Southgill from the intruders",102,5,true
34,NONE,NA,FRESH,24,0,2,659,759,"Piece of cake","8DDIAyUS","Escort Amata Beverly to village in Blackdeen where they can meet with their long lost pan",76,7,true
34,NONE,NA,EXPIRING,25,0,2,735,835,"Piece of cake","cDzfBv08","Steal horse delivery to Karaugh Albertson and share some of the profits with the people.",53,1,true
34,NONE,NA,NA,26,0,2,788,888,"Piece of cake","JIQTWMoe","Help defending peninsula in Ridgecrest from the intruders",115,4,true
34,NONE,NA,FRESH,27,0,2,903,1003,"Risky","FQZjqhMU","Escort Nithya Debenham to savannah in Whitegill where they can meet with their long lost pot",89,4,false
34,NONE,NA,NA,29,0,2,853,1003,"Sure thing","ZTH5Te5O","Steal super awesome diamond bucket from Makena Attaway",166,7,false
34,NONE,NA,NA,31,0,2,803,1003,"Sure thing","dNPNTbWf","Steal super awesome diamond weed from Charley Bartram",168,6,false
34,NONE,NA,NA,33,0,2,753,1003,"Sure thing","7ImsAA3b","Steal super awesome diamond water from Cajetan Brynjólfsdóttir",167,7,false
34,NONE,NA,FRESH,35,0,2,703,1003,"Sure thing","G2UiQu7K","Steal super awesome diamond potatoes from Abubakar Breckenridge",159,6,false
34,NONE,NA,EXPIRING,37,0,2,653,1003,"Sure thing","ufQgZmMQ","Steal super awesome diamond potatoes from Trudie Ledford",157,1,false
34,NONE,NA,FRESH,39,0,2,603,1003,"Sure thing","Xsqk8Xl8","Steal super awesome diamond weed from Fayiz Pritchett",173,7,false
34,NONE,NA,NA,41,0,2,553,1003,"Sure thing","4HnjBo4W","Steal super awesome diamond dog from Apoorva Sudworth",175,6,false
34,NONE,NA,EXPIRING,43,0,2,503,1003,"Gamble","FtF7fsyc","Help defending savannah in Penheart from the intruders",70,1,true
34,NONE,NA,FRESH,44,0,2,573,1073,"Gamble","aOqRwbOl","Help defending meadow in Sharpham from the intruders",87,5,true
34,NONE,NA,NA,45,0,2,660,1160,"Sure thing","KcFEb2Vt","Steal super awesome diamond sheep from Mikita Thorburn",160,5,false
34,NONE,NA,NA,47,0,2,610,1160,"Sure thing","cw7JU0AY","Steal super awesome diamond clothes from Adebola Atteberry",167,5,false
34,NONE,NA,NA,49,0,2,560,1160,"Sure thing","dYoU2zph","Steal super awesome diamond pan from Floretta Sessions",194,3,false
35,NONE,NA,NA,0,0,3,0,0,"Sure thing","gLCQQ9ld","Steal horse delivery to Friðþjófr Nathanson and share some of the profits with the people.",52,7,true
35,NONE,NA,NA,1,0,3,52,52,"Piece of cake","9c7gaJBV","Help Jorunn Derrick to write their biographical novel about their difficulties with a deranged dog",29,6,true
35,NONE,NA,NA,2,0,3,81,81,"Piece of cake","adyv7997","Help Eseoghene Stanford to fix their weed",9,5,true
35,NONE,NA,NA,3,0,3,90,90,"Piece of cake","iFy7yJHS","Help Faustino Badcock to transport a magic bucket to field in Falldinny",19,4,true
35,NONE,NA,NA,4,0,3,109,109,"Sure thing","0Px1UHFb","Steal weed delivery to Makaio Stringer and share some of the profits with the people.",64,7,true
35,NONE,NA,NA,5,0,3,173,173,"Piece of cake","wXsr1SEo","Help Dekel Wheelock to clean their clothes",4,4,false
35,NONE,NA,EXPIRING,6,0,2,173,173,"Quite likely","1HKEM6nu","Help Ulf L'hernault to sell an unordinary pot on the local market",11,1,true
35,NONE,NA,NA,7,0,2,184,184,"Sure thing","AseAqIRh","Help Miron Cantrell to reach an agreement with Jerzy Hepburn on the matters of disputed bucket",6,7,true
35,NONE,NA,NA,8,0,2,190,190,"Piece of cake","iPjgnaWY","Escort Liêm Chamberlain to grassland in Razormire where they can meet with their long lost sheep",54,6,true
35,NONE,NA,NA,9,0,2,244,244,"Piece of cake","pmWhV6ze","Help Tuvya Hallgrímsson to reach an agreement with Oluwafunmilayo Strange on the matters of disputed bucket",12,5,true
35,NONE,NA,NA,10,0,2,256,256,"Walk in the park","BZMzoAbJ","Create an advertisement campaign for Kavita Cornett to promote their chariot based business",30,6,true
35,NONE,NA,EXPIRING,11,0,2,286,286,"Gamble","mExEBimr","Escort Willard Bronson to thrift shoppe in Ridgeville where they can meet with their long lost pan",66,1,true
35,NONE,NA,NA,12,0,2,352,352,"Walk in the park","K1oFarr4","Help Przemysł Savidge to transport a magic potatoes to field in Snowchester",15,2,true
35,NONE,NA,NA,13,0,2,367,367,"Walk in the park","gC9YQl3R","Help Victorius Rogerson to sell an unordinary chariot on the local market",14,5,false
35,NONE,NA,NA,15,0,2,317,367,"Piece of cake","59l3TIuy","Steal chicken delivery to Aristotelis Ellisson and share some of the profits with the people.",71,7,true
35,NONE,NA,FRESH,16,0,2,388,438,"Risky","dgyolBsC","Escort Belinha Arrington to peninsula in Northdeen where they can meet with their long lost chicken",66,3,true
35,NONE,NA,NA,17,0,2,454,504,"Sure thing","ADvrBrve","Steal potatoes delivery to Harry Rennell and share some of the profits with the people.",58,7,true
35,NONE,NA,NA,18,0,2,512,562,"Piece of cake","aZAPpDnK","Escort Jurian Burnham to village in Eastshore where they can meet with their long lost sheep",63,6,true
35,NONE,NA,NA,19,0,2,575,625,"Sure thing","H4BWEg3R","Escort Juana Woodhams to peninsula in Lowegill where they can meet with their long lost beer mug",73,7,true
35,NONE,NA,FRESH,20,0,2,648,698,"Piece of cake","k1f4MfP6","Steal bucket delivery to Meinard Ericson and share some of the profits with the people.",60,5,true
35,NONE,NA,FRESH,21,0,2,708,758,"Piece of cake","mkLAQFh4","Escort Nuan Edduson to meadow in Eastfirth where they can meet with their long lost dog",65,7,true
35,NONE,NA,NA,22,0,2,773,823,"Sure thing","1Stfwv49","Help defending plains in Greyscale from the intruders",91,7,true
35,NONE,NA,EXPIRING,23,0,2,864,914,"Quite likely","d3ZhAttR","Investigate Miša Treloar and find out their relation to the magic squirrel.",131,1,true
35,NONE,NA,NA,24,0,2,995,1045,"Sure thing","0dKeSMFF","Steal super awesome diamond wagon from Irvine Hampson",158,6,false
35,NONE,NA,EXPIRING,26,0,2,945,1045,"Risky","1vrknrFl","Escort Teófilo Cookson to meadow in Metalscale where they can meet with their long lost house",67,1,false
35,NONE,NA,NA,28,0,2,895,1045,"Piece of cake","NzcxLUV3","Steal super awesome diamond beer mug from Levent Rodgers",166,2,false
35,NONE,NA,NA,30,0,2,845,1045,"Piece of cake","j84oUS6o","Help defending pasture in Sharpgill from the intruders",98,6,true
35,NONE,NA,NA,31,0,2,943,1143,"Piece of cake","6pIIx1Tf","Help defending plains in Burnswatch from the intruders",94,7,true
35,NONE,NA,EXPIRING,32,0,2,1037,1237,"Playing with fire","tCpb7S5H","Infiltrate The Invisibles and recover their secrets.",147,1,false
35,NONE,NA,NA,34,0,2,987,1237,"Piece of cake","m9pAxvtY","Help defending grassland in Thornpeak from the intruders",106,7,true
35,NONE,NA,FRESH,35,0,2,1093,1343,"Risky","bUks5pkv","Help defending pasture in Penbane from the intruders",95,7,true
35,NONE,NA,NA,36,0,2,1188,1438,"Piece of cake","WEj9mivK","Help defending steppe in Lighttown from the intruders",101,7,true
35,NONE,NA,EXPIRING,37,0,2,1289,1539,"Hmmm....","OQGQ54dj","Help defending field in Masonsheen from the intruders",79,1,true
35,NONE,NA,FRESH,38,0,2,1368,1618,"Walk in the park","TmaiEq1B","Help defending meadow in Darkhill from the intruders",92,6,true
35,NONE,NA,NA,39,0,2,1460,1710,"Piece of cake","ztOiyg5I","Help defending peninsula in Fernshaw from the intruders",91,1,true
35,NONE,NA,NA,40,0,2,1551,1801,"Walk in the park","vJJwQabT","Help defending thrift shoppe in Whitehole from the intruders",75,2,true
35,NONE,NA,FRESH,41,0,2,1626,1876,"Gamble","khrVaNDy","Help defending grassland in Towerdrone from the intruders",103,4,true
35,NONE,NA,FRESH,42,0,2,1729,1979,"Hmmm....","Le130UFN","Help defending field in Penpeak from the intruders",94,6,true
35,NONE,NA,NA,43,0,2,1823,2073,"Walk in the park","lLJ1VMhD","Help defending village in Blackbane from the intruders",101,6,true
35,NONE,NA,NA,44,0,2,1924,2174,"Quite likely","VjWqDIn2","Help defending field in Westdean from the intruders",72,4,false
35,NONE,NA,FRESH,46,0,2,1874,2174,"Rather detrimental","QlcUCYe1","Help defending meadow in Lowewhyte from the intruders",100,4,true
35,NONE,NA,NA,47,0,2,1974,2274,"Quite likely","u4cWfFI1","Help defending woodland in Strongcaster from the intruders",69,5,false
35,NONE,NA,EXPIRING,49,0,2,1924,2274,"Hmmm....","51dgpOdg","Help defending pasture in Doveville from the intruders",79,1,false
36,NONE,NA,NA,0,0,3,0,0,"Piece of cake","FnFcO7P1","Steal squirrel delivery to Teréz Peacock and share some of the profits with the people.",43,7,true
36,NONE,NA,NA,1,0,3,43,43,"Piece of cake","IBFy1FSJ","Create an advertisement campaign for Alannah Boatwright to promote their chariot based business",25,6,false
36,NONE,NA,NA,2,0,2,43,43,"Piece of cake","UpOAheBh","Escort Hina Desprez to village in Orrinham where they can meet with their long lost sheep",84,5,true
36,NONE,NA,NA,3,0,2,127,127,"Piece of cake","rsJ2Vdhk","Escort Breandán Clinton to field in Thornwhyte where they can meet with their long lost house",55,4,true
36,NONE,NA,NA,4,0,2,182,182,"Piece of cake","sevQObQg","Help Ezechias Stringer to reach an agreement with Arabella Whitaker on the matters of disputed chariot",14,4,true
36,NONE,NA,NA,5,0,2,196,196,"Walk in the park","2y0gNG6d","Help Aldina Treloar to reach an agreement with Drew Armstrong on the matters of disputed sheep",13,2,false
36,NONE,NA,NA,7,0,2,146,196,"Piece of cake","A4f0jGAl","Create an advertisement campaign for Sang Prudhomme to promote their pan based business",42,7,true
36,NONE,NA,EXPIRING,8,0,2,188,238,"Quite likely","jE0S1hRn","Help Daviti Blankenship to reach an agreement with Semi̇ha Southers on the matters of disputed weed",5,1,false
36,NONE,NA,EXPIRING,10,0,2,138,238,"Walk in the park","eLp7zG14","Help Xenon Williams to sell an unordinary chicken on the local market",18,1,true
36,NONE,NA,NA,11,0,2,156,256,"Walk in the park","AotNycLN","Help Sören Þórhallsson to write their biographical novel about their difficulties with a deranged clothes",27,1,true
36,NONE,NA,NA,12,0,2,183,283,"Walk in the park","easSm3iD","Help Bellatrix Stevenson to transport a magic wagon to thrift shoppe in Ferncrest",16,1,true
36,NONE,NA,EXPIRING,13,0,2,199,299,"Rather detrimental","KgmHvjI0","Help Demetrio Nathans to write their biographical novel about their difficulties with a deranged cat",36,1,false
36,NONE,NA,EXPIRING,15,0,2,149,299,"Gamble","pAeQqyLe","Create an advertisement campaign for Kenji Arthurson to promote their dog based business",32,1,false
36,NONE,NA,EXPIRING,17,0,2,99,299,"Quite likely","uQdBz1jD","Create an advertisement campaign for Baldr Millhouse to promote their wagon based business",31,1,true
36,NONE,NA,NA,18,0,2,130,330,"Piece of cake","4xlh4Hue","Create an advertisement campaign for Nowell Arterberry to promote their bucket based business",25,7,true
36,NONE,NA,NA,19,0,2,155,355,"Piece of cake","auOAoiBQ","Help Dariusz Fairburn to write their biographical novel about their difficulties with a deranged pot",31,2,true
36,NONE,NA,EXPIRING,20,0,2,186,386,"Risky","tyANITmB","Create an advertisement campaign for Aldona Jameson to promote their cat based business",26,1,true
36,NONE,NA,EXPIRING,21,0,2,212,412,"Piece of cake","uwQftLnI","Escort Christabel Michaelson to peninsula in Ridgehill where they can meet with their long lost potatoes",72,1,true
36,NONE,NA,NA,22,0,2,284,484,"Piece of cake","1bSH37rO","Escort Chifuniro Deadman to savannah in Falldrone where they can meet with their long lost bucket",48,7,true
36,NONE,NA,EXPIRING,23,0,2,332,532,"Gamble","NKEH9wjR","Infiltrate The Eagle Soldiers and recover their secrets.",155,1,true
36,NONE,NA,NA,24,0,2,487,687,"Piece of cake","7nYqKor5","Escort Artemisia Vincent to grassland in Ridgewell where they can meet with their long lost water",68,3,true
36,NONE,NA,EXPIRING,25,0,2,555,755,"Hmmm....","qsDj9FKL","Investigate Domitian Attaway and find out their relation to the magic chariot.",155,1,true
36,NONE,NA,NA,26,0,2,710,910,"Piece of cake","egiIP6vN","Escort Ambrogino Pierson to thrift shoppe in Snowdale where they can meet with their long lost turnips",69,5,true
36,NONE,NA,FRESH,27,0,2,779,979,"Hmmm....","MHzjJZyM","Help defending steppe in Penpeak from the intruders",107,6,true
36,NONE,NA,NA,28,0,2,886,1086,"Walk in the park","hkZx8jjG","Help defending steppe in Lightfair from the intruders",106,4,true
36,NONE,NA,NA,29,0,2,992,1192,"Gamble","RSRb5EBl","Escort Priskilla Whitaker to meadow in Bleaktown where they can meet with their long lost weed",66,1,true
36,NONE,NA,EXPIRING,30,0,2,1058,1258,"Impossible","lbaRoD0d","Kill Dylis Rowbottom with water and make Rajesh Blackwood from palace in Eversheen to take the blame",113,1,false
36,NONE,NA,FRESH,32,0,2,1008,1258,"Risky","mdSYAkVb","Help defending thrift shoppe in Sharpcrest from the intruders",114,3,false
36,NONE,NA,NA,34,0,2,958,1258,"Piece of cake","4y9LAokj","Help defending meadow in Burnsdinny from the intruders",113,4,true
36,NONE,NA,EXPIRING,35,0,2,1071,1371,"Gamble","Z4XJ2lMw","Infiltrate The Ruby Thorns and recover their secrets.",105,1,false
36,NONE,NA,NA,37,0,2,1021,1371,"Piece of cake","E6nyhwRd","Help defending peninsula in Razorloft from the intruders",94,1,true
36,NONE,NA,NA,38,0,2,1115,1465,"Walk in the park","5iZuaPqk","Help defending peninsula in Millerburg from the intruders",86,2,true
36,NONE,NA,NA,39,0,2,1201,1551,"Piece of cake","uUTGRyHO","Help defending village in Whiteford from the intruders",87,7,true
36,NONE,NA,NA,40,0,2,1288,1638,"Walk in the park","GP2i5NSe","Help defending plains in Voidbane from the intruders",73,2,true
36,NONE,NA,FRESH,41,0,2,1361,1711,"Gamble","FhxCpqvX","Help defending plains in Strongloft from the intruders",72,6,true
36,NONE,NA,EXPIRING,42,0,2,1433,1783,"Suicide mission","FCwz0Ke2","Help defending plains in Fernsheen from the intruders",84,1,false
36,NONE,NA,EXPIRING,44,0,2,1383,1783,"Gamble","88VJ0sZ3","Help defending thrift shoppe in Frostcaster from the intruders",88,1,true
36,NONE,NA,NA,45,0,2,1471,1871,"Hmmm....","kpr3WTvv","Help defending steppe in Sharpsheen from the intruders",79,4,false
36,NONE,NA,FRESH,47,0,2,1421,1871,"Rather detrimental","f7TxEaoX","Help defending woodland in Ferndale from the intruders",57,7,false
36,NONE,NA,FRESH,49,0,2,1371,1871,"Suicide mission","lWdG6vN1","Help defending thicket in Evercawl from the intruders",89,6,false
37,NONE,NA,NA,0,0,3,0,0,"Piece of cake","QkjiF4SW","Help Titty Adamson to fix their turnips",9,7,true
37,NONE,NA,NA,1,0,3,9,9,"Piece of cake","9025n65M","Help Graciela Hamilton to clean their weed",1,7,true
37,NONE,NA,NA,2,0,3,10,10,"Piece of cake","fZxcyi6Z","Help Moe Yule to transport a magic sheep to meadow in Bloodbane",21,5,true
37,NONE,NA,NA,3,0,3,31,31,"Piece of cake","gyK0wouN","Steal dog delivery to Abia Stanford and share some of the profits with the people.",64,4,true
37,NONE,NA,NA,4,0,3,95,95,"Piece of cake","tS4bCd9B","Create an advertisement campaign for Bertram Madison to promote their water based business",23,6,true
37,NONE,NA,NA,5,0,3,118,118,"Piece of cake","e9lioCWQ","Create an advertisement campaign for Ler Þórhallsson to promote their clothes based business",32,7,true
37,NONE,NA,FRESH,6,0,3,150,150,"Gamble","6Qey0tBD","Create an advertisement campaign for Achan Masters to promote their wagon based business",17,7,false
37,NONE,NA,NA,7,0,2,150,150,"Sure thing","HRSYGqB1","Help Mariel Þórhalldóttir to transport a magic pot to meadow in Orrinport",5,7,true
37,NONE,NA,NA,8,0,2,155,155,"Sure thing","JcQQSzwP","Help Dalitso Hambledon to sell an unordinary turnips on the local market",26,6,true
37,NONE,NA,NA,9,0,2,181,181,"Piece of cake","OWc3MGsh","Escort Fidelma Shackleford to thrift shoppe in Eastwhyte where they can meet with their long lost turnips",59,7,true
37,NONE,NA,EXPIRING,10,0,2,240,240,"Walk in the park","lnJGBgr7","Help Lisbet Atwater to fix their pan",5,1,true
37,NONE,NA,NA,11,0,2,245,245,"Piece of cake","1ZjFFPki","Create an advertisement campaign for Yasen Fishman to promote their pan based business",27,6,true
37,NONE,NA,NA,12,0,2,272,272,"Sure thing","I6JpTqKA","Steal wagon delivery to Jannette Barnard and share some of the profits with the people.",43,7,true
37,NONE,NA,FRESH,13,0,2,315,315,"Hmmm....","riQVmd7U","Create an advertisement campaign for Azeneth Wickham to promote their weed based business",25,3,false
37,NONE,NA,NA,15,0,2,265,315,"Piece of cake","Okv3ZQmW","Help Lin Tennison to sell an unordinary bucket on the local market",25,3,true
37,NONE,NA,NA,16,0,2,290,340,"Walk in the park","HPaSTcEK","Help Jahzeel Breckenridge to write their biographical novel about their difficulties with a deranged turnips",41,6,true
37,NONE,NA,NA,17,0,2,331,381,"Quite likely","gEp3zJns","Help Mahmood Bloxham to sell an unordinary horse on the local market",15,4,true
37,NONE,NA,NA,18,0,2,346,396,"Hmmm....","97D9g173","Help Corina Deering to sell an unordinary chariot on the local market",23,3,true
37,NONE,NA,FRESH,19,0,2,369,419,"Gamble","jJTk1AJl","Create an advertisement campaign for Şi̇ri̇n Sheppard to promote their chicken based business",26,7,false
37,NONE,NA,NA,21,0,2,319,419,"Piece of cake","0CDjsHOR","Help defending thrift shoppe in Northmoore from the intruders",119,7,true
37,NONE,NA,NA,22,0,2,438,538,"Piece of cake","CjYEQRqJ","Escort Yanka Royceston to peninsula in Orrindean where they can meet with their long lost house",62,5,true
37,NONE,NA,NA,23,0,2,500,600,"Piece of cake","Rb3wiZG8","Help defending meadow in Voiddean from the intruders",114,5,true
37,NONE,NA,FRESH,24,0,2,614,714,"Playing with fire","ybigG2M5","Escort Elisabed Jameson to thrift shoppe in Dornpine where they can meet with their long lost turnips",50,4,false
37,NONE,NA,NA,26,0,2,564,714,"Sure thing","pxRu9dMq","Help defending thrift shoppe in Blackcrest from the intruders",106,6,true
37,NONE,NA,EXPIRING,27,0,2,670,820,"Walk in the park","gtBKMYft","Escort Agar Chandler to steppe in Dornton where they can meet with their long lost dog",71,1,true
37,NONE,NA,NA,28,0,2,741,891,"Piece of cake","fKL0w6Zl","Escort Jure Prudhomme to pasture in Eastheart where they can meet with their long lost squirrel",71,1,true
37,NONE,NA,FRESH,29,0,2,812,962,"Quite likely","1IGPTnil","Help defending savannah in Eastgarden from the intruders",105,6,true
37,NONE,NA,NA,30,0,2,917,1067,"Piece of cake","QRyO3PYA","Help defending plains in Towerbury from the intruders",108,7,true
37,NONE,NA,NA,31,0,2,1025,1175,"Piece of cake","TXgtf1M9","Help defending meadow in Millerdeen from the intruders",112,6,true
37,NONE,NA,NA,32,0,2,1137,1287,"Walk in the park","7hkpkTh8","Help defending peninsula in Scaleport from the intruders",99,1,true
37,NONE,NA,EXPIRING,33,0,2,1236,1386,"Playing with fire","p4VqanIx","Investigate Trenton Hampton and find out their relation to the magic weed.",156,1,false
37,NONE,NA,NA,35,0,2,1186,1386,"Piece of cake","BtWdDJGA","Help defending peninsula in Ferntown from the intruders",89,6,true
37,NONE,NA,EXPIRING,36,0,2,1275,1475,"Risky","2BUNbyLw","Investigate Ampelio Treloar and find out their relation to the magic beer mug.",177,1,false
37,NONE,NA,NA,38,0,2,1225,1475,"Piece of cake","PUOUYePO","Help defending plains in Ravendeen from the intruders",101,3,true
37,NONE,NA,FRESH,39,0,2,1326,1576,"Walk in the park","SJnwP3kI","Help defending meadow in Thorndale from the intruders",94,3,false
37,NONE,NA,NA,41,0,2,1276,1576,"Piece of cake","JW6r1hLC","Help defending village in Voidcaster from the intruders",60,6,true
37,NONE,NA,EXPIRING,42,0,2,1336,1636,"Risky","DYALYM6T","Help defending pasture in Bleakton from the intruders",54,1,true
37,NONE,NA,FRESH,43,0,2,1390,1690,"Risky","iGnxeYsp","Help defending peninsula in Whitemire from the intruders",82,4,true
37,NONE,NA,NA,44,0,2,1472,1772,"Quite likely","I7nM3kMR","Help defending plains in Millerford from the intruders",105,2,true
37,NONE,NA,NA,45,0,2,1577,1877,"Quite likely","DMsP5NM6","Help defending forest in Scalemere from the intruders",76,7,true
37,NONE,NA,EXPIRING,46,0,2,1653,1953,"Hmmm....","JXpRNTPg","Help defending peninsula in Bleakbane from the intruders",100,1,true
37,NONE,NA,NA,47,0,2,1753,2053,"Quite likely","RUz6bmBw","Help defending peninsula in Frosthole from the intruders",86,2,true
37,NONE,NA,NA,48,0,2,1839,2139,"Hmmm....","CLWTlw32","Help defending peninsula in Millermere from the intruders",76,1,true
37,NONE,NA,EXPIRING,49,0,2,1915,2215,"Suicide mission","mCyXOIRR","Help defending plains in Dornshore from the intruders",76,1,false
38,NONE,NA,NA,0,0,3,0,0,"Sure thing","S0quHoDk","Help Eskarne Clemens to reach an agreement with Bergljot Seabrooke on the matters of disputed chariot",4,7,true
38,NONE,NA,NA,1,0,3,4,4,"Sure thing","SXScJEni","Help Saule Marston to clean their bucket",4,6,true
38,NONE,NA,NA,2,0,3,8,8,"Sure thing","TSkhJNoq","Help Caden Griffin to clean their pan",2,5,true
38,NONE,NA,NA,3,0,3,10,10,"Piece of cake","4tCRSsAI","Help Ghoncheh Paulson to reach an agreement with Hevel Brandon on the matters of disputed chariot",8,4,true
38,NONE,NA,NA,4,0,3,18,18,"Piece of cake","KsWsEnyO","Escort Abiel Joplin to meadow in Strongwatch where they can meet with their long lost pot",83,6,true
38,NONE,NA,NA,5,0,3,101,101,"Piece of cake","3HcRrmii","Escort Mairead Giel to steppe in Redshaw where they can meet with their long lost clothes",72,7,true
38,NONE,NA,NA,6,0,3,173,173,"Piece of cake","LiVcg2cs","Create an advertisement campaign for Albert Allaire to promote their clothes based business",20,7,true
38,NONE,NA,NA,7,0,3,193,193,"Sure thing","os54jQQp","Help Fayruz Cotterill to transport a magic cat to steppe in Everford",13,7,true
38,NONE,NA,NA,8,0,3,206,206,"Piece of cake","DLR5XyIU","Help Cirillo Waldron to transport a magic pan to savannah in Frostgannon",15,6,true
38,NONE,NA,NA,9,0,3,221,221,"Piece of cake","PPTW1QR4","Help Dani Readdie to fix their house",10,2,true
38,NONE,NA,NA,10,0,3,231,231,"Piece of cake","du5vX3Df","Create an advertisement campaign for Andreja Steinauer to promote their clothes based business",30,4,true
38,NONE,NA,NA,11,0,3,261,261,"Piece of cake","LXQJXIUe","Steal water delivery to Tenney Gardiner and share some of the profits with the people.",48,7,true
38,NONE,NA,NA,12,0,3,309,309,"Piece of cake","qYgRkvKp","Help Claudie Hilmarsdóttir to sell an unordinary house on the local market",24,4,true
38,NONE,NA,FRESH,13,0,3,333,333,"Risky","jS1ZPZK1","Create an advertisement campaign for Myeong-suk Painter to promote their house based business",27,4,false
38,NONE,NA,FRESH,14,0,2,333,333,"Hmmm....","3hNqpX8e","Escort Petrina Lynwood to field in Oldville where they can meet with their long lost sheep",51,7,true
38,NONE,NA,EXPIRING,15,0,2,384,384,"Walk in the park","RgVuG8uD","Create an advertisement campaign for Anđela Emor to promote their chicken based business",42,1,true
38,NONE,NA,NA,16,0,2,426,426,"Piece of cake","PZi2cBsT","Steal horse delivery to Mette Wylie and share some of the profits with the people.",58,6,true
38,NONE,NA,FRESH,17,0,2,484,484,"Gamble","v7eQ71oG","Escort Kirils Townsend to village in Westheart where they can meet with their long lost sheep",58,5,false
38,NONE,NA,EXPIRING,19,0,2,434,484,"Gamble","8RdSVOMv","Create an advertisement campaign for Alis Pearson to promote their bucket based business",30,1,true
38,NONE,NA,FRESH,20,0,2,464,514,"Playing with fire","0Qur5iXl","Help İlhami̇ Harland to write their biographical novel about their difficulties with a deranged water",43,4,false
38,NONE,NA,NA,22,0,2,414,514,"Sure thing","GDqIY8hf","Help defending field in Greytown from the intruders",106,6,true
38,NONE,NA,NA,23,0,2,520,620,"Piece of cake","64hmOtJW","Escort Celia Emerson to thrift shoppe in Lowedrone where they can meet with their long lost clothes",78,6,true
38,NONE,NA,FRESH,24,0,2,598,698,"Piece of cake","u5uPe4d5","Escort Yesha'yahu Readdie to village in Eastwell where they can meet with their long lost sheep",66,6,true
38,NONE,NA,NA,25,0,2,664,764,"Sure thing","ZFV6rrnh","Escort Petya Richardson to savannah in Highgannon where they can meet with their long lost turnips",68,6,true
38,NONE,NA,FRESH,26,0,2,732,832,"Suicide mission","RFzMQyVc","Investigate Eerikki Leonard and find out their relation to the magic dog.",127,3,false
38,NONE,NA,NA,28,0,2,682,832,"Piece of cake","Cm4aoJwk","Help defending peninsula in Razorville from the intruders",103,6,true
38,NONE,NA,NA,29,0,2,785,935,"Walk in the park","BIz3j2w1","Help defending meadow in Voiddinny from the intruders",101,3,true
38,NONE,NA,FRESH,30,0,2,886,1036,"Suicide mission","fZ7qo6jG","Investigate Jeremias Jennings and find out their relation to the magic cat.",99,3,false
38,NONE,NA,NA,32,0,2,836,1036,"Walk in the park","DsLRwFlV","Help defending savannah in Whitemire from the intruders",103,2,true
38,NONE,NA,NA,33,0,2,939,1139,"Walk in the park","9sHriyGO","Infiltrate The Fire Wolves and recover their secrets.",145,2,false
38,NONE,NA,NA,35,0,2,889,1139,"Walk in the park","lJ8SgbEk","Help defending field in Metalsheen from the intruders",100,7,true
38,NONE,NA,EXPIRING,36,0,2,989,1239,"Gamble","JBODxgiM","Investigate Iqbal Morriss and find out their relation to the magic chicken.",128,1,false
38,NONE,NA,NA,38,0,2,939,1239,"Walk in the park","m3T4hLN5","Help defending pasture in Millergannon from the intruders",115,5,true
38,NONE,NA,EXPIRING,39,0,2,1054,1354,"Hmmm....","vEt9h5ZO","Help defending thrift shoppe in Thornville from the intruders",88,1,false
38,NONE,NA,NA,41,0,2,1004,1354,"Walk in the park","opQE8yr9","Help defending field in Lowewell from the intruders",97,2,true
38,NONE,NA,EXPIRING,42,0,2,1101,1451,"Rather detrimental","DnNhEOra","Help defending peninsula in Towerdinny from the intruders",66,1,false
38,NONE,NA,NA,44,0,2,1051,1451,"Walk in the park","a8ewjP8s","Help defending cave in Voidgannon from the intruders",69,7,true
38,NONE,NA,EXPIRING,45,0,2,1120,1520,"Rather detrimental","gut4Jy8t","Help defending savannah in Newville from the intruders",90,1,false
38,NONE,NA,FRESH,47,0,2,1070,1520,"Gamble","INH3ILRe","Help defending hill in Everpool from the intruders",79,4,false
38,NONE,NA,EXPIRING,49,0,2,1020,1520,"Playing with fire","JSlv2dk4","Help defending pasture in Evergill from the intruders",79,1,false
39,NONE,NA,NA,0,0,3,0,0,"Sure thing","BH72lSBb","Steal wagon delivery to Cullen Sanderson and share some of the profits with the people.",52,7,true
39,NONE,NA,NA,1,0,3,52,52,"Sure thing","K6pwCHGq","Help Averill Russell to clean their weed",7,6,true
39,NONE,NA,NA,2,0,3,59,59,"Piece of cake","CX4LDK1U","Steal clothes delivery to Lysimachos Andrewson and share some of the profits with the people.",57,7,true
39,NONE,NA,NA,3,0,3,116,116,"Piece of cake","P8c2T7Nt","Create an advertisement campaign for Mikelo Milford to promote their chariot based business",19,5,true
39,NONE,NA,NA,4,0,3,135,135,"Walk in the park","3raZkctg","Help Nhung Kinsley to sell an unordinary potatoes on the local market",24,3,true
39,NONE,NA,NA,5,0,3,159,159,"Walk in the park","G3d3Aspa","Help Nour Sanderson to reach an agreement with Quim Sergeant on the matters of disputed chicken",20,2,true
39,NONE,NA,FRESH,6,0,3,179,179,"Hmmm....","bsyvxgac","Escort Calypso Fitzroy to field in Penspring where they can meet with their long lost pan",58,7,false
39,NONE,NA,NA,7,0,2,179,179,"Sure thing","2sDngTSJ","Help Agapetos Thrussell to sell an unordinary chicken on the local market",13,7,true
39,NONE,NA,NA,8,0,2,192,192,"Sure thing","0ThedQ0x","Help Wangi Goody to reach an agreement with Haru Skinner on the matters of disputed house",18,7,true
39,NONE,NA,FRESH,9,0,2,210,210,"Gamble","uOjtf4ud","Create an advertisement campaign for Raynard Kynaston to promote their chariot based business",35,5,false
39,NONE,NA,NA,11,0,2,160,210,"Walk in the park","A8WGruvB","Create an advertisement campaign for Chi Leavitt to promote their beer mug based business",40,5,true
39,NONE,NA,NA,12,0,2,200,250,"Walk in the park","BymZGM8f","Help Chandana Finnbogason to transport a magic sheep to pasture in Frostsheen",16,2,true
39,NONE,NA,FRESH,13,0,2,216,266,"Quite likely","AfuSu1nA","Help Valéry Delaney to write their biographical novel about their difficulties with a deranged horse",21,5,true
39,NONE,NA,NA,14,0,2,237,287,"Piece of cake","42LND2xi","Steal wagon delivery to Grigor Bateson and share some of the profits with the people.",66,7,true
39,NONE,NA,NA,15,0,2,303,353,"Piece of cake","W5AriMg0","Steal horse delivery to Nani Addison and share some of the profits with the people.",61,6,true
39,NONE,NA,EXPIRING,16,0,2,364,414,"Walk in the park","jHcz4mYe","Help Javaid Hatheway to write their biographical novel about their difficulties with a deranged wagon",36,1,true
39,NONE,NA,FRESH,17,0,2,400,450,"Rather detrimental","I5tubyYA","Escort Raimonda Cummins to savannah in Eastfire where they can meet with their long lost potatoes",75,4,false
39,NONE,NA,NA,19,0,2,350,450,"Walk in the park","j8MxkfgH","Create an advertisement campaign for Kanti Dingfelder to promote their sheep based business",35,1,true
39,NONE,NA,EXPIRING,20,0,2,385,485,"Playing with fire","NMJEzNNz","Investigate Nicole Danniel and find out their relation to the magic squirrel.",137,1,false
39,NONE,NA,NA,22,0,2,335,485,"Sure thing","TSH2tzcg","Help defending grassland in Towermire from the intruders",107,6,true
39,NONE,NA,NA,23,0,2,442,592,"Piece of cake","IhQStK6i","Escort Alix Millard to savannah in Bleakpeak where they can meet with their long lost pan",70,7,true
39,NONE,NA,EXPIRING,24,0,2,512,662,"Walk in the park","wLxNm75x","Infiltrate The Grizzly Boar Brotherhood and recover their secrets.",116,1,true
39,NONE,NA,FRESH,25,0,2,628,778,"Quite likely","70NhwT1j","Help defending savannah in Bleakscale from the intruders",108,6,false
39,NONE,NA,NA,27,0,2,578,778,"Piece of cake","eIf69M1C","Help defending village in Bloodspring from the intruders",100,3,true
39,NONE,NA,NA,28,0,2,678,878,"Piece of cake","Qe7HhDdA","Infiltrate The Grizzly Boar Brotherhood and recover their secrets.",151,2,false
39,NONE,NA,EXPIRING,30,0,2,628,878,"Hmmm....","mExX2RVZ","Infiltrate The Cardinal Mammoths and recover their secrets.",149,1,true
39,NONE,NA,NA,31,0,2,777,1027,"Sure thing","mrNNJKzR","Help defending plains in Highscale from the intruders",111,5,true
39,NONE,NA,FRESH,32,0,2,888,1138,"Playing with fire","F31FP1nB","Help defending pasture in Thorncawl from the intruders",98,5,true
39,NONE,NA,FRESH,33,0,2,986,1236,"Hmmm....","ngnY00Nr","Help defending peninsula in Dovetown from the intruders",97,3,false
39,NONE,NA,NA,35,0,2,936,1236,"Sure thing","ecHa1Lf8","Help defending steppe in Ravenville from the intruders",84,7,true
39,NONE,NA,FRESH,36,0,2,1020,1320,"Quite likely","Ejfc0lhH","Help defending village in Millerhole from the intruders",79,6,true
39,NONE,NA,NA,37,0,2,1099,1399,"Walk in the park","2FQXY4nh","Help defending thrift shoppe in Sharpburg from the intruders",118,6,true
39,NONE,NA,NA,38,0,2,1217,1517,"Quite likely","i6pklkr4","Help defending village in Lowefair from the intruders",106,3,false
39,NONE,NA,NA,40,0,2,1167,1517,"Piece of cake","jyXdQO2U","Help defending pasture in Ravendrone from the intruders",71,6,true
39,NONE,NA,FRESH,41,0,2,1238,1588,"Rather detrimental","aGvH4ZK9","Help defending village in Thornshore from the intruders",96,7,true
39,NONE,NA,FRESH,42,0,2,1334,1684,"Hmmm....","GfEiyVmM","Help defending pasture in Darkford from the intruders",72,3,true
39,NONE,NA,FRESH,43,0,2,1406,1756,"Rather detrimental","Eghpf9h5","Help defending peninsula in Dovecaster from the intruders",86,7,false
39,NONE,NA,EXPIRING,45,0,2,1356,1756,"Gamble","N1QusOiI","Help defending field in Whitetown from the intruders",98,1,true
39,NONE,NA,NA,46,0,2,1454,1854,"Quite likely","CQjv6jxQ","Help defending steppe in Lightmoore from the intruders",102,4,true
39,NONE,NA,NA,47,0,2,1556,1956,"Quite likely","EXxgdZUv","Help defending plains in Dornmountain from the intruders",77,2,true
39,NONE,NA,NA,48,0,2,1633,2033,"Quite likely","ziXycVjY","Help defending grassland in Razorseed from the intruders",86,2,false
