game,turn,level,arm,adId,tier,reward,expiresIn,encrypted,chosen
0,0,0,NONE,"VoC7wFyD","Hmmm....",34,7,,false
0,0,0,NONE,"TjZmbRY9","Quite likely",24,7,,false
0,0,0,NONE,"Uot5CuE5","Gamble",18,7,,false
0,0,0,NONE,"Zvp6aaVi","Piece of cake",2,7,,false
0,0,0,NONE,"06xTpbit","Piece of cake",4,7,,true
0,0,0,NONE,"EidSrb4E","Piece of cake",86,7,,false
0,0,0,NONE,"TRd3QtBE","Piece of cake",5,7,,false
0,0,0,NONE,"satMaICw","Suicide mission",23,7,,false
0,0,0,NONE,"W353SA3w","Walk in the park",10,7,,false
0,0,0,NONE,"bm5r4BGJ","Walk in the park",29,7,,false
0,1,0,NONE,"VoC7wFyD","Hmmm....",34,6,,false
0,1,0,NONE,"TjZmbRY9","Quite likely",24,6,,false
0,1,0,NONE,"Uot5CuE5","Gamble",18,6,,false
0,1,0,NONE,"Zvp6aaVi","Piece of cake",2,6,,false
0,1,0,NONE,"EidSrb4E","Piece of cake",86,6,,true
0,1,0,NONE,"TRd3QtBE","Piece of cake",5,6,,false
0,1,0,NONE,"satMaICw","Suicide mission",23,6,,false
0,1,0,NONE,"W353SA3w","Walk in the park",10,6,,false
0,1,0,NONE,"bm5r4BGJ","Walk in the park",29,6,,false
0,1,0,NONE,"Xdhs0Ar5","Walk in the park",50,7,,false
0,2,0,NONE,"VoC7wFyD","Hmmm....",34,5,,false
0,2,0,NONE,"TjZmbRY9","Quite likely",24,5,,false
0,2,0,NONE,"Uot5CuE5","Gamble",18,5,,false
0,2,0,NONE,"Zvp6aaVi","Piece of cake",2,5,,false
0,2,0,NONE,"TRd3QtBE","Piece of cake",5,5,,true
0,2,0,NONE,"satMaICw","Suicide mission",23,5,,false
0,2,0,NONE,"W353SA3w","Walk in the park",10,5,,false
0,2,0,NONE,"bm5r4BGJ","Walk in the park",29,5,,false
0,2,0,NONE,"Xdhs0Ar5","Walk in the park",50,6,,false
0,2,0,NONE,"z3cc06Au","Quite likely",21,7,,false
0,3,0,NONE,"VoC7wFyD","Hmmm....",34,4,,false
0,3,0,NONE,"TjZmbRY9","Quite likely",24,4,,false
0,3,0,NONE,"Uot5CuE5","Gamble",18,4,,false
0,3,0,NONE,"Zvp6aaVi","Piece of cake",2,4,,false
0,3,0,NONE,"satMaICw","Suicide mission",23,4,,false
0,3,0,NONE,"W353SA3w","Walk in the park",10,4,,false
0,3,0,NONE,"bm5r4BGJ","Walk in the park",29,4,,false
0,3,0,NONE,"Xdhs0Ar5","Walk in the park",50,5,,false
0,3,0,NONE,"z3cc06Au","Quite likely",21,6,,false
0,3,0,NONE,"0ctWaZBW","Piece of cake",7,7,,true
0,4,0,NONE,"VoC7wFyD","Hmmm....",34,3,,false
0,4,0,NONE,"TjZmbRY9","Quite likely",24,3,,false
0,4,0,NONE,"Uot5CuE5","Gamble",18,3,,false
0,4,0,NONE,"Zvp6aaVi","Piece of cake",2,3,,true
0,4,0,NONE,"satMaICw","Suicide mission",23,3,,false
0,4,0,NONE,"W353SA3w","Walk in the park",10,3,,false
0,4,0,NONE,"bm5r4BGJ","Walk in the park",29,3,,false
0,4,0,NONE,"Xdhs0Ar5","Walk in the park",50,4,,false
0,4,0,NONE,"z3cc06Au","Quite likely",21,5,,false
0,4,0,NONE,"9VAMKDnz","Playing with fire",33,7,,false
0,5,0,NONE,"VoC7wFyD","Hmmm....",34,2,,false
0,5,0,NONE,"TjZmbRY9","Quite likely",24,2,,false
0,5,0,NONE,"Uot5CuE5","Gamble",18,2,,false
0,5,0,NONE,"satMaICw","Suicide mission",23,2,,false
0,5,0,NONE,"W353SA3w","Walk in the park",10,2,,false
0,5,0,NONE,"bm5r4BGJ","Walk in the park",29,2,,false
0,5,0,NONE,"Xdhs0Ar5","Walk in the park",50,3,,false
0,5,0,NONE,"z3cc06Au","Quite likely",21,4,,false
0,5,0,NONE,"9VAMKDnz","Playing with fire",33,6,,false
0,5,0,NONE,"OGmkAVXt","Walk in the park",12,7,,true
0,6,0,NONE,"VoC7wFyD","Hmmm....",34,1,,false
0,6,0,NONE,"TjZmbRY9","Quite likely",24,1,,false
0,6,0,NONE,"Uot5CuE5","Gamble",18,1,,false
0,6,0,NONE,"satMaICw","Suicide mission",23,1,,false
0,6,0,NONE,"W353SA3w","Walk in the park",10,1,,true
0,6,0,NONE,"bm5r4BGJ","Walk in the park",29,1,,false
0,6,0,NONE,"Xdhs0Ar5","Walk in the park",50,2,,false
0,6,0,NONE,"z3cc06Au","Quite likely",21,3,,false
0,6,0,NONE,"9VAMKDnz","Playing with fire",33,5,,false
0,6,0,NONE,"xbEvPCCf","Walk in the park",27,7,,false
0,7,0,NONE,"Xdhs0Ar5","Walk in the park",50,1,,true
0,7,0,NONE,"z3cc06Au","Quite likely",21,2,,false
0,7,0,NONE,"9VAMKDnz","Playing with fire",33,4,,false
0,7,0,NONE,"xbEvPCCf","Walk in the park",27,6,,false
0,7,0,NONE,"jA8OpxFm","Piece of cake",10,7,,false
0,7,0,NONE,"qvPBaHCE","Risky",11,7,,false
0,7,0,NONE,"SzGLwhc8","Suicide mission",23,7,,false
0,7,0,NONE,"zbAKYw4x","Piece of cake",24,7,,false
0,7,0,NONE,"eC8nlAQy","Piece of cake",33,7,,false
0,7,0,NONE,"UFKrWcG6","Rather detrimental",46,7,,false
0,8,0,NONE,"z3cc06Au","Quite likely",21,1,,false
0,8,0,NONE,"9VAMKDnz","Playing with fire",33,3,,false
0,8,0,NONE,"xbEvPCCf","Walk in the park",27,5,,false
0,8,0,NONE,"jA8OpxFm","Piece of cake",10,6,,false
0,8,0,NONE,"qvPBaHCE","Risky",11,6,,false
0,8,0,NONE,"SzGLwhc8","Suicide mission",23,6,,false
0,8,0,NONE,"zbAKYw4x","Piece of cake",24,6,,false
0,8,0,NONE,"eC8nlAQy","Piece of cake",33,6,,true
0,8,0,NONE,"UFKrWcG6","Rather detrimental",46,6,,false
0,8,0,NONE,"tRDuwxJT","Piece of cake",19,7,,false
0,9,0,NONE,"9VAMKDnz","Playing with fire",33,2,,false
0,9,0,NONE,"xbEvPCCf","Walk in the park",27,4,,false
0,9,0,NONE,"jA8OpxFm","Piece of cake",10,5,,true
0,9,0,NONE,"qvPBaHCE","Risky",11,5,,false
0,9,0,NONE,"SzGLwhc8","Suicide mission",23,5,,false
0,9,0,NONE,"zbAKYw4x","Piece of cake",24,5,,false
0,9,0,NONE,"UFKrWcG6","Rather detrimental",46,5,,false
0,9,0,NONE,"tRDuwxJT","Piece of cake",19,6,,false
0,9,0,NONE,"OIXWQq9g","Walk in the park",27,7,,false
0,9,0,NONE,"8byz8G6j","Risky",47,7,,false
0,10,0,NONE,"9VAMKDnz","Playing with fire",33,1,,false
0,10,0,NONE,"xbEvPCCf","Walk in the park",27,3,,false
0,10,0,NONE,"qvPBaHCE","Risky",11,4,,false
0,10,0,NONE,"SzGLwhc8","Suicide mission",23,4,,false
0,10,0,NONE,"zbAKYw4x","Piece of cake",24,4,,false
0,10,0,NONE,"UFKrWcG6","Rather detrimental",46,4,,false
0,10,0,NONE,"tRDuwxJT","Piece of cake",19,5,,true
0,10,0,NONE,"OIXWQq9g","Walk in the park",27,6,,false
0,10,0,NONE,"8byz8G6j","Risky",47,6,,false
0,10,0,NONE,"C1UkpSOT","Quite likely",25,7,,false
0,11,0,NONE,"xbEvPCCf","Walk in the park",27,2,,false
0,11,0,NONE,"qvPBaHCE","Risky",11,3,,false
0,11,0,NONE,"SzGLwhc8","Suicide mission",23,3,,false
0,11,0,NONE,"zbAKYw4x","Piece of cake",24,3,,false
0,11,0,NONE,"UFKrWcG6","Rather detrimental",46,3,,false
0,11,0,NONE,"OIXWQq9g","Walk in the park",27,5,,false
0,11,0,NONE,"8byz8G6j","Risky",47,5,,false
0,11,0,NONE,"C1UkpSOT","Quite likely",25,6,,false
0,11,0,NONE,"YEtsvfAK","Piece of cake",13,7,,false
0,11,0,NONE,"BRzLxRjN","Piece of cake",71,7,,true
0,12,0,NONE,"xbEvPCCf","Walk in the park",27,1,,true
0,12,0,NONE,"qvPBaHCE","Risky",11,2,,false
0,12,0,NONE,"SzGLwhc8","Suicide mission",23,2,,false
0,12,0,NONE,"zbAKYw4x","Piece of cake",24,2,,false
0,12,0,NONE,"UFKrWcG6","Rather detrimental",46,2,,false
0,12,0,NONE,"OIXWQq9g","Walk in the park",27,4,,false
0,12,0,NONE,"8byz8G6j","Risky",47,4,,false
0,12,0,NONE,"C1UkpSOT","Quite likely",25,5,,false
0,12,0,NONE,"YEtsvfAK","Piece of cake",13,6,,false
0,12,0,NONE,"PYfdlYPD","Piece of cake",10,7,,false
0,13,0,NONE,"qvPBaHCE","Risky",11,1,,false
0,13,0,NONE,"SzGLwhc8","Suicide mission",23,1,,false
0,13,0,NONE,"zbAKYw4x","Piece of cake",24,1,,false
0,13,0,NONE,"UFKrWcG6","Rather detrimental",46,1,,false
0,13,0,NONE,"OIXWQq9g","Walk in the park",27,3,,false
0,13,0,NONE,"8byz8G6j","Risky",47,3,,false
0,13,0,NONE,"C1UkpSOT","Quite likely",25,4,,false
0,13,0,NONE,"YEtsvfAK","Piece of cake",13,5,,false
0,13,0,NONE,"PYfdlYPD","Piece of cake",10,6,,true
0,13,0,NONE,"OgDQjkms","Risky",33,7,,false
0,14,0,NONE,"OIXWQq9g","Walk in the park",27,2,,false
0,14,0,NONE,"8byz8G6j","Risky",47,2,,false
0,14,0,NONE,"C1UkpSOT","Quite likely",25,3,,false
0,14,0,NONE,"YEtsvfAK","Piece of cake",13,4,,false
0,14,0,NONE,"OgDQjkms","Risky",33,6,,false
0,14,0,NONE,"GVXIGWzv","Piece of cake",59,7,,false
0,14,0,NONE,"tnsqRHaJ","Gamble",75,7,,false
0,14,0,NONE,"bwALwCJD","Hmmm....",46,7,,false
0,14,0,NONE,"596kLPd0","Piece of cake",15,7,,true
0,14,0,NONE,"sr3z19vx","Gamble",43,7,,false
0,15,0,NONE,"OIXWQq9g","Walk in the park",27,1,,false
0,15,0,NONE,"8byz8G6j","Risky",47,1,,false
0,15,0,NONE,"C1UkpSOT","Quite likely",25,2,,false
0,15,0,NONE,"YEtsvfAK","Piece of cake",13,3,,false
0,15,0,NONE,"OgDQjkms","Risky",33,5,,true
0,15,0,NONE,"GVXIGWzv","Piece of cake",59,6,,false
0,15,0,NONE,"tnsqRHaJ","Gamble",75,6,,false
0,15,0,NONE,"bwALwCJD","Hmmm....",46,6,,false
0,15,0,NONE,"sr3z19vx","Gamble",43,6,,false
0,15,0,NONE,"Xv6mofTR","Playing with fire",29,7,,false
0,16,0,NONE,"C1UkpSOT","Quite likely",25,1,,false
0,16,0,NONE,"YEtsvfAK","Piece of cake",13,2,,false
0,16,0,NONE,"GVXIGWzv","Piece of cake",59,5,,true
0,16,0,NONE,"tnsqRHaJ","Gamble",75,5,,false
0,16,0,NONE,"bwALwCJD","Hmmm....",46,5,,false
0,16,0,NONE,"sr3z19vx","Gamble",43,5,,false
0,16,0,NONE,"Xv6mofTR","Playing with fire",29,6,,false
0,16,0,NONE,"uBtkgYnt","Risky",36,7,,false
0,16,0,NONE,"m8GPS1mv","Risky",76,7,,false
0,16,0,NONE,"29LxkoeL","Rather detrimental",33,7,,false
0,17,0,NONE,"YEtsvfAK","Piece of cake",13,1,,true
0,17,0,NONE,"tnsqRHaJ","Gamble",75,4,,false
0,17,0,NONE,"bwALwCJD","Hmmm....",46,4,,false
0,17,0,NONE,"sr3z19vx","Gamble",43,4,,false
0,17,0,NONE,"Xv6mofTR","Playing with fire",29,5,,false
0,17,0,NONE,"uBtkgYnt","Risky",36,6,,false
0,17,0,NONE,"m8GPS1mv","Risky",76,6,,false
0,17,0,NONE,"29LxkoeL","Rather detrimental",33,6,,false
0,17,0,NONE,"EXE8J3hO","Playing with fire",126,2,1,false
0,17,0,NONE,"XHkKKery","Suicide mission",152,3,1,false
0,18,0,NONE,"tnsqRHaJ","Gamble",75,3,,false
0,18,0,NONE,"bwALwCJD","Hmmm....",46,3,,false
0,18,0,NONE,"sr3z19vx","Gamble",43,3,,false
0,18,0,NONE,"Xv6mofTR","Playing with fire",29,4,,false
0,18,0,NONE,"uBtkgYnt","Risky",36,5,,false
0,18,0,NONE,"m8GPS1mv","Risky",76,5,,false
0,18,0,NONE,"29LxkoeL","Rather detrimental",33,5,,false
0,18,0,NONE,"EXE8J3hO","Playing with fire",126,1,1,false
0,18,0,NONE,"XHkKKery","Suicide mission",152,2,1,false
0,18,0,NONE,"6i0FXdJ5","Playing with fire",38,7,,true
0,19,0,NONE,"tnsqRHaJ","Gamble",75,2,,false
0,19,0,NONE,"bwALwCJD","Hmmm....",46,2,,true
0,19,0,NONE,"sr3z19vx","Gamble",43,2,,false
0,19,0,NONE,"Xv6mofTR","Playing with fire",29,3,,false
0,19,0,NONE,"uBtkgYnt","Risky",36,4,,false
0,19,0,NONE,"m8GPS1mv","Risky",76,4,,false
0,19,0,NONE,"29LxkoeL","Rather detrimental",33,4,,false
0,19,0,NONE,"XHkKKery","Suicide mission",152,1,1,false
0,19,0,NONE,"VUoiVZnf","Risky",145,3,1,false
0,19,0,NONE,"KKpkLdTX","Playing with fire",126,3,1,false
0,20,0,NONE,"tnsqRHaJ","Gamble",75,1,,false
0,20,0,NONE,"sr3z19vx","Gamble",43,1,,false
0,20,0,NONE,"Xv6mofTR","Playing with fire",29,2,,false
0,20,0,NONE,"uBtkgYnt","Risky",36,3,,false
0,20,0,NONE,"m8GPS1mv","Risky",76,3,,false
0,20,0,NONE,"29LxkoeL","Rather detrimental",33,3,,false
0,20,0,NONE,"VUoiVZnf","Risky",145,2,1,false
0,20,0,NONE,"KKpkLdTX","Playing with fire",126,2,1,false
0,20,0,NONE,"QebQpz7Z","Suicide mission",133,3,1,false
0,20,0,NONE,"ul0UUeXf","Piece of cake",64,7,,true
0,21,0,NONE,"Xv6mofTR","Playing with fire",29,1,,false
0,21,0,NONE,"uBtkgYnt","Risky",36,2,,false
0,21,0,NONE,"m8GPS1mv","Risky",76,2,,false
0,21,0,NONE,"29LxkoeL","Rather detrimental",33,2,,false
0,21,0,NONE,"VUoiVZnf","Risky",145,1,1,false
0,21,0,NONE,"KKpkLdTX","Playing with fire",126,1,1,false
0,21,0,NONE,"QebQpz7Z","Suicide mission",133,2,1,false
0,21,0,NONE,"oKtMrJ1O","Playing with fire",148,3,1,true
0,21,0,NONE,"dOoPnGsn","Piece of cake",75,7,,false
0,21,0,NONE,"2F9KTlE1","Suicide mission",125,3,1,false
0,23,0,NONE,"dOoPnGsn","Piece of cake",75,5,,false
0,23,0,NONE,"2F9KTlE1","Suicide mission",125,1,1,false
0,23,0,NONE,"keNEXjvq","Suicide mission",125,1,1,false
0,23,0,NONE,"8bdhRdew","Gamble",139,1,1,false
0,23,0,NONE,"fEipXvn2","Suicide mission",96,1,1,false
0,23,0,NONE,"CwmkOYSr","Piece of cake",61,6,,false
0,23,0,NONE,"sVjIJk6P","Gamble",62,7,,false
0,23,0,NONE,"Z9fjFmX7","Suicide mission",131,2,1,false
0,23,0,NONE,"xqlK8x6y","Piece of cake",105,7,,false
0,23,0,NONE,"iRQt4bZp","Gamble",105,7,,true
0,25,0,NONE,"dOoPnGsn","Piece of cake",75,3,,false
0,25,0,NONE,"CwmkOYSr","Piece of cake",61,4,,false
0,25,0,NONE,"sVjIJk6P","Gamble",62,5,,false
0,25,0,NONE,"xqlK8x6y","Piece of cake",105,5,,false
0,25,0,NONE,"tA06nSPV","Playing with fire",65,6,,false
0,25,0,NONE,"dTJskBKX","Gamble",135,2,1,false
0,25,0,NONE,"MqQpJ8ny","Suicide mission",129,1,1,true
0,25,0,NONE,"5757maht","Quite likely",67,6,,false
0,25,0,NONE,"iod5GwQ8","Walk in the park",126,2,1,false
0,25,0,NONE,"BjsbZQmI","Suicide mission",116,3,1,false
0,27,0,NONE,"dOoPnGsn","Piece of cake",75,1,,true
0,27,0,NONE,"CwmkOYSr","Piece of cake",61,2,,false
0,27,0,NONE,"sVjIJk6P","Gamble",62,3,,false
0,27,0,NONE,"xqlK8x6y","Piece of cake",105,3,,false
0,27,0,NONE,"tA06nSPV","Playing with fire",65,4,,false
0,27,0,NONE,"5757maht","Quite likely",67,4,,false
0,27,0,NONE,"BjsbZQmI","Suicide mission",116,1,1,false
0,27,0,NONE,"l7Sajx0N","Sure thing",97,6,,false
0,27,0,NONE,"B6MpOexr","Gamble",133,3,1,false
0,27,0,NONE,"SNhfUUiI","Rather detrimental",122,3,1,false
0,28,0,NONE,"CwmkOYSr","Piece of cake",61,1,,false
0,28,0,NONE,"sVjIJk6P","Gamble",62,2,,false
0,28,0,NONE,"xqlK8x6y","Piece of cake",105,2,,false
0,28,0,NONE,"tA06nSPV","Playing with fire",65,3,,false
0,28,0,NONE,"5757maht","Quite likely",67,3,,false
0,28,0,NONE,"l7Sajx0N","Sure thing",97,5,,true
0,28,0,NONE,"B6MpOexr","Gamble",133,2,1,false
0,28,0,NONE,"SNhfUUiI","Rather detrimental",122,2,1,false
0,28,0,NONE,"TI0kq8Zo","Impossible",99,2,2,false
0,28,0,NONE,"dlq1UbXA","Risky",149,2,1,false
0,29,0,NONE,"sVjIJk6P","Gamble",62,1,,false
0,29,0,NONE,"xqlK8x6y","Piece of cake",105,1,,false
0,29,0,NONE,"tA06nSPV","Playing with fire",65,2,,false
0,29,0,NONE,"5757maht","Quite likely",67,2,,false
0,29,0,NONE,"B6MpOexr","Gamble",133,1,1,false
0,29,0,NONE,"SNhfUUiI","Rather detrimental",122,1,1,false
0,29,0,NONE,"TI0kq8Zo","Impossible",99,1,2,false
0,29,0,NONE,"dlq1UbXA","Risky",149,1,1,false
0,29,0,NONE,"mZtVJgKF","Rather detrimental",71,7,,true
0,29,0,NONE,"MWGk10PD","Impossible",102,2,2,false
0,30,0,NONE,"tA06nSPV","Playing with fire",65,1,,false
0,30,0,NONE,"5757maht","Quite likely",67,1,,true
0,30,0,NONE,"MWGk10PD","Impossible",102,1,2,false
0,30,0,NONE,"NmjXLGxH","Quite likely",100,7,,false
0,30,0,NONE,"UN75lEts","Gamble",95,7,,false
0,30,0,NONE,"cdVR3oGR","Quite likely",119,7,,false
0,30,0,NONE,"75yEA3Az","Rather detrimental",110,3,1,false
0,30,0,NONE,"RE0Xmx0q","Rather detrimental",141,2,1,false
0,30,0,NONE,"MOD1rk24","Risky",113,2,1,false
0,30,0,NONE,"GBSICfGJ","Quite likely",95,7,,false
0,31,0,NONE,"NmjXLGxH","Quite likely",100,6,,false
0,31,0,NONE,"UN75lEts","Gamble",95,6,,false
0,31,0,NONE,"cdVR3oGR","Quite likely",119,6,,false
0,31,0,NONE,"75yEA3Az","Rather detrimental",110,2,1,false
0,31,0,NONE,"RE0Xmx0q","Rather detrimental",141,1,1,false
0,31,0,NONE,"MOD1rk24","Risky",113,1,1,false
0,31,0,NONE,"GBSICfGJ","Quite likely",95,6,,false
0,31,0,NONE,"STXH4xlO","Piece of cake",112,7,,true
0,31,0,NONE,"EuIpMWTX","Hmmm....",130,2,1,false
0,31,0,NONE,"jni70EpN","Gamble",62,7,,false
0,32,0,NONE,"NmjXLGxH","Quite likely",100,5,,false
0,32,0,NONE,"UN75lEts","Gamble",95,5,,false
0,32,0,NONE,"cdVR3oGR","Quite likely",119,5,,false
0,32,0,NONE,"75yEA3Az","Rather detrimental",110,1,1,false
0,32,0,NONE,"GBSICfGJ","Quite likely",95,5,,false
0,32,0,NONE,"EuIpMWTX","Hmmm....",130,1,1,false
0,32,0,NONE,"jni70EpN","Gamble",62,6,,false
0,32,0,NONE,"sRXIyeNk","Quite likely",91,7,,false
0,32,0,NONE,"CswK0zXo","Playing with fire",119,2,1,false
0,32,0,NONE,"UwXa38cW","Piece of cake",85,7,,true
0,33,0,NONE,"NmjXLGxH","Quite likely",100,4,,false
0,33,0,NONE,"UN75lEts","Gamble",95,4,,false
0,33,0,NONE,"cdVR3oGR","Quite likely",119,4,,false
0,33,0,NONE,"GBSICfGJ","Quite likely",95,4,,false
0,33,0,NONE,"jni70EpN","Gamble",62,5,,false
0,33,0,NONE,"sRXIyeNk","Quite likely",91,6,,false
0,33,0,NONE,"CswK0zXo","Playing with fire",119,1,1,false
0,33,0,NONE,"aNLCHIP4","Playing with fire",119,3,1,false
0,33,0,NONE,"3TmuewQF","Risky",89,7,,false
0,33,0,NONE,"ze2tgro3","Playing with fire",83,7,,true
0,34,0,NONE,"NmjXLGxH","Quite likely",100,3,,false
0,34,0,NONE,"UN75lEts","Gamble",95,3,,false
0,34,0,NONE,"cdVR3oGR","Quite likely",119,3,,false
0,34,0,NONE,"GBSICfGJ","Quite likely",95,3,,true
0,34,0,NONE,"jni70EpN","Gamble",62,4,,false
0,34,0,NONE,"sRXIyeNk","Quite likely",91,5,,false
0,34,0,NONE,"aNLCHIP4","Playing with fire",119,2,1,false
0,34,0,NONE,"3TmuewQF","Risky",89,6,,false
0,34,0,NONE,"eV6b3byy","Suicide mission",121,3,1,false
0,34,0,NONE,"Kw48sZp2","Suicide mission",148,2,1,false
0,35,0,NONE,"NmjXLGxH","Quite likely",100,2,,false
0,35,0,NONE,"UN75lEts","Gamble",95,2,,false
0,35,0,NONE,"cdVR3oGR","Quite likely",119,2,,false
0,35,0,NONE,"jni70EpN","Gamble",62,3,,false
0,35,0,NONE,"sRXIyeNk","Quite likely",91,4,,false
0,35,0,NONE,"aNLCHIP4","Playing with fire",119,1,1,false
0,35,0,NONE,"3TmuewQF","Risky",89,5,,false
0,35,0,NONE,"eV6b3byy","Suicide mission",121,2,1,false
0,35,0,NONE,"Kw48sZp2","Suicide mission",148,1,1,false
0,35,0,NONE,"6w1edZEk","Piece of cake",89,7,,true
0,36,0,NONE,"NmjXLGxH","Quite likely",100,1,,true
0,36,0,NONE,"UN75lEts","Gamble",95,1,,false
0,36,0,NONE,"cdVR3oGR","Quite likely",119,1,,false
0,36,0,NONE,"jni70EpN","Gamble",62,2,,false
0,36,0,NONE,"sRXIyeNk","Quite likely",91,3,,false
0,36,0,NONE,"3TmuewQF","Risky",89,4,,false
0,36,0,NONE,"eV6b3byy","Suicide mission",121,1,1,false
0,36,0,NONE,"yUA1nVuB","Walk in the park",73,7,,false
0,36,0,NONE,"Pt9FfBsO","Quite likely",72,7,,false
0,36,0,NONE,"ymUY9KJO","Playing with fire",72,7,,false
0,38,0,NONE,"sRXIyeNk","Quite likely",91,1,,true
0,38,0,NONE,"3TmuewQF","Risky",89,2,,false
0,38,0,NONE,"yUA1nVuB","Walk in the park",73,5,,false
0,38,0,NONE,"Pt9FfBsO","Quite likely",72,5,,false
0,38,0,NONE,"ymUY9KJO","Playing with fire",72,5,,false
0,38,0,NONE,"mzpqde2Q","Walk in the park",80,6,,false
0,38,0,NONE,"1lWcj4gb","Walk in the park",100,6,,false
0,38,0,NONE,"1RCzuMkQ","Piece of cake",89,6,,false
0,38,0,NONE,"FuvPdE0i","Gamble",84,6,,false
0,38,0,NONE,"uN2jXqXn","Piece of cake",101,7,,false
0,40,0,NONE,"yUA1nVuB","Walk in the park",73,3,,false
0,40,0,NONE,"Pt9FfBsO","Quite likely",72,3,,false
0,40,0,NONE,"ymUY9KJO","Playing with fire",72,3,,false
0,40,0,NONE,"mzpqde2Q","Walk in the park",80,4,,false
0,40,0,NONE,"1lWcj4gb","Walk in the park",100,4,,false
0,40,0,NONE,"1RCzuMkQ","Piece of cake",89,4,,true
0,40,0,NONE,"FuvPdE0i","Gamble",84,4,,false
0,40,0,NONE,"uN2jXqXn","Piece of cake",101,5,,false
0,40,0,NONE,"ALNSNU7w","Playing with fire",78,6,,false
0,40,0,NONE,"qqWiOeqm","Gamble",99,7,,false
0,41,0,NONE,"yUA1nVuB","Walk in the park",73,2,,false
0,41,0,NONE,"Pt9FfBsO","Quite likely",72,2,,false
0,41,0,NONE,"ymUY9KJO","Playing with fire",72,2,,false
0,41,0,NONE,"mzpqde2Q","Walk in the park",80,3,,false
0,41,0,NONE,"1lWcj4gb","Walk in the park",100,3,,false
0,41,0,NONE,"FuvPdE0i","Gamble",84,3,,false
0,41,0,NONE,"uN2jXqXn","Piece of cake",101,4,,true
0,41,0,NONE,"ALNSNU7w","Playing with fire",78,5,,false
0,41,0,NONE,"qqWiOeqm","Gamble",99,6,,false
0,41,0,NONE,"uea57PHn","Quite likely",72,7,,false
0,42,0,NONE,"yUA1nVuB","Walk in the park",73,1,,false
0,42,0,NONE,"Pt9FfBsO","Quite likely",72,1,,false
0,42,0,NONE,"ymUY9KJO","Playing with fire",72,1,,false
0,42,0,NONE,"mzpqde2Q","Walk in the park",80,2,,false
0,42,0,NONE,"1lWcj4gb","Walk in the park",100,2,,false
0,42,0,NONE,"FuvPdE0i","Gamble",84,2,,false
0,42,0,NONE,"ALNSNU7w","Playing with fire",78,4,,false
0,42,0,NONE,"qqWiOeqm","Gamble",99,5,,false
0,42,0,NONE,"uea57PHn","Quite likely",72,6,,true
0,42,0,NONE,"u0eyx28J","Suicide mission",63,7,,false
0,43,0,NONE,"mzpqde2Q","Walk in the park",80,1,,false
0,43,0,NONE,"1lWcj4gb","Walk in the park",100,1,,false
0,43,0,NONE,"FuvPdE0i","Gamble",84,1,,false
0,43,0,NONE,"ALNSNU7w","Playing with fire",78,3,,false
0,43,0,NONE,"qqWiOeqm","Gamble",99,4,,true
0,43,0,NONE,"u0eyx28J","Suicide mission",63,6,,false
0,43,0,NONE,"ymXAfrHF","Playing with fire",80,7,,false
0,43,0,NONE,"Hy9xdvPA","Walk in the park",74,7,,false
0,43,0,NONE,"TO318S6Z","Risky",84,7,,false
0,43,0,NONE,"TogrZXCK","Piece of cake",81,7,,false
0,45,0,NONE,"ALNSNU7w","Playing with fire",78,1,,true
0,45,0,NONE,"u0eyx28J","Suicide mission",63,4,,false
0,45,0,NONE,"ymXAfrHF","Playing with fire",80,5,,false
0,45,0,NONE,"Hy9xdvPA","Walk in the park",74,5,,false
0,45,0,NONE,"TO318S6Z","Risky",84,5,,false
0,45,0,NONE,"TogrZXCK","Piece of cake",81,5,,false
0,45,0,NONE,"RHOCvLzo","Gamble",93,6,,false
0,45,0,NONE,"GXLtculL","Suicide mission",75,6,,false
0,45,0,NONE,"LAWJFK5z","Playing with fire",65,6,,false
0,45,0,NONE,"nnev9aG0","Piece of cake",94,6,,false
0,46,0,NONE,"u0eyx28J","Suicide mission",63,3,,false
0,46,0,NONE,"ymXAfrHF","Playing with fire",80,4,,false
0,46,0,NONE,"Hy9xdvPA","Walk in the park",74,4,,false
0,46,0,NONE,"TO318S6Z","Risky",84,4,,false
0,46,0,NONE,"TogrZXCK","Piece of cake",81,4,,true
0,46,0,NONE,"RHOCvLzo","Gamble",93,5,,false
0,46,0,NONE,"GXLtculL","Suicide mission",75,5,,false
0,46,0,NONE,"LAWJFK5z","Playing with fire",65,5,,false
0,46,0,NONE,"nnev9aG0","Piece of cake",94,5,,false
0,46,0,NONE,"7mRcj40Y","Gamble",78,7,,false
0,47,0,NONE,"u0eyx28J","Suicide mission",63,2,,false
0,47,0,NONE,"ymXAfrHF","Playing with fire",80,3,,false
0,47,0,NONE,"Hy9xdvPA","Walk in the park",74,3,,false
0,47,0,NONE,"TO318S6Z","Risky",84,3,,false
0,47,0,NONE,"RHOCvLzo","Gamble",93,4,,false
0,47,0,NONE,"GXLtculL","Suicide mission",75,4,,false
0,47,0,NONE,"LAWJFK5z","Playing with fire",65,4,,false
0,47,0,NONE,"nnev9aG0","Piece of cake",94,4,,true
0,47,0,NONE,"7mRcj40Y","Gamble",78,6,,false
0,47,0,NONE,"md2fdz79","Playing with fire",74,7,,false
0,48,0,NONE,"u0eyx28J","Suicide mission",63,1,,true
0,48,0,NONE,"ymXAfrHF","Playing with fire",80,2,,false
0,48,0,NONE,"Hy9xdvPA","Walk in the park",74,2,,false
0,48,0,NONE,"TO318S6Z","Risky",84,2,,false
0,48,0,NONE,"RHOCvLzo","Gamble",93,3,,false
0,48,0,NONE,"GXLtculL","Suicide mission",75,3,,false
0,48,0,NONE,"LAWJFK5z","Playing with fire",65,3,,false
0,48,0,NONE,"7mRcj40Y","Gamble",78,5,,false
0,48,0,NONE,"md2fdz79","Playing with fire",74,6,,false
0,48,0,NONE,"Lty1XCP1","Playing with fire",86,7,,false
1,0,0,NONE,"tOexNva9","Quite likely",5,7,,false
1,0,0,NONE,"kfth9Mvr","Walk in the park",61,7,,false
1,0,0,NONE,"4GcKRkop","Quite likely",8,7,,false
1,0,0,NONE,"4D8PvRlc","Piece of cake",23,7,,false
1,0,0,NONE,"YjJcZJZX","Walk in the park",57,7,,false
1,0,0,NONE,"gIDW9F5M","Piece of cake",19,7,,false
1,0,0,NONE,"HlYx9d74","Piece of cake",23,7,,false
1,0,0,NONE,"8ssyiwid","Piece of cake",47,7,,false
1,0,0,NONE,"1WLv1aOn","Piece of cake",36,7,,true
1,0,0,NONE,"Sq8Mkm9W","Walk in the park",23,7,,false
1,1,0,NONE,"tOexNva9","Quite likely",5,6,,false
1,1,0,NONE,"kfth9Mvr","Walk in the park",61,6,,false
1,1,0,NONE,"4GcKRkop","Quite likely",8,6,,false
1,1,0,NONE,"4D8PvRlc","Piece of cake",23,6,,false
1,1,0,NONE,"YjJcZJZX","Walk in the park",57,6,,false
1,1,0,NONE,"gIDW9F5M","Piece of cake",19,6,,false
1,1,0,NONE,"HlYx9d74","Piece of cake",23,6,,false
1,1,0,NONE,"8ssyiwid","Piece of cake",47,6,,false
1,1,0,NONE,"Sq8Mkm9W","Walk in the park",23,6,,false
1,1,0,NONE,"VFI6nvcG","Sure thing",65,7,,true
1,2,0,NONE,"tOexNva9","Quite likely",5,5,,false
1,2,0,NONE,"kfth9Mvr","Walk in the park",61,5,,false
1,2,0,NONE,"4GcKRkop","Quite likely",8,5,,false
1,2,0,NONE,"4D8PvRlc","Piece of cake",23,5,,true
1,2,0,NONE,"YjJcZJZX","Walk in the park",57,5,,false
1,2,0,NONE,"gIDW9F5M","Piece of cake",19,5,,false
1,2,0,NONE,"HlYx9d74","Piece of cake",23,5,,false
1,2,0,NONE,"8ssyiwid","Piece of cake",47,5,,false
1,2,0,NONE,"Sq8Mkm9W","Walk in the park",23,5,,false
1,2,0,NONE,"KyNSgntc","Quite likely",24,7,,false
1,3,0,NONE,"tOexNva9","Quite likely",5,4,,false
1,3,0,NONE,"kfth9Mvr","Walk in the park",61,4,,false
1,3,0,NONE,"4GcKRkop","Quite likely",8,4,,false
1,3,0,NONE,"YjJcZJZX","Walk in the park",57,4,,false
1,3,0,NONE,"gIDW9F5M","Piece of cake",19,4,,false
1,3,0,NONE,"HlYx9d74","Piece of cake",23,4,,false
1,3,0,NONE,"8ssyiwid","Piece of cake",47,4,,true
1,3,0,NONE,"Sq8Mkm9W","Walk in the park",23,4,,false
1,3,0,NONE,"KyNSgntc","Quite likely",24,6,,false
1,3,0,NONE,"V6xriMoQ","Walk in the park",66,7,,false
1,4,0,NONE,"tOexNva9","Quite likely",5,3,,false
1,4,0,NONE,"kfth9Mvr","Walk in the park",61,3,,false
1,4,0,NONE,"4GcKRkop","Quite likely",8,3,,false
1,4,0,NONE,"YjJcZJZX","Walk in the park",57,3,,false
1,4,0,NONE,"gIDW9F5M","Piece of cake",19,3,,false
1,4,0,NONE,"HlYx9d74","Piece of cake",23,3,,false
1,4,0,NONE,"Sq8Mkm9W","Walk in the park",23,3,,false
1,4,0,NONE,"KyNSgntc","Quite likely",24,5,,false
1,4,0,NONE,"V6xriMoQ","Walk in the park",66,6,,false
1,4,0,NONE,"DT6uQxPr","Piece of cake",35,7,,true
1,5,0,NONE,"tOexNva9","Quite likely",5,2,,false
1,5,0,NONE,"kfth9Mvr","Walk in the park",61,2,,false
1,5,0,NONE,"4GcKRkop","Quite likely",8,2,,false
1,5,0,NONE,"YjJcZJZX","Walk in the park",57,2,,false
1,5,0,NONE,"gIDW9F5M","Piece of cake",19,2,,false
1,5,0,NONE,"HlYx9d74","Piece of cake",23,2,,true
1,5,0,NONE,"Sq8Mkm9W","Walk in the park",23,2,,false
1,5,0,NONE,"KyNSgntc","Quite likely",24,4,,false
1,5,0,NONE,"V6xriMoQ","Walk in the park",66,5,,false
1,5,0,NONE,"jpXK0PPm","Gamble",34,7,,false
1,6,0,NONE,"tOexNva9","Quite likely",5,1,,false
1,6,0,NONE,"kfth9Mvr","Walk in the park",61,1,,false
1,6,0,NONE,"4GcKRkop","Quite likely",8,1,,false
1,6,0,NONE,"YjJcZJZX","Walk in the park",57,1,,false
1,6,0,NONE,"gIDW9F5M","Piece of cake",19,1,,false
1,6,0,NONE,"Sq8Mkm9W","Walk in the park",23,1,,true
1,6,0,NONE,"KyNSgntc","Quite likely",24,3,,false
1,6,0,NONE,"V6xriMoQ","Walk in the park",66,4,,false
1,6,0,NONE,"jpXK0PPm","Gamble",34,6,,false
1,6,0,NONE,"mPCHaOZJ","Playing with fire",30,7,,false
1,7,0,NONE,"KyNSgntc","Quite likely",24,2,,false
1,7,0,NONE,"V6xriMoQ","Walk in the park",66,3,,false
1,7,0,NONE,"jpXK0PPm","Gamble",34,5,,false
1,7,0,NONE,"mPCHaOZJ","Playing with fire",30,6,,false
1,7,0,NONE,"Y0Vk7IoW","Piece of cake",65,7,,false
1,7,0,NONE,"O2SJ339u","Quite likely",25,7,,false
1,7,0,NONE,"SZslqgHN","Piece of cake",17,7,,false
1,7,0,NONE,"0kf3MOfX","Piece of cake",25,7,,false
1,7,0,NONE,"Z1S4SWBH","Sure thing",10,7,,true
1,7,0,NONE,"F8zjqg8Y","Quite likely",31,7,,false
1,8,0,NONE,"KyNSgntc","Quite likely",24,1,,true
1,8,0,NONE,"V6xriMoQ","Walk in the park",66,2,,false
1,8,0,NONE,"jpXK0PPm","Gamble",34,4,,false
1,8,0,NONE,"mPCHaOZJ","Playing with fire",30,5,,false
1,8,0,NONE,"Y0Vk7IoW","Piece of cake",65,6,,false
1,8,0,NONE,"O2SJ339u","Quite likely",25,6,,false
1,8,0,NONE,"SZslqgHN","Piece of cake",17,6,,false
1,8,0,NONE,"0kf3MOfX","Piece of cake",25,6,,false
1,8,0,NONE,"F8zjqg8Y","Quite likely",31,6,,false
1,8,0,NONE,"ooFjZQoz","Quite likely",11,7,,false
1,9,0,NONE,"V6xriMoQ","Walk in the park",66,1,,true
1,9,0,NONE,"jpXK0PPm","Gamble",34,3,,false
1,9,0,NONE,"mPCHaOZJ","Playing with fire",30,4,,false
1,9,0,NONE,"Y0Vk7IoW","Piece of cake",65,5,,false
1,9,0,NONE,"O2SJ339u","Quite likely",25,5,,false
1,9,0,NONE,"SZslqgHN","Piece of cake",17,5,,false
1,9,0,NONE,"0kf3MOfX","Piece of cake",25,5,,false
1,9,0,NONE,"F8zjqg8Y","Quite likely",31,5,,false
1,9,0,NONE,"ooFjZQoz","Quite likely",11,6,,false
1,9,0,NONE,"ylSd0TdV","Walk in the park",18,7,,false
1,10,0,NONE,"jpXK0PPm","Gamble",34,2,,false
1,10,0,NONE,"mPCHaOZJ","Playing with fire",30,3,,false
1,10,0,NONE,"Y0Vk7IoW","Piece of cake",65,4,,false
1,10,0,NONE,"O2SJ339u","Quite likely",25,4,,false
1,10,0,NONE,"SZslqgHN","Piece of cake",17,4,,false
1,10,0,NONE,"0kf3MOfX","Piece of cake",25,4,,true
1,10,0,NONE,"F8zjqg8Y","Quite likely",31,4,,false
1,10,0,NONE,"ooFjZQoz","Quite likely",11,5,,false
1,10,0,NONE,"ylSd0TdV","Walk in the park",18,6,,false
1,10,0,NONE,"XLnZfFct","Walk in the park",11,7,,false
1,11,0,NONE,"jpXK0PPm","Gamble",34,1,,false
1,11,0,NONE,"mPCHaOZJ","Playing with fire",30,2,,false
1,11,0,NONE,"Y0Vk7IoW","Piece of cake",65,3,,false
1,11,0,NONE,"O2SJ339u","Quite likely",25,3,,false
1,11,0,NONE,"SZslqgHN","Piece of cake",17,3,,false
1,11,0,NONE,"F8zjqg8Y","Quite likely",31,3,,false
1,11,0,NONE,"ooFjZQoz","Quite likely",11,4,,false
1,11,0,NONE,"ylSd0TdV","Walk in the park",18,5,,false
1,11,0,NONE,"XLnZfFct","Walk in the park",11,6,,false
1,11,0,NONE,"5IFAJG4p","Sure thing",65,7,,true
1,12,0,NONE,"mPCHaOZJ","Playing with fire",30,1,,false
1,12,0,NONE,"Y0Vk7IoW","Piece of cake",65,2,,false
1,12,0,NONE,"O2SJ339u","Quite likely",25,2,,false
1,12,0,NONE,"SZslqgHN","Piece of cake",17,2,,false
1,12,0,NONE,"F8zjqg8Y","Quite likely",31,2,,false
1,12,0,NONE,"ooFjZQoz","Quite likely",11,3,,false
1,12,0,NONE,"ylSd0TdV","Walk in the park",18,4,,false
1,12,0,NONE,"XLnZfFct","Walk in the park",11,5,,false
1,12,0,NONE,"JB8ec5MK","Walk in the park",47,7,,false
1,12,0,NONE,"rLU7m6s1","Sure thing",28,7,,true
1,13,0,NONE,"Y0Vk7IoW","Piece of cake",65,1,,false
1,13,0,NONE,"O2SJ339u","Quite likely",25,1,,false
1,13,0,NONE,"SZslqgHN","Piece of cake",17,1,,true
1,13,0,NONE,"F8zjqg8Y","Quite likely",31,1,,false
1,13,0,NONE,"ooFjZQoz","Quite likely",11,2,,false
1,13,0,NONE,"ylSd0TdV","Walk in the park",18,3,,false
1,13,0,NONE,"XLnZfFct","Walk in the park",11,4,,false
1,13,0,NONE,"JB8ec5MK","Walk in the park",47,6,,false
1,13,0,NONE,"wryWOPXV","Piece of cake",30,7,,false
1,13,0,NONE,"ei66rxUk","Piece of cake",59,7,,false
1,14,0,NONE,"ooFjZQoz","Quite likely",11,1,,false
1,14,0,NONE,"ylSd0TdV","Walk in the park",18,2,,false
1,14,0,NONE,"XLnZfFct","Walk in the park",11,3,,false
1,14,0,NONE,"JB8ec5MK","Walk in the park",47,5,,false
1,14,0,NONE,"wryWOPXV","Piece of cake",30,6,,false
1,14,0,NONE,"ei66rxUk","Piece of cake",59,6,,false
1,14,0,NONE,"N9UFJbQq","Piece of cake",39,7,,true
1,14,0,NONE,"b0wXms6U","Walk in the park",33,7,,false
1,14,0,NONE,"VmC253eE","Piece of cake",64,7,,false
1,14,0,NONE,"rBTn8cti","Piece of cake",65,7,,false
1,15,0,NONE,"ylSd0TdV","Walk in the park",18,1,,false
1,15,0,NONE,"XLnZfFct","Walk in the park",11,2,,false
1,15,0,NONE,"JB8ec5MK","Walk in the park",47,4,,false
1,15,0,NONE,"wryWOPXV","Piece of cake",30,5,,false
1,15,0,NONE,"ei66rxUk","Piece of cake",59,5,,false
1,15,0,NONE,"b0wXms6U","Walk in the park",33,6,,true
1,15,0,NONE,"VmC253eE","Piece of cake",64,6,,false
1,15,0,NONE,"rBTn8cti","Piece of cake",65,6,,false
1,15,0,NONE,"p7TPGtLi","Rather detrimental",27,7,,false
1,15,0,NONE,"2qwOxhUu","Sure thing",41,7,,false
1,16,0,NONE,"XLnZfFct","Walk in the park",11,1,,false
1,16,0,NONE,"JB8ec5MK","Walk in the park",47,3,,true
1,16,0,NONE,"wryWOPXV","Piece of cake",30,4,,false
1,16,0,NONE,"ei66rxUk","Piece of cake",59,4,,false
1,16,0,NONE,"VmC253eE","Piece of cake",64,5,,false
1,16,0,NONE,"rBTn8cti","Piece of cake",65,5,,false
1,16,0,NONE,"p7TPGtLi","Rather detrimental",27,6,,false
1,16,0,NONE,"2qwOxhUu","Sure thing",41,6,,false
1,16,0,NONE,"H1xXIQFn","Suicide mission",120,3,1,false
1,16,0,NONE,"w11AGfux","Risky",160,2,1,false
1,17,0,NONE,"wryWOPXV","Piece of cake",30,3,,false
1,17,0,NONE,"ei66rxUk","Piece of cake",59,3,,false
1,17,0,NONE,"VmC253eE","Piece of cake",64,4,,false
1,17,0,NONE,"rBTn8cti","Piece of cake",65,4,,false
1,17,0,NONE,"p7TPGtLi","Rather detrimental",27,5,,false
1,17,0,NONE,"2qwOxhUu","Sure thing",41,5,,true
1,17,0,NONE,"H1xXIQFn","Suicide mission",120,2,1,false
1,17,0,NONE,"w11AGfux","Risky",160,1,1,false
1,17,0,NONE,"utppXWhd","Rather detrimental",134,3,1,false
1,17,0,NONE,"3ttboY1Z","Rather detrimental",117,3,1,false
1,18,0,NONE,"wryWOPXV","Piece of cake",30,2,,false
1,18,0,NONE,"ei66rxUk","Piece of cake",59,2,,false
1,18,0,NONE,"VmC253eE","Piece of cake",64,3,,true
1,18,0,NONE,"rBTn8cti","Piece of cake",65,3,,false
1,18,0,NONE,"p7TPGtLi","Rather detrimental",27,4,,false
1,18,0,NONE,"H1xXIQFn","Suicide mission",120,1,1,false
1,18,0,NONE,"utppXWhd","Rather detrimental",134,2,1,false
1,18,0,NONE,"3ttboY1Z","Rather detrimental",117,2,1,false
1,18,0,NONE,"dYoq0K84","Piece of cake",28,7,,false
1,18,0,NONE,"Pj0eXsTe","Walk in the park",77,7,,false
1,19,0,NONE,"wryWOPXV","Piece of cake",30,1,,false
1,19,0,NONE,"ei66rxUk","Piece of cake",59,1,,false
1,19,0,NONE,"rBTn8cti","Piece of cake",65,2,,false
1,19,0,NONE,"p7TPGtLi","Rather detrimental",27,3,,false
1,19,0,NONE,"utppXWhd","Rather detrimental",134,1,1,false
1,19,0,NONE,"3ttboY1Z","Rather detrimental",117,1,1,true
1,19,0,NONE,"dYoq0K84","Piece of cake",28,6,,false
1,19,0,NONE,"Pj0eXsTe","Walk in the park",77,6,,false
1,19,0,NONE,"hW1oQtYB","Sure thing",172,7,,false
1,19,0,NONE,"oOqjl668","Piece of cake",70,7,,false
1,20,0,NONE,"rBTn8cti","Piece of cake",65,1,,false
1,20,0,NONE,"p7TPGtLi","Rather detrimental",27,2,,false
1,20,0,NONE,"dYoq0K84","Piece of cake",28,5,,false
1,20,0,NONE,"Pj0eXsTe","Walk in the park",77,5,,false
1,20,0,NONE,"hW1oQtYB","Sure thing",172,6,,false
1,20,0,NONE,"oOqjl668","Piece of cake",70,6,,true
1,20,0,NONE,"T5Ozenx5","Suicide mission",169,2,1,false
1,20,0,NONE,"gJpMX3pa","Gamble",133,2,1,false
1,20,0,NONE,"g5ORhESK","Gamble",69,7,,false
1,20,0,NONE,"k8nzE1bW","Suicide mission",133,3,1,false
1,21,0,NONE,"p7TPGtLi","Rather detrimental",27,1,,false
1,21,0,NONE,"dYoq0K84","Piece of cake",28,4,,false
1,21,0,NONE,"Pj0eXsTe","Walk in the park",77,4,,false
1,21,0,NONE,"hW1oQtYB","Sure thing",172,5,,false
1,21,0,NONE,"T5Ozenx5","Suicide mission",169,1,1,false
1,21,0,NONE,"gJpMX3pa","Gamble",133,1,1,false
1,21,0,NONE,"g5ORhESK","Gamble",69,6,,true
1,21,0,NONE,"k8nzE1bW","Suicide mission",133,2,1,false
1,21,0,NONE,"PhB1JXbY","Piece of cake",115,7,,false
1,21,0,NONE,"4veyQsrj","Playing with fire",149,2,1,false
1,22,0,NONE,"dYoq0K84","Piece of cake",28,3,,false
1,22,0,NONE,"Pj0eXsTe","Walk in the park",77,3,,false
1,22,0,NONE,"hW1oQtYB","Sure thing",172,4,,false
1,22,0,NONE,"k8nzE1bW","Suicide mission",133,1,1,true
1,22,0,NONE,"PhB1JXbY","Piece of cake",115,6,,false
1,22,0,NONE,"4veyQsrj","Playing with fire",149,1,1,false
1,22,0,NONE,"5HRATZR0","Hmmm....",54,7,,false
1,22,0,NONE,"8jhXYEI9","Piece of cake",106,7,,false
1,22,0,NONE,"vkF8e7U0","Suicide mission",148,3,1,false
1,22,0,NONE,"g0i9esRX","Gamble",121,2,1,false
1,24,0,NONE,"dYoq0K84","Piece of cake",28,1,,true
1,24,0,NONE,"Pj0eXsTe","Walk in the park",77,1,,false
1,24,0,NONE,"hW1oQtYB","Sure thing",172,2,,false
1,24,0,NONE,"PhB1JXbY","Piece of cake",115,4,,false
1,24,0,NONE,"5HRATZR0","Hmmm....",54,5,,false
1,24,0,NONE,"8jhXYEI9","Piece of cake",106,5,,false
1,24,0,NONE,"vkF8e7U0","Suicide mission",148,1,1,false
1,24,0,NONE,"WxR6xF7l","Hmmm....",79,6,,false
1,24,0,NONE,"rtUbKud9","Piece of cake",114,6,,false
1,24,0,NONE,"fzi0whvK","Sure thing",93,7,,false
1,25,0,NONE,"hW1oQtYB","Sure thing",172,1,,true
1,25,0,NONE,"PhB1JXbY","Piece of cake",115,3,,false
1,25,0,NONE,"5HRATZR0","Hmmm....",54,4,,false
1,25,0,NONE,"8jhXYEI9","Piece of cake",106,4,,false
1,25,0,NONE,"WxR6xF7l","Hmmm....",79,5,,false
1,25,0,NONE,"rtUbKud9","Piece of cake",114,5,,false
1,25,0,NONE,"fzi0whvK","Sure thing",93,6,,false
1,25,0,NONE,"BEON2Npj","Piece of cake",116,7,,false
1,25,0,NONE,"lDSqBGdg","Rather detrimental",113,2,1,false
1,25,0,NONE,"6K4lfXh8","Walk in the park",128,7,,false
1,27,0,NONE,"PhB1JXbY","Piece of cake",115,1,,false
1,27,0,NONE,"5HRATZR0","Hmmm....",54,2,,false
1,27,0,NONE,"8jhXYEI9","Piece of cake",106,2,,false
1,27,0,NONE,"WxR6xF7l","Hmmm....",79,3,,false
1,27,0,NONE,"rtUbKud9","Piece of cake",114,3,,false
1,27,0,NONE,"fzi0whvK","Sure thing",93,4,,false
1,27,0,NONE,"BEON2Npj","Piece of cake",116,5,,true
1,27,0,NONE,"6K4lfXh8","Walk in the park",128,5,,false
1,27,0,NONE,"DAQDitXz","Suicide mission",123,1,2,false
1,27,0,NONE,"CLu87EyW","Impossible",124,2,1,false
1,28,0,NONE,"5HRATZR0","Hmmm....",54,1,,false
1,28,0,NONE,"8jhXYEI9","Piece of cake",106,1,,false
1,28,0,NONE,"WxR6xF7l","Hmmm....",79,2,,false
1,28,0,NONE,"rtUbKud9","Piece of cake",114,2,,false
1,28,0,NONE,"fzi0whvK","Sure thing",93,3,,true
1,28,0,NONE,"6K4lfXh8","Walk in the park",128,4,,false
1,28,0,NONE,"CLu87EyW","Impossible",124,1,1,false
1,28,0,NONE,"VZECjT8T","Walk in the park",94,7,,false
1,28,0,NONE,"xjBP2dqp","Playing with fire",113,3,1,false
1,28,0,NONE,"ICJZfzGX","Impossible",80,2,2,false
1,29,0,NONE,"WxR6xF7l","Hmmm....",79,1,,false
1,29,0,NONE,"rtUbKud9","Piece of cake",114,1,,true
1,29,0,NONE,"6K4lfXh8","Walk in the park",128,3,,false
1,29,0,NONE,"VZECjT8T","Walk in the park",94,6,,false
1,29,0,NONE,"xjBP2dqp","Playing with fire",113,2,1,false
1,29,0,NONE,"ICJZfzGX","Impossible",80,1,2,false
1,29,0,NONE,"UhL2sMrW","Risky",141,2,1,false
1,29,0,NONE,"AjThWG6C","Gamble",129,3,1,false
1,29,0,NONE,"uwvgy9fi","Suicide mission",148,2,1,false
1,29,0,NONE,"sR41RhTk","Suicide mission",142,3,1,false
1,30,0,NONE,"6K4lfXh8","Walk in the park",128,2,,false
1,30,0,NONE,"VZECjT8T","Walk in the park",94,5,,false
1,30,0,NONE,"xjBP2dqp","Playing with fire",113,1,1,false
1,30,0,NONE,"UhL2sMrW","Risky",141,1,1,false
1,30,0,NONE,"AjThWG6C","Gamble",129,2,1,false
1,30,0,NONE,"uwvgy9fi","Suicide mission",148,1,1,false
1,30,0,NONE,"sR41RhTk","Suicide mission",142,2,1,false
1,30,0,NONE,"FA5De1bG","Suicide mission",138,2,1,false
1,30,0,NONE,"ZXhqCQyL","Suicide mission",117,3,1,true
1,30,0,NONE,"qh090eQA","Playing with fire",129,3,1,false
1,32,0,NONE,"VZECjT8T","Walk in the park",94,3,,false
1,32,0,NONE,"qh090eQA","Playing with fire",129,1,1,false
1,32,0,NONE,"wA5oPQes","Quite likely",102,6,,false
1,32,0,NONE,"xOnaEXQJ","Hmmm....",144,2,1,false
1,32,0,NONE,"IDt2puil","Rather detrimental",130,1,1,false
1,32,0,NONE,"RjYZCRVC","Piece of cake",116,6,,true
1,32,0,NONE,"ffaSyPhw","Impossible",152,2,1,false
1,32,0,NONE,"GTz5aFC1","Risky",149,2,1,false
1,32,0,NONE,"DJovTFxh","Suicide mission",138,3,1,false
1,32,0,NONE,"iDRCCxrh","Quite likely",100,7,,false
1,33,0,NONE,"VZECjT8T","Walk in the park",94,2,,true
1,33,0,NONE,"wA5oPQes","Quite likely",102,5,,false
1,33,0,NONE,"xOnaEXQJ","Hmmm....",144,1,1,false
1,33,0,NONE,"ffaSyPhw","Impossible",152,1,1,false
1,33,0,NONE,"GTz5aFC1","Risky",149,1,1,false
1,33,0,NONE,"DJovTFxh","Suicide mission",138,2,1,false
1,33,0,NONE,"iDRCCxrh","Quite likely",100,6,,false
1,33,0,NONE,"sglBc1zW","Gamble",86,7,,false
1,33,0,NONE,"VSwNU6AD","Suicide mission",137,2,1,false
1,33,0,NONE,"tHWj1IOn","Quite likely",133,3,1,false
1,34,0,NONE,"wA5oPQes","Quite likely",102,4,,false
1,34,0,NONE,"DJovTFxh","Suicide mission",138,1,1,false
1,34,0,NONE,"iDRCCxrh","Quite likely",100,5,,false
1,34,0,NONE,"sglBc1zW","Gamble",86,6,,false
1,34,0,NONE,"VSwNU6AD","Suicide mission",137,1,1,false
1,34,0,NONE,"tHWj1IOn","Quite likely",133,2,1,false
1,34,0,NONE,"Cs4zyVjv","Rather detrimental",132,2,1,false
1,34,0,NONE,"ksTG1c2X","Gamble",118,7,,false
1,34,0,NONE,"FvoguJnn","Playing with fire",97,7,,false
1,34,0,NONE,"0PXWuiVn","Quite likely",105,7,,true
1,35,0,NONE,"wA5oPQes","Quite likely",102,3,,false
1,35,0,NONE,"iDRCCxrh","Quite likely",100,4,,true
1,35,0,NONE,"sglBc1zW","Gamble",86,5,,false
1,35,0,NONE,"tHWj1IOn","Quite likely",133,1,1,false
1,35,0,NONE,"Cs4zyVjv","Rather detrimental",132,1,1,false
1,35,0,NONE,"ksTG1c2X","Gamble",118,6,,false
1,35,0,NONE,"FvoguJnn","Playing with fire",97,6,,false
1,35,0,NONE,"NU6zSxhm","Piece of cake",96,7,,false
1,35,0,NONE,"H8fuyVQN","Hmmm....",93,7,,false
1,35,0,NONE,"0RhjAzoh","Piece of cake",89,7,,false
1,37,0,NONE,"wA5oPQes","Quite likely",102,1,,false
1,37,0,NONE,"sglBc1zW","Gamble",86,3,,false
1,37,0,NONE,"ksTG1c2X","Gamble",118,4,,false
1,37,0,NONE,"FvoguJnn","Playing with fire",97,4,,false
1,37,0,NONE,"NU6zSxhm","Piece of cake",96,5,,false
1,37,0,NONE,"H8fuyVQN","Hmmm....",93,5,,false
1,37,0,NONE,"0RhjAzoh","Piece of cake",89,5,,true
1,37,0,NONE,"OXB7BKNK","Walk in the park",99,6,,false
1,37,0,NONE,"QsSSPbDq","Hmmm....",74,6,,false
1,37,0,NONE,"oFq8tjjT","Piece of cake",88,6,,false
1,38,0,NONE,"sglBc1zW","Gamble",86,2,,false
1,38,0,NONE,"ksTG1c2X","Gamble",118,3,,false
1,38,0,NONE,"FvoguJnn","Playing with fire",97,3,,false
1,38,0,NONE,"NU6zSxhm","Piece of cake",96,4,,true
1,38,0,NONE,"H8fuyVQN","Hmmm....",93,4,,false
1,38,0,NONE,"OXB7BKNK","Walk in the park",99,5,,false
1,38,0,NONE,"QsSSPbDq","Hmmm....",74,5,,false
1,38,0,NONE,"oFq8tjjT","Piece of cake",88,5,,false
1,38,0,NONE,"7nUYiNQv","Walk in the park",80,7,,false
1,38,0,NONE,"JDMCz7ra","Walk in the park",84,7,,false
1,39,0,NONE,"sglBc1zW","Gamble",86,1,,false
1,39,0,NONE,"ksTG1c2X","Gamble",118,2,,false
1,39,0,NONE,"FvoguJnn","Playing with fire",97,2,,false
1,39,0,NONE,"H8fuyVQN","Hmmm....",93,3,,false
1,39,0,NONE,"OXB7BKNK","Walk in the park",99,4,,false
1,39,0,NONE,"QsSSPbDq","Hmmm....",74,4,,false
1,39,0,NONE,"oFq8tjjT","Piece of cake",88,4,,true
1,39,0,NONE,"7nUYiNQv","Walk in the park",80,6,,false
1,39,0,NONE,"JDMCz7ra","Walk in the park",84,6,,false
1,39,0,NONE,"SXccasdr","Hmmm....",92,7,,false
1,40,0,NONE,"ksTG1c2X","Gamble",118,1,,false
1,40,0,NONE,"FvoguJnn","Playing with fire",97,1,,false
1,40,0,NONE,"H8fuyVQN","Hmmm....",93,2,,false
1,40,0,NONE,"OXB7BKNK","Walk in the park",99,3,,false
1,40,0,NONE,"QsSSPbDq","Hmmm....",74,3,,false
1,40,0,NONE,"7nUYiNQv","Walk in the park",80,5,,false
1,40,0,NONE,"JDMCz7ra","Walk in the park",84,5,,false
1,40,0,NONE,"SXccasdr","Hmmm....",92,6,,false
1,40,0,NONE,"pPZCZyXJ","Quite likely",76,7,,false
1,40,0,NONE,"cwSJHs5A","Playing with fire",62,7,,true
1,42,0,NONE,"OXB7BKNK","Walk in the park",99,1,,false
1,42,0,NONE,"QsSSPbDq","Hmmm....",74,1,,true
1,42,0,NONE,"7nUYiNQv","Walk in the park",80,3,,false
1,42,0,NONE,"JDMCz7ra","Walk in the park",84,3,,false
1,42,0,NONE,"SXccasdr","Hmmm....",92,4,,false
1,42,0,NONE,"pPZCZyXJ","Quite likely",76,5,,false
1,42,0,NONE,"uZdr0E1M","Hmmm....",99,6,,false
1,42,0,NONE,"WtPYx8xN","Piece of cake",69,6,,false
1,42,0,NONE,"NKCenpd6","Risky",66,6,,false
1,42,0,NONE,"IR2OAe6V","Rather detrimental",99,7,,false
1,43,0,NONE,"7nUYiNQv","Walk in the park",80,2,,false
1,43,0,NONE,"JDMCz7ra","Walk in the park",84,2,,false
1,43,0,NONE,"SXccasdr","Hmmm....",92,3,,false
1,43,0,NONE,"pPZCZyXJ","Quite likely",76,4,,false
1,43,0,NONE,"uZdr0E1M","Hmmm....",99,5,,false
1,43,0,NONE,"WtPYx8xN","Piece of cake",69,5,,true
1,43,0,NONE,"NKCenpd6","Risky",66,5,,false
1,43,0,NONE,"IR2OAe6V","Rather detrimental",99,6,,false
1,43,0,NONE,"zSiNujJo","Rather detrimental",72,7,,false
1,43,0,NONE,"O0rPnZln","Hmmm....",81,7,,false
1,44,0,NONE,"7nUYiNQv","Walk in the park",80,1,,true
1,44,0,NONE,"JDMCz7ra","Walk in the park",84,1,,false
1,44,0,NONE,"SXccasdr","Hmmm....",92,2,,false
1,44,0,NONE,"pPZCZyXJ","Quite likely",76,3,,false
1,44,0,NONE,"uZdr0E1M","Hmmm....",99,4,,false
1,44,0,NONE,"NKCenpd6","Risky",66,4,,false
1,44,0,NONE,"IR2OAe6V","Rather detrimental",99,5,,false
1,44,0,NONE,"zSiNujJo","Rather detrimental",72,6,,false
1,44,0,NONE,"O0rPnZln","Hmmm....",81,6,,false
1,44,0,NONE,"rU4WaD2Z","Quite likely",79,7,,false
1,45,0,NONE,"SXccasdr","Hmmm....",92,1,,false
1,45,0,NONE,"pPZCZyXJ","Quite likely",76,2,,false
1,45,0,NONE,"uZdr0E1M","Hmmm....",99,3,,false
1,45,0,NONE,"NKCenpd6","Risky",66,3,,false
1,45,0,NONE,"IR2OAe6V","Rather detrimental",99,4,,false
1,45,0,NONE,"zSiNujJo","Rather detrimental",72,5,,false
1,45,0,NONE,"O0rPnZln","Hmmm....",81,5,,true
1,45,0,NONE,"rU4WaD2Z","Quite likely",79,6,,false
1,45,0,NONE,"UQWmBKTW","Risky",68,7,,false
1,45,0,NONE,"740ixky4","Playing with fire",67,7,,false
1,47,0,NONE,"uZdr0E1M","Hmmm....",99,1,,false
1,47,0,NONE,"NKCenpd6","Risky",66,1,,false
1,47,0,NONE,"IR2OAe6V","Rather detrimental",99,2,,false
1,47,0,NONE,"zSiNujJo","Rather detrimental",72,3,,false
1,47,0,NONE,"rU4WaD2Z","Quite likely",79,4,,false
1,47,0,NONE,"UQWmBKTW","Risky",68,5,,true
1,47,0,NONE,"740ixky4","Playing with fire",67,5,,false
1,47,0,NONE,"60DZeDup","Piece of cake",81,6,,false
1,47,0,NONE,"LVzrDHIz","Suicide mission",77,6,,false
1,47,0,NONE,"NXHFg9S8","Gamble",72,7,,false
1,48,0,NONE,"IR2OAe6V","Rather detrimental",99,1,,false
1,48,0,NONE,"zSiNujJo","Rather detrimental",72,2,,false
1,48,0,NONE,"rU4WaD2Z","Quite likely",79,3,,false
1,48,0,NONE,"740ixky4","Playing with fire",67,4,,false
1,48,0,NONE,"60DZeDup","Piece of cake",81,5,,false
1,48,0,NONE,"LVzrDHIz","Suicide mission",77,5,,false
1,48,0,NONE,"NXHFg9S8","Gamble",72,6,,false
1,48,0,NONE,"sY6PMoGe","Hmmm....",83,7,,false
1,48,0,NONE,"zrjRXYE1","Rather detrimental",96,7,,true
1,48,0,NONE,"tqUFWQAa","Gamble",56,7,,false
2,0,0,NONE,"zQK8o5on","Risky",27,7,,false
2,0,0,NONE,"j0ushWRa","Piece of cake",56,7,,false
2,0,0,NONE,"Heg4lKfa","Piece of cake",24,7,,true
2,0,0,NONE,"miNLqpXk","Piece of cake",6,7,,false
2,0,0,NONE,"HjRXYKY0","Risky",34,7,,false
2,0,0,NONE,"gtjjUXdq","Piece of cake",23,7,,false
2,0,0,NONE,"VMuR8hGs","Rather detrimental",37,7,,false
2,0,0,NONE,"HkYvvw4D","Hmmm....",2,7,,false
2,0,0,NONE,"SE1LbayL","Walk in the park",27,7,,false
2,0,0,NONE,"l35TVREU","Piece of cake",2,7,,false
2,1,0,NONE,"zQK8o5on","Risky",27,6,,false
2,1,0,NONE,"j0ushWRa","Piece of cake",56,6,,false
2,1,0,NONE,"miNLqpXk","Piece of cake",6,6,,false
2,1,0,NONE,"HjRXYKY0","Risky",34,6,,false
2,1,0,NONE,"gtjjUXdq","Piece of cake",23,6,,true
2,1,0,NONE,"VMuR8hGs","Rather detrimental",37,6,,false
2,1,0,NONE,"HkYvvw4D","Hmmm....",2,6,,false
2,1,0,NONE,"SE1LbayL","Walk in the park",27,6,,false
2,1,0,NONE,"l35TVREU","Piece of cake",2,6,,false
2,1,0,NONE,"PmkME7nm","Hmmm....",18,7,,false
2,2,0,NONE,"zQK8o5on","Risky",27,5,,false
2,2,0,NONE,"j0ushWRa","Piece of cake",56,5,,true
2,2,0,NONE,"miNLqpXk","Piece of cake",6,5,,false
2,2,0,NONE,"HjRXYKY0","Risky",34,5,,false
2,2,0,NONE,"VMuR8hGs","Rather detrimental",37,5,,false
2,2,0,NONE,"HkYvvw4D","Hmmm....",2,5,,false
2,2,0,NONE,"SE1LbayL","Walk in the park",27,5,,false
2,2,0,NONE,"l35TVREU","Piece of cake",2,5,,false
2,2,0,NONE,"PmkME7nm","Hmmm....",18,6,,false
2,2,0,NONE,"40g8n31t","Walk in the park",20,7,,false
2,3,0,NONE,"zQK8o5on","Risky",27,4,,false
2,3,0,NONE,"miNLqpXk","Piece of cake",6,4,,false
2,3,0,NONE,"HjRXYKY0","Risky",34,4,,false
2,3,0,NONE,"VMuR8hGs","Rather detrimental",37,4,,false
2,3,0,NONE,"HkYvvw4D","Hmmm....",2,4,,false
2,3,0,NONE,"SE1LbayL","Walk in the park",27,4,,false
2,3,0,NONE,"l35TVREU","Piece of cake",2,4,,true
2,3,0,NONE,"PmkME7nm","Hmmm....",18,5,,false
2,3,0,NONE,"40g8n31t","Walk in the park",20,6,,false
2,3,0,NONE,"neCKBMe2","Quite likely",3,7,,false
2,4,0,NONE,"zQK8o5on","Risky",27,3,,false
2,4,0,NONE,"miNLqpXk","Piece of cake",6,3,,false
2,4,0,NONE,"HjRXYKY0","Risky",34,3,,false
2,4,0,NONE,"VMuR8hGs","Rather detrimental",37,3,,false
2,4,0,NONE,"HkYvvw4D","Hmmm....",2,3,,false
2,4,0,NONE,"SE1LbayL","Walk in the park",27,3,,false
2,4,0,NONE,"PmkME7nm","Hmmm....",18,4,,false
2,4,0,NONE,"40g8n31t","Walk in the park",20,5,,false
2,4,0,NONE,"neCKBMe2","Quite likely",3,6,,false
2,4,0,NONE,"DQkfzrCv","Piece of cake",59,7,,true
2,5,0,NONE,"zQK8o5on","Risky",27,2,,false
2,5,0,NONE,"miNLqpXk","Piece of cake",6,2,,true
2,5,0,NONE,"HjRXYKY0","Risky",34,2,,false
2,5,0,NONE,"VMuR8hGs","Rather detrimental",37,2,,false
2,5,0,NONE,"HkYvvw4D","Hmmm....",2,2,,false
2,5,0,NONE,"SE1LbayL","Walk in the park",27,2,,false
2,5,0,NONE,"PmkME7nm","Hmmm....",18,3,,false
2,5,0,NONE,"40g8n31t","Walk in the park",20,4,,false
2,5,0,NONE,"neCKBMe2","Quite likely",3,5,,false
2,5,0,NONE,"Y7u8bwx2","Quite likely",25,7,,false
2,6,0,NONE,"zQK8o5on","Risky",27,1,,false
2,6,0,NONE,"HjRXYKY0","Risky",34,1,,false
2,6,0,NONE,"VMuR8hGs","Rather detrimental",37,1,,false
2,6,0,NONE,"HkYvvw4D","Hmmm....",2,1,,false
2,6,0,NONE,"SE1LbayL","Walk in the park",27,1,,false
2,6,0,NONE,"PmkME7nm","Hmmm....",18,2,,false
2,6,0,NONE,"40g8n31t","Walk in the park",20,3,,false
2,6,0,NONE,"neCKBMe2","Quite likely",3,4,,false
2,6,0,NONE,"Y7u8bwx2","Quite likely",25,6,,false
2,6,0,NONE,"P8Z2pSHJ","Walk in the park",15,7,,true
2,7,0,NONE,"PmkME7nm","Hmmm....",18,1,,false
2,7,0,NONE,"40g8n31t","Walk in the park",20,2,,false
2,7,0,NONE,"neCKBMe2","Quite likely",3,3,,false
2,7,0,NONE,"Y7u8bwx2","Quite likely",25,5,,false
2,7,0,NONE,"Qraua8fY","Walk in the park",5,7,,false
2,7,0,NONE,"kSImS0ub","Walk in the park",19,7,,false
2,7,0,NONE,"Zb6jmPnD","Piece of cake",62,7,,true
2,7,0,NONE,"oMf0TiIt","Piece of cake",35,7,,false
2,7,0,NONE,"SHdPftrB","Quite likely",64,7,,false
2,7,0,NONE,"5CxiBEUe","Walk in the park",34,7,,false
2,8,0,NONE,"40g8n31t","Walk in the park",20,1,,false
2,8,0,NONE,"neCKBMe2","Quite likely",3,2,,false
2,8,0,NONE,"Y7u8bwx2","Quite likely",25,4,,false
2,8,0,NONE,"Qraua8fY","Walk in the park",5,6,,false
2,8,0,NONE,"kSImS0ub","Walk in the park",19,6,,false
2,8,0,NONE,"oMf0TiIt","Piece of cake",35,6,,false
2,8,0,NONE,"SHdPftrB","Quite likely",64,6,,false
2,8,0,NONE,"5CxiBEUe","Walk in the park",34,6,,true
2,8,0,NONE,"s9wjEWKi","Quite likely",10,7,,false
2,8,0,NONE,"fXIKFkl9","Piece of cake",17,7,,false
2,9,0,NONE,"neCKBMe2","Quite likely",3,1,,true
2,9,0,NONE,"Y7u8bwx2","Quite likely",25,3,,false
2,9,0,NONE,"Qraua8fY","Walk in the park",5,5,,false
2,9,0,NONE,"kSImS0ub","Walk in the park",19,5,,false
2,9,0,NONE,"oMf0TiIt","Piece of cake",35,5,,false
2,9,0,NONE,"SHdPftrB","Quite likely",64,5,,false
2,9,0,NONE,"s9wjEWKi","Quite likely",10,6,,false
2,9,0,NONE,"fXIKFkl9","Piece of cake",17,6,,false
2,9,0,NONE,"mX2A76qk","Sure thing",10,7,,false
2,9,0,NONE,"6V9mJL2t","Piece of cake",70,7,,false
2,10,0,NONE,"Y7u8bwx2","Quite likely",25,2,,false
2,10,0,NONE,"Qraua8fY","Walk in the park",5,4,,false
2,10,0,NONE,"kSImS0ub","Walk in the park",19,4,,false
2,10,0,NONE,"oMf0TiIt","Piece of cake",35,4,,false
2,10,0,NONE,"SHdPftrB","Quite likely",64,4,,false
2,10,0,NONE,"s9wjEWKi","Quite likely",10,5,,false
2,10,0,NONE,"fXIKFkl9","Piece of cake",17,5,,false
2,10,0,NONE,"mX2A76qk","Sure thing",10,6,,true
2,10,0,NONE,"6V9mJL2t","Piece of cake",70,6,,false
2,10,0,NONE,"KDFgK3Gg","Playing with fire",50,7,,false
2,11,0,NONE,"Y7u8bwx2","Quite likely",25,1,,false
2,11,0,NONE,"Qraua8fY","Walk in the park",5,3,,false
2,11,0,NONE,"kSImS0ub","Walk in the park",19,3,,false
2,11,0,NONE,"oMf0TiIt","Piece of cake",35,3,,false
2,11,0,NONE,"SHdPftrB","Quite likely",64,3,,false
2,11,0,NONE,"s9wjEWKi","Quite likely",10,4,,true
2,11,0,NONE,"fXIKFkl9","Piece of cake",17,4,,false
2,11,0,NONE,"6V9mJL2t","Piece of cake",70,5,,false
2,11,0,NONE,"KDFgK3Gg","Playing with fire",50,6,,false
2,11,0,NONE,"12ovq5gK","Piece of cake",20,7,,false
2,12,0,NONE,"Qraua8fY","Walk in the park",5,2,,false
2,12,0,NONE,"kSImS0ub","Walk in the park",19,2,,false
2,12,0,NONE,"oMf0TiIt","Piece of cake",35,2,,false
2,12,0,NONE,"SHdPftrB","Quite likely",64,2,,false
2,12,0,NONE,"fXIKFkl9","Piece of cake",17,3,,false
2,12,0,NONE,"6V9mJL2t","Piece of cake",70,4,,false
2,12,0,NONE,"KDFgK3Gg","Playing with fire",50,5,,false
2,12,0,NONE,"12ovq5gK","Piece of cake",20,6,,true
2,12,0,NONE,"MhFzU8Sp","Piece of cake",30,7,,false
2,12,0,NONE,"aS5l25BE","Piece of cake",68,7,,false
2,13,0,NONE,"Qraua8fY","Walk in the park",5,1,,false
2,13,0,NONE,"kSImS0ub","Walk in the park",19,1,,false
2,13,0,NONE,"oMf0TiIt","Piece of cake",35,1,,false
2,13,0,NONE,"SHdPftrB","Quite likely",64,1,,false
2,13,0,NONE,"fXIKFkl9","Piece of cake",17,2,,false
2,13,0,NONE,"6V9mJL2t","Piece of cake",70,3,,false
2,13,0,NONE,"KDFgK3Gg","Playing with fire",50,4,,false
2,13,0,NONE,"MhFzU8Sp","Piece of cake",30,6,,false
2,13,0,NONE,"aS5l25BE","Piece of cake",68,6,,false
2,13,0,NONE,"cwZNB6ov","Piece of cake",52,7,,true
2,14,0,NONE,"fXIKFkl9","Piece of cake",17,1,,false
2,14,0,NONE,"6V9mJL2t","Piece of cake",70,2,,false
2,14,0,NONE,"KDFgK3Gg","Playing with fire",50,3,,false
2,14,0,NONE,"MhFzU8Sp","Piece of cake",30,5,,true
2,14,0,NONE,"aS5l25BE","Piece of cake",68,5,,false
2,14,0,NONE,"SXeljRKB","Risky",27,7,,false
2,14,0,NONE,"8Gg9L38c","Walk in the park",24,7,,false
2,14,0,NONE,"OcQFA0ah","Walk in the park",51,7,,false
2,14,0,NONE,"cmmnIVKC","Walk in the park",29,7,,false
2,14,0,NONE,"5imruspP","Risky",35,7,,false
2,15,0,NONE,"6V9mJL2t","Piece of cake",70,1,,true
2,15,0,NONE,"KDFgK3Gg","Playing with fire",50,2,,false
2,15,0,NONE,"aS5l25BE","Piece of cake",68,4,,false
2,15,0,NONE,"SXeljRKB","Risky",27,6,,false
2,15,0,NONE,"8Gg9L38c","Walk in the park",24,6,,false
2,15,0,NONE,"OcQFA0ah","Walk in the park",51,6,,false
2,15,0,NONE,"cmmnIVKC","Walk in the park",29,6,,false
2,15,0,NONE,"5imruspP","Risky",35,6,,false
2,15,0,NONE,"3EcOrVLS","Hmmm....",15,7,,false
2,15,0,NONE,"kRAdoilz","Piece of cake",63,7,,false
2,16,0,NONE,"KDFgK3Gg","Playing with fire",50,1,,false
2,16,0,NONE,"aS5l25BE","Piece of cake",68,3,,true
2,16,0,NONE,"SXeljRKB","Risky",27,5,,false
2,16,0,NONE,"8Gg9L38c","Walk in the park",24,5,,false
2,16,0,NONE,"OcQFA0ah","Walk in the park",51,5,,false
2,16,0,NONE,"cmmnIVKC","Walk in the park",29,5,,false
2,16,0,NONE,"5imruspP","Risky",35,5,,false
2,16,0,NONE,"3EcOrVLS","Hmmm....",15,6,,false
2,16,0,NONE,"kRAdoilz","Piece of cake",63,6,,false
2,16,0,NONE,"Uah2f0Ws","Risky",26,7,,false
2,17,0,NONE,"SXeljRKB","Risky",27,4,,false
2,17,0,NONE,"8Gg9L38c","Walk in the park",24,4,,false
2,17,0,NONE,"OcQFA0ah","Walk in the park",51,4,,false
2,17,0,NONE,"cmmnIVKC","Walk in the park",29,4,,false
2,17,0,NONE,"5imruspP","Risky",35,4,,false
2,17,0,NONE,"3EcOrVLS","Hmmm....",15,5,,false
2,17,0,NONE,"kRAdoilz","Piece of cake",63,5,,false
2,17,0,NONE,"Uah2f0Ws","Risky",26,6,,false
2,17,0,NONE,"EXiohBXG","Sure thing",163,7,,true
2,17,0,NONE,"gWowVMxc","Hmmm....",47,7,,false
2,19,0,NONE,"SXeljRKB","Risky",27,2,,false
2,19,0,NONE,"8Gg9L38c","Walk in the park",24,2,,false
2,19,0,NONE,"OcQFA0ah","Walk in the park",51,2,,false
2,19,0,NONE,"cmmnIVKC","Walk in the park",29,2,,false
2,19,0,NONE,"5imruspP","Risky",35,2,,false
2,19,0,NONE,"3EcOrVLS","Hmmm....",15,3,,false
2,19,0,NONE,"kRAdoilz","Piece of cake",63,3,,true
2,19,0,NONE,"Uah2f0Ws","Risky",26,4,,false
2,19,0,NONE,"gWowVMxc","Hmmm....",47,5,,false
2,19,0,NONE,"I1ngqI0O","Gamble",42,6,,false
2,20,0,NONE,"SXeljRKB","Risky",27,1,,false
2,20,0,NONE,"8Gg9L38c","Walk in the park",24,1,,false
2,20,0,NONE,"OcQFA0ah","Walk in the park",51,1,,false
2,20,0,NONE,"cmmnIVKC","Walk in the park",29,1,,false
2,20,0,NONE,"5imruspP","Risky",35,1,,true
2,20,0,NONE,"3EcOrVLS","Hmmm....",15,2,,false
2,20,0,NONE,"Uah2f0Ws","Risky",26,3,,false
2,20,0,NONE,"gWowVMxc","Hmmm....",47,4,,false
2,20,0,NONE,"I1ngqI0O","Gamble",42,5,,false
2,20,0,NONE,"FW1Luky1","Suicide mission",154,3,1,false
2,21,0,NONE,"3EcOrVLS","Hmmm....",15,1,,false
2,21,0,NONE,"Uah2f0Ws","Risky",26,2,,false
2,21,0,NONE,"gWowVMxc","Hmmm....",47,3,,true
2,21,0,NONE,"I1ngqI0O","Gamble",42,4,,false
2,21,0,NONE,"FW1Luky1","Suicide mission",154,2,1,false
2,21,0,NONE,"oDzdflNH","Sure thing",97,7,,false
2,21,0,NONE,"9TVGX0V7","Sure thing",170,7,,false
2,21,0,NONE,"JVCHmtG6","Sure thing",177,7,,false
2,21,0,NONE,"8OEOqCgJ","Piece of cake",88,7,,false
2,21,0,NONE,"8nStEJzV","Suicide mission",132,2,1,false
2,22,0,NONE,"Uah2f0Ws","Risky",26,1,,false
2,22,0,NONE,"I1ngqI0O","Gamble",42,3,,false
2,22,0,NONE,"FW1Luky1","Suicide mission",154,1,1,false
2,22,0,NONE,"oDzdflNH","Sure thing",97,6,,false
2,22,0,NONE,"9TVGX0V7","Sure thing",170,6,,true
2,22,0,NONE,"JVCHmtG6","Sure thing",177,6,,false
2,22,0,NONE,"8OEOqCgJ","Piece of cake",88,6,,false
2,22,0,NONE,"8nStEJzV","Suicide mission",132,1,1,false
2,22,0,NONE,"y5pHU8U4","Playing with fire",131,2,1,false
2,22,0,NONE,"dEw3J5Jb","Hmmm....",70,7,,false
2,24,0,NONE,"I1ngqI0O","Gamble",42,1,,false
2,24,0,NONE,"oDzdflNH","Sure thing",97,4,,false
2,24,0,NONE,"JVCHmtG6","Sure thing",177,4,,true
2,24,0,NONE,"8OEOqCgJ","Piece of cake",88,4,,false
2,24,0,NONE,"dEw3J5Jb","Hmmm....",70,5,,false
2,24,0,NONE,"awuMH8ka","Quite likely",139,1,1,false
2,24,0,NONE,"WJpJnT4v","Walk in the park",107,6,,false
2,24,0,NONE,"yKI0BNPN","Risky",104,2,1,false
2,24,0,NONE,"xq1Ph77c","Walk in the park",118,6,,false
2,24,0,NONE,"bR1JWUFk","Suicide mission",151,2,1,false
2,26,0,NONE,"oDzdflNH","Sure thing",97,2,,false
2,26,0,NONE,"8OEOqCgJ","Piece of cake",88,2,,false
2,26,0,NONE,"dEw3J5Jb","Hmmm....",70,3,,false
2,26,0,NONE,"WJpJnT4v","Walk in the park",107,4,,false
2,26,0,NONE,"xq1Ph77c","Walk in the park",118,4,,false
2,26,0,NONE,"GFgvXrbQ","Sure thing",204,6,,true
2,26,0,NONE,"qzNjaxL4","Rather detrimental",120,1,1,false
2,26,0,NONE,"9djy6f9B","Piece of cake",155,6,,false
2,26,0,NONE,"fesX1M1e","Piece of cake",158,7,,false
2,26,0,NONE,"jh0BbA8e","Impossible",155,2,1,false
2,28,0,NONE,"dEw3J5Jb","Hmmm....",70,1,,false
2,28,0,NONE,"WJpJnT4v","Walk in the park",107,2,,false
2,28,0,NONE,"xq1Ph77c","Walk in the park",118,2,,false
2,28,0,NONE,"9djy6f9B","Piece of cake",155,4,,true
2,28,0,NONE,"fesX1M1e","Piece of cake",158,5,,false
2,28,0,NONE,"yjRyglWr","Suicide mission",76,1,2,false
2,28,0,NONE,"brhzDKLj","Risky",107,2,1,false
2,28,0,NONE,"5AkjcUhd","Suicide mission",124,2,2,false
2,28,0,NONE,"JNH5hkVs","Impossible",107,2,2,false
2,28,0,NONE,"bEgI2Yj3","Piece of cake",176,7,,false
2,30,0,NONE,"fesX1M1e","Piece of cake",158,3,,false
2,30,0,NONE,"bEgI2Yj3","Piece of cake",176,5,,false
2,30,0,NONE,"D12oZkNg","Risky",106,6,,false
2,30,0,NONE,"zSlRTWcL","Gamble",117,1,1,true
2,30,0,NONE,"nkEDXTTW","Gamble",93,6,,false
2,30,0,NONE,"JMtXVkaK","Suicide mission",166,3,1,false
2,30,0,NONE,"jYJoMZUT","Playing with fire",158,3,1,false
2,30,0,NONE,"euoAGEG5","Piece of cake",176,7,,false
2,30,0,NONE,"UvZ8drsJ","Rather detrimental",136,3,1,false
2,30,0,NONE,"5U8hnlwP","Suicide mission",146,2,1,false
2,31,0,NONE,"fesX1M1e","Piece of cake",158,2,,false
2,31,0,NONE,"bEgI2Yj3","Piece of cake",176,4,,false
2,31,0,NONE,"D12oZkNg","Risky",106,5,,false
2,31,0,NONE,"nkEDXTTW","Gamble",93,5,,false
2,31,0,NONE,"JMtXVkaK","Suicide mission",166,2,1,false
2,31,0,NONE,"jYJoMZUT","Playing with fire",158,2,1,false
2,31,0,NONE,"euoAGEG5","Piece of cake",176,6,,false
2,31,0,NONE,"UvZ8drsJ","Rather detrimental",136,2,1,false
2,31,0,NONE,"5U8hnlwP","Suicide mission",146,1,1,false
2,31,0,NONE,"OnOFOzAb","Piece of cake",164,7,,true
2,33,0,NONE,"bEgI2Yj3","Piece of cake",176,2,,true
2,33,0,NONE,"D12oZkNg","Risky",106,3,,false
2,33,0,NONE,"nkEDXTTW","Gamble",93,3,,false
2,33,0,NONE,"euoAGEG5","Piece of cake",176,4,,false
2,33,0,NONE,"G3butAoV","Playing with fire",133,2,1,false
2,33,0,NONE,"lXbn9m27","Risky",80,6,,false
2,33,0,NONE,"ch6bh2r2","Suicide mission",141,2,1,false
2,33,0,NONE,"1yHCvKNF","Suicide mission",144,3,1,false
2,33,0,NONE,"id2LOTI1","Gamble",62,7,,false
2,33,0,NONE,"wU2fwrV1","Piece of cake",92,7,,false
2,35,0,NONE,"D12oZkNg","Risky",106,1,,false
2,35,0,NONE,"nkEDXTTW","Gamble",93,1,,false
2,35,0,NONE,"euoAGEG5","Piece of cake",176,2,,false
2,35,0,NONE,"lXbn9m27","Risky",80,4,,true
2,35,0,NONE,"1yHCvKNF","Suicide mission",144,1,1,false
2,35,0,NONE,"id2LOTI1","Gamble",62,5,,false
2,35,0,NONE,"wU2fwrV1","Piece of cake",92,5,,false
2,35,0,NONE,"qEgcZXDP","Risky",158,1,1,false
2,35,0,NONE,"q59Pjbbk","Piece of cake",102,7,,false
2,35,0,NONE,"Cv9ISdZh","Hmmm....",87,7,,false
2,36,0,NONE,"euoAGEG5","Piece of cake",176,1,,false
2,36,0,NONE,"id2LOTI1","Gamble",62,4,,false
2,36,0,NONE,"wU2fwrV1","Piece of cake",92,4,,false
2,36,0,NONE,"q59Pjbbk","Piece of cake",102,6,,false
2,36,0,NONE,"Cv9ISdZh","Hmmm....",87,6,,false
2,36,0,NONE,"26PLVCnN","Hmmm....",79,7,,false
2,36,0,NONE,"BH9C39eA","Gamble",84,7,,false
2,36,0,NONE,"piE37hmb","Piece of cake",147,7,,true
2,36,0,NONE,"aL1TJH2H","Hmmm....",86,7,,false
2,36,0,NONE,"PVuxl6EP","Walk in the park",84,7,,false
2,38,0,NONE,"id2LOTI1","Gamble",62,2,,false
2,38,0,NONE,"wU2fwrV1","Piece of cake",92,2,,false
2,38,0,NONE,"q59Pjbbk","Piece of cake",102,4,,true
2,38,0,NONE,"Cv9ISdZh","Hmmm....",87,4,,false
2,38,0,NONE,"26PLVCnN","Hmmm....",79,5,,false
2,38,0,NONE,"BH9C39eA","Gamble",84,5,,false
2,38,0,NONE,"aL1TJH2H","Hmmm....",86,5,,false
2,38,0,NONE,"PVuxl6EP","Walk in the park",84,5,,false
2,38,0,NONE,"tHFtRaVR","Piece of cake",194,6,,false
2,38,0,NONE,"luCv6HXb","Walk in the park",87,6,,false
2,39,0,NONE,"id2LOTI1","Gamble",62,1,,false
2,39,0,NONE,"wU2fwrV1","Piece of cake",92,1,,false
2,39,0,NONE,"Cv9ISdZh","Hmmm....",87,3,,false
2,39,0,NONE,"26PLVCnN","Hmmm....",79,4,,false
2,39,0,NONE,"BH9C39eA","Gamble",84,4,,true
2,39,0,NONE,"aL1TJH2H","Hmmm....",86,4,,false
2,39,0,NONE,"PVuxl6EP","Walk in the park",84,4,,false
2,39,0,NONE,"tHFtRaVR","Piece of cake",194,5,,false
2,39,0,NONE,"luCv6HXb","Walk in the park",87,5,,false
2,39,0,NONE,"tvAV99Ja","Walk in the park",82,7,,false
2,41,0,NONE,"Cv9ISdZh","Hmmm....",87,1,,false
2,41,0,NONE,"26PLVCnN","Hmmm....",79,2,,false
2,41,0,NONE,"aL1TJH2H","Hmmm....",86,2,,false
2,41,0,NONE,"PVuxl6EP","Walk in the park",84,2,,false
2,41,0,NONE,"tHFtRaVR","Piece of cake",194,3,,false
2,41,0,NONE,"luCv6HXb","Walk in the park",87,3,,false
2,41,0,NONE,"tvAV99Ja","Walk in the park",82,5,,false
2,41,0,NONE,"9iQAGSkw","Piece of cake",177,6,,true
2,41,0,NONE,"SUxbOoVn","Risky",93,6,,false
2,41,0,NONE,"pMaLIwV6","Rather detrimental",81,6,,false
2,43,0,NONE,"tHFtRaVR","Piece of cake",194,1,,false
2,43,0,NONE,"luCv6HXb","Walk in the park",87,1,,false
2,43,0,NONE,"tvAV99Ja","Walk in the park",82,3,,false
2,43,0,NONE,"SUxbOoVn","Risky",93,4,,false
2,43,0,NONE,"pMaLIwV6","Rather detrimental",81,4,,false
2,43,0,NONE,"4SgY5jvI","Sure thing",195,6,,false
2,43,0,NONE,"LkX6FehB","Sure thing",153,6,,false
2,43,0,NONE,"SQbJ2GIr","Walk in the park",73,7,,true
2,43,0,NONE,"d4gQb59l","Sure thing",139,7,,false
2,43,0,NONE,"NEp407C5","Piece of cake",89,7,,false
2,44,0,NONE,"tvAV99Ja","Walk in the park",82,2,,false
2,44,0,NONE,"SUxbOoVn","Risky",93,3,,false
2,44,0,NONE,"pMaLIwV6","Rather detrimental",81,3,,false
2,44,0,NONE,"4SgY5jvI","Sure thing",195,5,,true
2,44,0,NONE,"LkX6FehB","Sure thing",153,5,,false
2,44,0,NONE,"d4gQb59l","Sure thing",139,6,,false
2,44,0,NONE,"NEp407C5","Piece of cake",89,6,,false
2,44,0,NONE,"hvZIwQox","Rather detrimental",54,7,,false
2,44,0,NONE,"w5lWZJIF","Sure thing",144,7,,false
2,44,0,NONE,"69Ng1DCI","Sure thing",148,7,,false
2,46,0,NONE,"SUxbOoVn","Risky",93,1,,false
2,46,0,NONE,"pMaLIwV6","Rather detrimental",81,1,,true
2,46,0,NONE,"LkX6FehB","Sure thing",153,3,,false
2,46,0,NONE,"d4gQb59l","Sure thing",139,4,,false
2,46,0,NONE,"NEp407C5","Piece of cake",89,4,,false
2,46,0,NONE,"hvZIwQox","Rather detrimental",54,5,,false
2,46,0,NONE,"w5lWZJIF","Sure thing",144,5,,false
2,46,0,NONE,"69Ng1DCI","Sure thing",148,5,,false
2,46,0,NONE,"KR8SCrlL","Sure thing",190,6,,false
2,46,0,NONE,"fZur3A9u","Playing with fire",73,7,,false
2,48,0,NONE,"LkX6FehB","Sure thing",153,1,,false
2,48,0,NONE,"d4gQb59l","Sure thing",139,2,,false
2,48,0,NONE,"NEp407C5","Piece of cake",89,2,,false
2,48,0,NONE,"hvZIwQox","Rather detrimental",54,3,,false
2,48,0,NONE,"w5lWZJIF","Sure thing",144,3,,false
2,48,0,NONE,"69Ng1DCI","Sure thing",148,3,,false
2,48,0,NONE,"KR8SCrlL","Sure thing",190,4,,false
2,48,0,NONE,"fZur3A9u","Playing with fire",73,5,,false
2,48,0,NONE,"UvPPQN8D","Rather detrimental",74,6,,false
2,48,0,NONE,"pAUsicHr","Sure thing",146,6,,true
3,0,0,NONE,"c4PzzsHX","Suicide mission",34,7,,false
3,0,0,NONE,"JbveQFgz","Walk in the park",28,7,,false
3,0,0,NONE,"xYkW97Sq","Piece of cake",72,7,,false
3,0,0,NONE,"rABhMEWy","Piece of cake",66,7,,false
3,0,0,NONE,"VZkKInjo","Walk in the park",53,7,,false
3,0,0,NONE,"a7GyB1LM","Playing with fire",37,7,,false
3,0,0,NONE,"yJ0i8ZBn","Walk in the park",28,7,,false
3,0,0,NONE,"VjslvN67","Sure thing",58,7,,true
3,0,0,NONE,"Cfsq8tIp","Quite likely",23,7,,false
3,0,0,NONE,"WheRzODi","Rather detrimental",21,7,,false
3,1,0,NONE,"c4PzzsHX","Suicide mission",34,6,,false
3,1,0,NONE,"JbveQFgz","Walk in the park",28,6,,false
3,1,0,NONE,"xYkW97Sq","Piece of cake",72,6,,false
3,1,0,NONE,"rABhMEWy","Piece of cake",66,6,,true
3,1,0,NONE,"VZkKInjo","Walk in the park",53,6,,false
3,1,0,NONE,"a7GyB1LM","Playing with fire",37,6,,false
3,1,0,NONE,"yJ0i8ZBn","Walk in the park",28,6,,false
3,1,0,NONE,"Cfsq8tIp","Quite likely",23,6,,false
3,1,0,NONE,"WheRzODi","Rather detrimental",21,6,,false
3,1,0,NONE,"ZLU2glhT","Hmmm....",10,7,,false
3,2,0,NONE,"c4PzzsHX","Suicide mission",34,5,,false
3,2,0,NONE,"JbveQFgz","Walk in the park",28,5,,false
3,2,0,NONE,"xYkW97Sq","Piece of cake",72,5,,false
3,2,0,NONE,"VZkKInjo","Walk in the park",53,5,,false
3,2,0,NONE,"a7GyB1LM","Playing with fire",37,5,,false
3,2,0,NONE,"yJ0i8ZBn","Walk in the park",28,5,,false
3,2,0,NONE,"Cfsq8tIp","Quite likely",23,5,,false
3,2,0,NONE,"WheRzODi","Rather detrimental",21,5,,false
3,2,0,NONE,"ZLU2glhT","Hmmm....",10,6,,false
3,2,0,NONE,"y8UXwQ5L","Sure thing",62,7,,true
3,3,0,NONE,"c4PzzsHX","Suicide mission",34,4,,false
3,3,0,NONE,"JbveQFgz","Walk in the park",28,4,,false
3,3,0,NONE,"xYkW97Sq","Piece of cake",72,4,,true
3,3,0,NONE,"VZkKInjo","Walk in the park",53,4,,false
3,3,0,NONE,"a7GyB1LM","Playing with fire",37,4,,false
3,3,0,NONE,"yJ0i8ZBn","Walk in the park",28,4,,false
3,3,0,NONE,"Cfsq8tIp","Quite likely",23,4,,false
3,3,0,NONE,"WheRzODi","Rather detrimental",21,4,,false
3,3,0,NONE,"ZLU2glhT","Hmmm....",10,5,,false
3,3,0,NONE,"SDEfMRBG","Quite likely",38,7,,false
3,4,0,NONE,"c4PzzsHX","Suicide mission",34,3,,false
3,4,0,NONE,"JbveQFgz","Walk in the park",28,3,,true
3,4,0,NONE,"VZkKInjo","Walk in the park",53,3,,false
3,4,0,NONE,"a7GyB1LM","Playing with fire",37,3,,false
3,4,0,NONE,"yJ0i8ZBn","Walk in the park",28,3,,false
3,4,0,NONE,"Cfsq8tIp","Quite likely",23,3,,false
3,4,0,NONE,"WheRzODi","Rather detrimental",21,3,,false
3,4,0,NONE,"ZLU2glhT","Hmmm....",10,4,,false
3,4,0,NONE,"SDEfMRBG","Quite likely",38,6,,false
3,4,0,NONE,"muDoFKnP","Quite likely",23,7,,false
3,5,0,NONE,"c4PzzsHX","Suicide mission",34,2,,false
3,5,0,NONE,"VZkKInjo","Walk in the park",53,2,,true
3,5,0,NONE,"a7GyB1LM","Playing with fire",37,2,,false
3,5,0,NONE,"yJ0i8ZBn","Walk in the park",28,2,,false
3,5,0,NONE,"Cfsq8tIp","Quite likely",23,2,,false
3,5,0,NONE,"WheRzODi","Rather detrimental",21,2,,false
3,5,0,NONE,"ZLU2glhT","Hmmm....",10,3,,false
3,5,0,NONE,"SDEfMRBG","Quite likely",38,5,,false
3,5,0,NONE,"muDoFKnP","Quite likely",23,6,,false
3,5,0,NONE,"FmLkVNiX","Hmmm....",40,7,,false
3,6,0,NONE,"c4PzzsHX","Suicide mission",34,1,,false
3,6,0,NONE,"a7GyB1LM","Playing with fire",37,1,,false
3,6,0,NONE,"yJ0i8ZBn","Walk in the park",28,1,,false
3,6,0,NONE,"Cfsq8tIp","Quite likely",23,1,,true
3,6,0,NONE,"WheRzODi","Rather detrimental",21,1,,false
3,6,0,NONE,"ZLU2glhT","Hmmm....",10,2,,false
3,6,0,NONE,"SDEfMRBG","Quite likely",38,4,,false
3,6,0,NONE,"muDoFKnP","Quite likely",23,5,,false
3,6,0,NONE,"FmLkVNiX","Hmmm....",40,6,,false
3,6,0,NONE,"hJndujIs","Sure thing",24,7,,false
3,7,0,NONE,"ZLU2glhT","Hmmm....",10,1,,false
3,7,0,NONE,"SDEfMRBG","Quite likely",38,3,,false
3,7,0,NONE,"muDoFKnP","Quite likely",23,4,,false
3,7,0,NONE,"FmLkVNiX","Hmmm....",40,5,,false
3,7,0,NONE,"hJndujIs","Sure thing",24,6,,false
3,7,0,NONE,"sOL8e5Pa","Piece of cake",22,7,,false
3,7,0,NONE,"M3MWqqcK","Walk in the park",16,7,,false
3,7,0,NONE,"M2hZOF1y","Walk in the park",30,7,,false
3,7,0,NONE,"IyAcXBgz","Walk in the park",11,7,,false
3,7,0,NONE,"81OkX9zy","Hmmm....",33,7,,true
3,8,0,NONE,"SDEfMRBG","Quite likely",38,2,,false
3,8,0,NONE,"muDoFKnP","Quite likely",23,3,,false
3,8,0,NONE,"FmLkVNiX","Hmmm....",40,4,,false
3,8,0,NONE,"hJndujIs","Sure thing",24,5,,true
3,8,0,NONE,"sOL8e5Pa","Piece of cake",22,6,,false
3,8,0,NONE,"M3MWqqcK","Walk in the park",16,6,,false
3,8,0,NONE,"M2hZOF1y","Walk in the park",30,6,,false
3,8,0,NONE,"IyAcXBgz","Walk in the park",11,6,,false
3,8,0,NONE,"R9pS8CZi","Piece of cake",7,7,,false
3,8,0,NONE,"IMRi2N1U","Walk in the park",68,7,,false
3,9,0,NONE,"SDEfMRBG","Quite likely",38,1,,false
3,9,0,NONE,"muDoFKnP","Quite likely",23,2,,false
3,9,0,NONE,"FmLkVNiX","Hmmm....",40,3,,false
3,9,0,NONE,"sOL8e5Pa","Piece of cake",22,5,,false
3,9,0,NONE,"M3MWqqcK","Walk in the park",16,5,,false
3,9,0,NONE,"M2hZOF1y","Walk in the park",30,5,,false
3,9,0,NONE,"IyAcXBgz","Walk in the park",11,5,,false
3,9,0,NONE,"R9pS8CZi","Piece of cake",7,6,,true
3,9,0,NONE,"IMRi2N1U","Walk in the park",68,6,,false
3,9,0,NONE,"Sy5sID3f","Piece of cake",14,7,,false
3,10,0,NONE,"muDoFKnP","Quite likely",23,1,,false
3,10,0,NONE,"FmLkVNiX","Hmmm....",40,2,,false
3,10,0,NONE,"sOL8e5Pa","Piece of cake",22,4,,false
3,10,0,NONE,"M3MWqqcK","Walk in the park",16,4,,false
3,10,0,NONE,"M2hZOF1y","Walk in the park",30,4,,false
3,10,0,NONE,"IyAcXBgz","Walk in the park",11,4,,false
3,10,0,NONE,"IMRi2N1U","Walk in the park",68,5,,false
3,10,0,NONE,"Sy5sID3f","Piece of cake",14,6,,false
3,10,0,NONE,"2HvuA9be","Piece of cake",45,7,,true
3,10,0,NONE,"FeJw1uVc","Walk in the park",30,7,,false
3,11,0,NONE,"FmLkVNiX","Hmmm....",40,1,,false
3,11,0,NONE,"sOL8e5Pa","Piece of cake",22,3,,false
3,11,0,NONE,"M3MWqqcK","Walk in the park",16,3,,false
3,11,0,NONE,"M2hZOF1y","Walk in the park",30,3,,false
3,11,0,NONE,"IyAcXBgz","Walk in the park",11,3,,false
3,11,0,NONE,"IMRi2N1U","Walk in the park",68,4,,false
3,11,0,NONE,"Sy5sID3f","Piece of cake",14,5,,true
3,11,0,NONE,"FeJw1uVc","Walk in the park",30,6,,false
3,11,0,NONE,"TZJDBDQD","Piece of cake",65,7,,false
3,11,0,NONE,"DF59ZoaM","Walk in the park",29,7,,false
3,12,0,NONE,"sOL8e5Pa","Piece of cake",22,2,,false
3,12,0,NONE,"M3MWqqcK","Walk in the park",16,2,,false
3,12,0,NONE,"M2hZOF1y","Walk in the park",30,2,,false
3,12,0,NONE,"IyAcXBgz","Walk in the park",11,2,,false
3,12,0,NONE,"IMRi2N1U","Walk in the park",68,3,,false
3,12,0,NONE,"FeJw1uVc","Walk in the park",30,5,,false
3,12,0,NONE,"TZJDBDQD","Piece of cake",65,6,,true
3,12,0,NONE,"DF59ZoaM","Walk in the park",29,6,,false
3,12,0,NONE,"PXSePUVT","Quite likely",30,7,,false
3,12,0,NONE,"Wcjy6uKw","Walk in the park",65,7,,false
3,13,0,NONE,"sOL8e5Pa","Piece of cake",22,1,,false
3,13,0,NONE,"M3MWqqcK","Walk in the park",16,1,,false
3,13,0,NONE,"M2hZOF1y","Walk in the park",30,1,,false
3,13,0,NONE,"IyAcXBgz","Walk in the park",11,1,,false
3,13,0,NONE,"IMRi2N1U","Walk in the park",68,2,,false
3,13,0,NONE,"FeJw1uVc","Walk in the park",30,4,,false
3,13,0,NONE,"DF59ZoaM","Walk in the park",29,5,,false
3,13,0,NONE,"PXSePUVT","Quite likely",30,6,,false
3,13,0,NONE,"Wcjy6uKw","Walk in the park",65,6,,true
3,13,0,NONE,"UM2zHrLO","Gamble",34,7,,false
3,14,0,NONE,"IMRi2N1U","Walk in the park",68,1,,true
3,14,0,NONE,"FeJw1uVc","Walk in the park",30,3,,false
3,14,0,NONE,"DF59ZoaM","Walk in the park",29,4,,false
3,14,0,NONE,"PXSePUVT","Quite likely",30,5,,false
3,14,0,NONE,"UM2zHrLO","Gamble",34,6,,false
3,14,0,NONE,"JumqkAAT","Piece of cake",64,7,,false
3,14,0,NONE,"iehy9aWy","Sure thing",165,7,,false
3,14,0,NONE,"sSMC0UAj","Piece of cake",50,7,,false
3,14,0,NONE,"2nOlfhtY","Quite likely",23,7,,false
3,14,0,NONE,"JjFzzLVd","Sure thing",62,7,,false
3,15,0,NONE,"FeJw1uVc","Walk in the park",30,2,,false
3,15,0,NONE,"DF59ZoaM","Walk in the park",29,3,,false
3,15,0,NONE,"PXSePUVT","Quite likely",30,4,,false
3,15,0,NONE,"UM2zHrLO","Gamble",34,5,,false
3,15,0,NONE,"JumqkAAT","Piece of cake",64,6,,false
3,15,0,NONE,"iehy9aWy","Sure thing",165,6,,false
3,15,0,NONE,"sSMC0UAj","Piece of cake",50,6,,false
3,15,0,NONE,"2nOlfhtY","Quite likely",23,6,,false
3,15,0,NONE,"JjFzzLVd","Sure thing",62,6,,true
3,15,0,NONE,"rS8A2U9x","Suicide mission",31,7,,false
3,16,0,NONE,"FeJw1uVc","Walk in the park",30,1,,false
3,16,0,NONE,"DF59ZoaM","Walk in the park",29,2,,false
3,16,0,NONE,"PXSePUVT","Quite likely",30,3,,false
3,16,0,NONE,"UM2zHrLO","Gamble",34,4,,false
3,16,0,NONE,"JumqkAAT","Piece of cake",64,5,,false
3,16,0,NONE,"iehy9aWy","Sure thing",165,5,,false
3,16,0,NONE,"sSMC0UAj","Piece of cake",50,5,,false
3,16,0,NONE,"2nOlfhtY","Quite likely",23,5,,false
3,16,0,NONE,"rS8A2U9x","Suicide mission",31,6,,false
3,16,0,NONE,"bueqV4cH","Walk in the park",123,3,1,true
3,17,0,NONE,"DF59ZoaM","Walk in the park",29,1,,false
3,17,0,NONE,"PXSePUVT","Quite likely",30,2,,false
3,17,0,NONE,"UM2zHrLO","Gamble",34,3,,false
3,17,0,NONE,"JumqkAAT","Piece of cake",64,4,,false
3,17,0,NONE,"iehy9aWy","Sure thing",165,4,,true
3,17,0,NONE,"sSMC0UAj","Piece of cake",50,4,,false
3,17,0,NONE,"2nOlfhtY","Quite likely",23,4,,false
3,17,0,NONE,"rS8A2U9x","Suicide mission",31,5,,false
3,17,0,NONE,"rK5CihPU","Quite likely",41,7,,false
3,17,0,NONE,"iIN7xK2C","Quite likely",28,7,,false
3,18,0,NONE,"PXSePUVT","Quite likely",30,1,,false
3,18,0,NONE,"UM2zHrLO","Gamble",34,2,,false
3,18,0,NONE,"JumqkAAT","Piece of cake",64,3,,false
3,18,0,NONE,"sSMC0UAj","Piece of cake",50,3,,false
3,18,0,NONE,"2nOlfhtY","Quite likely",23,3,,false
3,18,0,NONE,"rS8A2U9x","Suicide mission",31,4,,false
3,18,0,NONE,"rK5CihPU","Quite likely",41,6,,false
3,18,0,NONE,"iIN7xK2C","Quite likely",28,6,,true
3,18,0,NONE,"X8u52ztN","Hmmm....",49,7,,false
3,18,0,NONE,"3o8qqmtM","Piece of cake",182,7,,false
3,19,0,NONE,"UM2zHrLO","Gamble",34,1,,false
3,19,0,NONE,"JumqkAAT","Piece of cake",64,2,,false
3,19,0,NONE,"sSMC0UAj","Piece of cake",50,2,,false
3,19,0,NONE,"2nOlfhtY","Quite likely",23,2,,false
3,19,0,NONE,"rS8A2U9x","Suicide mission",31,3,,false
3,19,0,NONE,"rK5CihPU","Quite likely",41,5,,false
3,19,0,NONE,"X8u52ztN","Hmmm....",49,6,,false
3,19,0,NONE,"3o8qqmtM","Piece of cake",182,6,,false
3,19,0,NONE,"9RmaXRfb","Sure thing",173,7,,true
3,19,0,NONE,"5PM7CBTf","Piece of cake",38,7,,false
3,21,0,NONE,"rS8A2U9x","Suicide mission",31,1,,false
3,21,0,NONE,"rK5CihPU","Quite likely",41,3,,false
3,21,0,NONE,"X8u52ztN","Hmmm....",49,4,,false
3,21,0,NONE,"3o8qqmtM","Piece of cake",182,4,,false
3,21,0,NONE,"5PM7CBTf","Piece of cake",38,5,,false
3,21,0,NONE,"bpvFvvGw","Hmmm....",57,6,,false
3,21,0,NONE,"3pQXeZK5","Quite likely",65,6,,false
3,21,0,NONE,"nVHOSTQB","Piece of cake",164,7,,false
3,21,0,NONE,"9VoaIpiu","Sure thing",146,7,,true
3,21,0,NONE,"JIircMk0","Risky",107,7,,false
3,23,0,NONE,"rK5CihPU","Quite likely",41,1,,false
3,23,0,NONE,"X8u52ztN","Hmmm....",49,2,,false
3,23,0,NONE,"3o8qqmtM","Piece of cake",182,2,,false
3,23,0,NONE,"5PM7CBTf","Piece of cake",38,3,,false
3,23,0,NONE,"bpvFvvGw","Hmmm....",57,4,,false
3,23,0,NONE,"3pQXeZK5","Quite likely",65,4,,true
3,23,0,NONE,"nVHOSTQB","Piece of cake",164,5,,false
3,23,0,NONE,"JIircMk0","Risky",107,5,,false
3,23,0,NONE,"8hAHeKkX","Piece of cake",104,6,,false
3,23,0,NONE,"D6VT6Oal","Sure thing",86,6,,false
3,24,0,NONE,"X8u52ztN","Hmmm....",49,1,,true
3,24,0,NONE,"3o8qqmtM","Piece of cake",182,1,,false
3,24,0,NONE,"5PM7CBTf","Piece of cake",38,2,,false
3,24,0,NONE,"bpvFvvGw","Hmmm....",57,3,,false
3,24,0,NONE,"nVHOSTQB","Piece of cake",164,4,,false
3,24,0,NONE,"JIircMk0","Risky",107,4,,false
3,24,0,NONE,"8hAHeKkX","Piece of cake",104,5,,false
3,24,0,NONE,"D6VT6Oal","Sure thing",86,5,,false
3,24,0,NONE,"Sqo4equY","Suicide mission",118,3,1,false
3,24,0,NONE,"htt2YEEm","Gamble",141,2,1,false
3,26,0,NONE,"bpvFvvGw","Hmmm....",57,1,,false
3,26,0,NONE,"nVHOSTQB","Piece of cake",164,2,,false
3,26,0,NONE,"JIircMk0","Risky",107,2,,false
3,26,0,NONE,"8hAHeKkX","Piece of cake",104,3,,false
3,26,0,NONE,"D6VT6Oal","Sure thing",86,3,,false
3,26,0,NONE,"Sqo4equY","Suicide mission",118,1,1,true
3,26,0,NONE,"IMw4Keun","Sure thing",188,6,,false
3,26,0,NONE,"07If715b","Suicide mission",131,2,1,false
3,26,0,NONE,"4WeWC8nt","Suicide mission",138,3,1,false
3,26,0,NONE,"3ESNznUA","Piece of cake",128,7,,false
3,28,0,NONE,"8hAHeKkX","Piece of cake",104,1,,false
3,28,0,NONE,"D6VT6Oal","Sure thing",86,1,,false
3,28,0,NONE,"IMw4Keun","Sure thing",188,4,,false
3,28,0,NONE,"4WeWC8nt","Suicide mission",138,1,1,false
3,28,0,NONE,"3ESNznUA","Piece of cake",128,5,,false
3,28,0,NONE,"Va4vXtiz","Impossible",123,2,1,false
3,28,0,NONE,"X4uqifcg","Suicide mission",101,6,,false
3,28,0,NONE,"G5UW9Wb6","Sure thing",152,7,,true
3,28,0,NONE,"e7C1o2Iw","Gamble",138,3,1,false
3,28,0,NONE,"ptDzMFJ1","Suicide mission",137,2,1,false
3,30,0,NONE,"IMw4Keun","Sure thing",188,2,,false
3,30,0,NONE,"3ESNznUA","Piece of cake",128,3,,false
3,30,0,NONE,"X4uqifcg","Suicide mission",101,4,,true
3,30,0,NONE,"e7C1o2Iw","Gamble",138,1,1,false
3,30,0,NONE,"xhzjqYXg","Hmmm....",80,6,,false
3,30,0,NONE,"j1VDR1We","Suicide mission",141,1,1,false
3,30,0,NONE,"0AV1lXOZ","Piece of cake",106,6,,false
3,30,0,NONE,"ZSncDofl","Rather detrimental",146,1,1,false
3,30,0,NONE,"4UdqZkki","Playing with fire",160,3,1,false
3,30,0,NONE,"f5QW6DmQ","Walk in the park",102,7,,false
3,32,0,NONE,"3ESNznUA","Piece of cake",128,1,,true
3,32,0,NONE,"xhzjqYXg","Hmmm....",80,4,,false
3,32,0,NONE,"0AV1lXOZ","Piece of cake",106,4,,false
3,32,0,NONE,"4UdqZkki","Playing with fire",160,1,1,false
3,32,0,NONE,"f5QW6DmQ","Walk in the park",102,5,,false
3,32,0,NONE,"8b0cSxHC","Impossible",126,2,1,false
3,32,0,NONE,"ODCKOgZD","Suicide mission",140,2,1,false
3,32,0,NONE,"Ee5dvk2N","Suicide mission",149,1,1,false
3,32,0,NONE,"W4eMC9OW","Suicide mission",127,2,1,false
3,32,0,NONE,"7J7tdm6Y","Suicide mission",131,2,1,false
3,33,0,NONE,"xhzjqYXg","Hmmm....",80,3,,false
3,33,0,NONE,"0AV1lXOZ","Piece of cake",106,3,,true
3,33,0,NONE,"f5QW6DmQ","Walk in the park",102,4,,false
3,33,0,NONE,"8b0cSxHC","Impossible",126,1,1,false
3,33,0,NONE,"ODCKOgZD","Suicide mission",140,1,1,false
3,33,0,NONE,"W4eMC9OW","Suicide mission",127,1,1,false
3,33,0,NONE,"7J7tdm6Y","Suicide mission",131,1,1,false
3,33,0,NONE,"HXchZ9SM","Rather detrimental",159,2,1,false
3,33,0,NONE,"xasNB06P","Playing with fire",131,3,1,false
3,33,0,NONE,"hZpJHVDl","Playing with fire",147,3,1,false
3,34,0,NONE,"xhzjqYXg","Hmmm....",80,2,,false
3,34,0,NONE,"f5QW6DmQ","Walk in the park",102,3,,true
3,34,0,NONE,"HXchZ9SM","Rather detrimental",159,1,1,false
3,34,0,NONE,"xasNB06P","Playing with fire",131,2,1,false
3,34,0,NONE,"hZpJHVDl","Playing with fire",147,2,1,false
3,34,0,NONE,"Xnuehl7F","Gamble",156,2,1,false
3,34,0,NONE,"XszHgFiz","Hmmm....",105,7,,false
3,34,0,NONE,"Ss7z3r5I","Suicide mission",108,2,1,false
3,34,0,NONE,"dwyAgZ2t","Suicide mission",154,2,1,false
3,34,0,NONE,"2R01QOnw","Suicide mission",145,2,1,false
3,35,0,NONE,"xhzjqYXg","Hmmm....",80,1,,true
3,35,0,NONE,"xasNB06P","Playing with fire",131,1,1,false
3,35,0,NONE,"hZpJHVDl","Playing with fire",147,1,1,false
3,35,0,NONE,"Xnuehl7F","Gamble",156,1,1,false
3,35,0,NONE,"XszHgFiz","Hmmm....",105,6,,false
3,35,0,NONE,"Ss7z3r5I","Suicide mission",108,1,1,false
3,35,0,NONE,"dwyAgZ2t","Suicide mission",154,1,1,false
3,35,0,NONE,"2R01QOnw","Suicide mission",145,1,1,false
3,35,0,NONE,"a0MmrlPw","Rather detrimental",99,7,,false
3,35,0,NONE,"qSh0hkDf","Quite likely",72,7,,false
3,37,0,NONE,"XszHgFiz","Hmmm....",105,4,,false
3,37,0,NONE,"a0MmrlPw","Rather detrimental",99,5,,false
3,37,0,NONE,"qSh0hkDf","Quite likely",72,5,,false
3,37,0,NONE,"dy4Zd0vF","Walk in the park",154,6,,false
3,37,0,NONE,"Bc334RcP","Piece of cake",176,6,,false
3,37,0,NONE,"nwB9v75Y","Sure thing",143,6,,false
3,37,0,NONE,"uokJlb8S","Sure thing",168,6,,false
3,37,0,NONE,"MuDfShnw","Rather detrimental",88,6,,false
3,37,0,NONE,"h702WwlH","Sure thing",162,6,,true
3,37,0,NONE,"wXG3pbB4","Playing with fire",86,6,,false
3,39,0,NONE,"XszHgFiz","Hmmm....",105,2,,false
3,39,0,NONE,"a0MmrlPw","Rather detrimental",99,3,,false
3,39,0,NONE,"qSh0hkDf","Quite likely",72,3,,false
3,39,0,NONE,"dy4Zd0vF","Walk in the park",154,4,,false
3,39,0,NONE,"Bc334RcP","Piece of cake",176,4,,false
3,39,0,NONE,"nwB9v75Y","Sure thing",143,4,,true
3,39,0,NONE,"uokJlb8S","Sure thing",168,4,,false
3,39,0,NONE,"MuDfShnw","Rather detrimental",88,4,,false
3,39,0,NONE,"wXG3pbB4","Playing with fire",86,4,,false
3,39,0,NONE,"7TEAyXXR","Rather detrimental",64,6,,false
3,41,0,NONE,"a0MmrlPw","Rather detrimental",99,1,,false
3,41,0,NONE,"qSh0hkDf","Quite likely",72,1,,false
3,41,0,NONE,"dy4Zd0vF","Walk in the park",154,2,,false
3,41,0,NONE,"Bc334RcP","Piece of cake",176,2,,false
3,41,0,NONE,"uokJlb8S","Sure thing",168,2,,false
3,41,0,NONE,"MuDfShnw","Rather detrimental",88,2,,false
3,41,0,NONE,"wXG3pbB4","Playing with fire",86,2,,false
3,41,0,NONE,"7TEAyXXR","Rather detrimental",64,4,,true
3,41,0,NONE,"9kcW2iPb","Suicide mission",81,6,,false
3,41,0,NONE,"iAlH0OZ3","Sure thing",138,7,,false
3,42,0,NONE,"dy4Zd0vF","Walk in the park",154,1,,false
3,42,0,NONE,"Bc334RcP","Piece of cake",176,1,,false
3,42,0,NONE,"uokJlb8S","Sure thing",168,1,,true
3,42,0,NONE,"MuDfShnw","Rather detrimental",88,1,,false
3,42,0,NONE,"wXG3pbB4","Playing with fire",86,1,,false
3,42,0,NONE,"9kcW2iPb","Suicide mission",81,5,,false
3,42,0,NONE,"iAlH0OZ3","Sure thing",138,6,,false
3,42,0,NONE,"f4RBxwt4","Piece of cake",163,7,,false
3,42,0,NONE,"C4LDsSkS","Suicide mission",59,7,,false
3,42,0,NONE,"qBVEJ0DX","Hmmm....",78,7,,false
3,44,0,NONE,"9kcW2iPb","Suicide mission",81,3,,false
3,44,0,NONE,"iAlH0OZ3","Sure thing",138,4,,false
3,44,0,NONE,"f4RBxwt4","Piece of cake",163,5,,false
3,44,0,NONE,"C4LDsSkS","Suicide mission",59,5,,false
3,44,0,NONE,"qBVEJ0DX","Hmmm....",78,5,,false
3,44,0,NONE,"xr5BJxBC","Sure thing",141,6,,false
3,44,0,NONE,"7slxpqUp","Sure thing",181,6,,true
3,44,0,NONE,"TLyGeNpp","Hmmm....",88,6,,false
3,44,0,NONE,"MWZeMvov","Gamble",93,6,,false
3,44,0,NONE,"pM4BvAml","Rather detrimental",73,6,,false
3,46,0,NONE,"9kcW2iPb","Suicide mission",81,1,,false
3,46,0,NONE,"iAlH0OZ3","Sure thing",138,2,,false
3,46,0,NONE,"f4RBxwt4","Piece of cake",163,3,,false
3,46,0,NONE,"C4LDsSkS","Suicide mission",59,3,,true
3,46,0,NONE,"qBVEJ0DX","Hmmm....",78,3,,false
3,46,0,NONE,"xr5BJxBC","Sure thing",141,4,,false
3,46,0,NONE,"TLyGeNpp","Hmmm....",88,4,,false
3,46,0,NONE,"MWZeMvov","Gamble",93,4,,false
3,46,0,NONE,"pM4BvAml","Rather detrimental",73,4,,false
3,46,0,NONE,"pAppacUm","Playing with fire",90,6,,false
3,48,0,NONE,"f4RBxwt4","Piece of cake",163,1,,false
3,48,0,NONE,"qBVEJ0DX","Hmmm....",78,1,,false
3,48,0,NONE,"xr5BJxBC","Sure thing",141,2,,false
3,48,0,NONE,"TLyGeNpp","Hmmm....",88,2,,false
3,48,0,NONE,"MWZeMvov","Gamble",93,2,,false
3,48,0,NONE,"pM4BvAml","Rather detrimental",73,2,,false
3,48,0,NONE,"pAppacUm","Playing with fire",90,4,,false
3,48,0,NONE,"pnX41FVw","Sure thing",184,6,,true
3,48,0,NONE,"aFOlsgap","Suicide mission",77,6,,false
3,48,0,NONE,"wYiB8Vx3","Sure thing",166,7,,false
4,0,0,NONE,"aUBljmHc","Gamble",8,7,,false
4,0,0,NONE,"SGcm0SC2","Rather detrimental",67,7,,false
4,0,0,NONE,"b6BEjdlo","Rather detrimental",35,7,,false
4,0,0,NONE,"KJgxbRSl","Piece of cake",28,7,,false
4,0,0,NONE,"fnoRNDW0","Piece of cake",12,7,,false
4,0,0,NONE,"kBaYpGN6","Sure thing",6,7,,false
4,0,0,NONE,"9GmZoSTZ","Piece of cake",39,7,,false
4,0,0,NONE,"0Yx8CbtF","Hmmm....",38,7,,false
4,0,0,NONE,"4lyFxGJi","Sure thing",4,7,,true
4,0,0,NONE,"e2vuZTWp","Hmmm....",11,7,,false
4,1,0,NONE,"aUBljmHc","Gamble",8,6,,false
4,1,0,NONE,"SGcm0SC2","Rather detrimental",67,6,,false
4,1,0,NONE,"b6BEjdlo","Rather detrimental",35,6,,false
4,1,0,NONE,"KJgxbRSl","Piece of cake",28,6,,false
4,1,0,NONE,"fnoRNDW0","Piece of cake",12,6,,false
4,1,0,NONE,"kBaYpGN6","Sure thing",6,6,,true
4,1,0,NONE,"9GmZoSTZ","Piece of cake",39,6,,false
4,1,0,NONE,"0Yx8CbtF","Hmmm....",38,6,,false
4,1,0,NONE,"e2vuZTWp","Hmmm....",11,6,,false
4,1,0,NONE,"DtUlsMBw","Piece of cake",32,7,,false
4,2,0,NONE,"aUBljmHc","Gamble",8,5,,false
4,2,0,NONE,"SGcm0SC2","Rather detrimental",67,5,,false
4,2,0,NONE,"b6BEjdlo","Rather detrimental",35,5,,false
4,2,0,NONE,"KJgxbRSl","Piece of cake",28,5,,false
4,2,0,NONE,"fnoRNDW0","Piece of cake",12,5,,false
4,2,0,NONE,"9GmZoSTZ","Piece of cake",39,5,,true
4,2,0,NONE,"0Yx8CbtF","Hmmm....",38,5,,false
4,2,0,NONE,"e2vuZTWp","Hmmm....",11,5,,false
4,2,0,NONE,"DtUlsMBw","Piece of cake",32,6,,false
4,2,0,NONE,"ykG0W9Mq","Quite likely",30,7,,false
4,3,0,NONE,"aUBljmHc","Gamble",8,4,,false
4,3,0,NONE,"SGcm0SC2","Rather detrimental",67,4,,false
4,3,0,NONE,"b6BEjdlo","Rather detrimental",35,4,,false
4,3,0,NONE,"KJgxbRSl","Piece of cake",28,4,,false
4,3,0,NONE,"fnoRNDW0","Piece of cake",12,4,,false
4,3,0,NONE,"0Yx8CbtF","Hmmm....",38,4,,false
4,3,0,NONE,"e2vuZTWp","Hmmm....",11,4,,false
4,3,0,NONE,"DtUlsMBw","Piece of cake",32,5,,true
4,3,0,NONE,"ykG0W9Mq","Quite likely",30,6,,false
4,3,0,NONE,"W4u88ksB","Quite likely",67,7,,false
4,4,0,NONE,"aUBljmHc","Gamble",8,3,,false
4,4,0,NONE,"SGcm0SC2","Rather detrimental",67,3,,false
4,4,0,NONE,"b6BEjdlo","Rather detrimental",35,3,,false
4,4,0,NONE,"KJgxbRSl","Piece of cake",28,3,,true
4,4,0,NONE,"fnoRNDW0","Piece of cake",12,3,,false
4,4,0,NONE,"0Yx8CbtF","Hmmm....",38,3,,false
4,4,0,NONE,"e2vuZTWp","Hmmm....",11,3,,false
4,4,0,NONE,"ykG0W9Mq","Quite likely",30,5,,false
4,4,0,NONE,"W4u88ksB","Quite likely",67,6,,false
4,4,0,NONE,"ZEutgojK","Quite likely",4,7,,false
4,5,0,NONE,"aUBljmHc","Gamble",8,2,,false
4,5,0,NONE,"SGcm0SC2","Rather detrimental",67,2,,false
4,5,0,NONE,"b6BEjdlo","Rather detrimental",35,2,,false
4,5,0,NONE,"fnoRNDW0","Piece of cake",12,2,,true
4,5,0,NONE,"0Yx8CbtF","Hmmm....",38,2,,false
4,5,0,NONE,"e2vuZTWp","Hmmm....",11,2,,false
4,5,0,NONE,"ykG0W9Mq","Quite likely",30,4,,false
4,5,0,NONE,"W4u88ksB","Quite likely",67,5,,false
4,5,0,NONE,"ZEutgojK","Quite likely",4,6,,false
4,5,0,NONE,"U7I2vrCa","Quite likely",41,7,,false
4,6,0,NONE,"aUBljmHc","Gamble",8,1,,false
4,6,0,NONE,"SGcm0SC2","Rather detrimental",67,1,,false
4,6,0,NONE,"b6BEjdlo","Rather detrimental",35,1,,false
4,6,0,NONE,"0Yx8CbtF","Hmmm....",38,1,,false
4,6,0,NONE,"e2vuZTWp","Hmmm....",11,1,,false
4,6,0,NONE,"ykG0W9Mq","Quite likely",30,3,,false
4,6,0,NONE,"W4u88ksB","Quite likely",67,4,,false
4,6,0,NONE,"ZEutgojK","Quite likely",4,5,,false
4,6,0,NONE,"U7I2vrCa","Quite likely",41,6,,true
4,6,0,NONE,"Xp1o16j8","Playing with fire",30,7,,false
4,7,0,NONE,"ykG0W9Mq","Quite likely",30,2,,false
4,7,0,NONE,"W4u88ksB","Quite likely",67,3,,false
4,7,0,NONE,"ZEutgojK","Quite likely",4,4,,false
4,7,0,NONE,"Xp1o16j8","Playing with fire",30,6,,false
4,7,0,NONE,"lN1F7FnZ","Hmmm....",22,7,,false
4,7,0,NONE,"c3i8GhAE","Piece of cake",28,7,,false
4,7,0,NONE,"mRqY9Rxi","Risky",21,7,,false
4,7,0,NONE,"ZgA9JLZl","Piece of cake",15,7,,false
4,7,0,NONE,"cYjVnHe8","Hmmm....",22,7,,false
4,7,0,NONE,"4vAuUHq8","Piece of cake",13,7,,true
4,8,0,NONE,"ykG0W9Mq","Quite likely",30,1,,false
4,8,0,NONE,"W4u88ksB","Quite likely",67,2,,false
4,8,0,NONE,"ZEutgojK","Quite likely",4,3,,true
4,8,0,NONE,"Xp1o16j8","Playing with fire",30,5,,false
4,8,0,NONE,"lN1F7FnZ","Hmmm....",22,6,,false
4,8,0,NONE,"c3i8GhAE","Piece of cake",28,6,,false
4,8,0,NONE,"mRqY9Rxi","Risky",21,6,,false
4,8,0,NONE,"ZgA9JLZl","Piece of cake",15,6,,false
4,8,0,NONE,"cYjVnHe8","Hmmm....",22,6,,false
4,8,0,NONE,"Yj3BN97E","Hmmm....",30,7,,false
4,9,0,NONE,"W4u88ksB","Quite likely",67,1,,false
4,9,0,NONE,"Xp1o16j8","Playing with fire",30,4,,false
4,9,0,NONE,"lN1F7FnZ","Hmmm....",22,5,,false
4,9,0,NONE,"c3i8GhAE","Piece of cake",28,5,,false
4,9,0,NONE,"mRqY9Rxi","Risky",21,5,,false
4,9,0,NONE,"ZgA9JLZl","Piece of cake",15,5,,true
4,9,0,NONE,"cYjVnHe8","Hmmm....",22,5,,false
4,9,0,NONE,"Yj3BN97E","Hmmm....",30,6,,false
4,9,0,NONE,"ujjbs76G","Walk in the park",27,7,,false
4,9,0,NONE,"JKqP0UMI","Walk in the park",90,7,,false
4,10,0,NONE,"Xp1o16j8","Playing with fire",30,3,,false
4,10,0,NONE,"lN1F7FnZ","Hmmm....",22,4,,false
4,10,0,NONE,"c3i8GhAE","Piece of cake",28,4,,false
4,10,0,NONE,"mRqY9Rxi","Risky",21,4,,false
4,10,0,NONE,"cYjVnHe8","Hmmm....",22,4,,false
4,10,0,NONE,"Yj3BN97E","Hmmm....",30,5,,false
4,10,0,NONE,"ujjbs76G","Walk in the park",27,6,,false
4,10,0,NONE,"JKqP0UMI","Walk in the park",90,6,,false
4,10,0,NONE,"WeJljQih","Piece of cake",55,7,,false
4,10,0,NONE,"o2IRocrF","Sure thing",55,7,,true
4,11,0,NONE,"Xp1o16j8","Playing with fire",30,2,,false
4,11,0,NONE,"lN1F7FnZ","Hmmm....",22,3,,false
4,11,0,NONE,"c3i8GhAE","Piece of cake",28,3,,false
4,11,0,NONE,"mRqY9Rxi","Risky",21,3,,false
4,11,0,NONE,"cYjVnHe8","Hmmm....",22,3,,false
4,11,0,NONE,"Yj3BN97E","Hmmm....",30,4,,false
4,11,0,NONE,"ujjbs76G","Walk in the park",27,5,,false
4,11,0,NONE,"JKqP0UMI","Walk in the park",90,5,,false
4,11,0,NONE,"WeJljQih","Piece of cake",55,6,,true
4,11,0,NONE,"jFuRSueF","Rather detrimental",34,7,,false
4,12,0,NONE,"Xp1o16j8","Playing with fire",30,1,,false
4,12,0,NONE,"lN1F7FnZ","Hmmm....",22,2,,false
4,12,0,NONE,"c3i8GhAE","Piece of cake",28,2,,true
4,12,0,NONE,"mRqY9Rxi","Risky",21,2,,false
4,12,0,NONE,"cYjVnHe8","Hmmm....",22,2,,false
4,12,0,NONE,"Yj3BN97E","Hmmm....",30,3,,false
4,12,0,NONE,"ujjbs76G","Walk in the park",27,4,,false
4,12,0,NONE,"JKqP0UMI","Walk in the park",90,4,,false
4,12,0,NONE,"jFuRSueF","Rather detrimental",34,6,,false
4,12,0,NONE,"UQQq14Rq","Walk in the park",36,7,,false
4,13,0,NONE,"lN1F7FnZ","Hmmm....",22,1,,false
4,13,0,NONE,"mRqY9Rxi","Risky",21,1,,false
4,13,0,NONE,"cYjVnHe8","Hmmm....",22,1,,false
4,13,0,NONE,"Yj3BN97E","Hmmm....",30,2,,false
4,13,0,NONE,"ujjbs76G","Walk in the park",27,3,,false
4,13,0,NONE,"JKqP0UMI","Walk in the park",90,3,,false
4,13,0,NONE,"jFuRSueF","Rather detrimental",34,5,,false
4,13,0,NONE,"UQQq14Rq","Walk in the park",36,6,,false
4,13,0,NONE,"62HyC5kb","Piece of cake",54,7,,false
4,13,0,NONE,"wErB5nZi","Risky",32,7,,true
4,15,0,NONE,"ujjbs76G","Walk in the park",27,1,,false
4,15,0,NONE,"JKqP0UMI","Walk in the park",90,1,,true
4,15,0,NONE,"jFuRSueF","Rather detrimental",34,3,,false
4,15,0,NONE,"UQQq14Rq","Walk in the park",36,4,,false
4,15,0,NONE,"62HyC5kb","Piece of cake",54,5,,false
4,15,0,NONE,"Yi0alyWJ","Piece of cake",28,6,,false
4,15,0,NONE,"J4B3YGan","Sure thing",58,6,,false
4,15,0,NONE,"wmdus4GM","Hmmm....",29,6,,false
4,15,0,NONE,"h0uOiuHW","Quite likely",59,6,,false
4,15,0,NONE,"e1FPlN67","Risky",57,7,,false
4,16,0,NONE,"jFuRSueF","Rather detrimental",34,2,,false
4,16,0,NONE,"UQQq14Rq","Walk in the park",36,3,,false
4,16,0,NONE,"62HyC5kb","Piece of cake",54,4,,false
4,16,0,NONE,"Yi0alyWJ","Piece of cake",28,5,,false
4,16,0,NONE,"J4B3YGan","Sure thing",58,5,,true
4,16,0,NONE,"wmdus4GM","Hmmm....",29,5,,false
4,16,0,NONE,"h0uOiuHW","Quite likely",59,5,,false
4,16,0,NONE,"e1FPlN67","Risky",57,6,,false
4,16,0,NONE,"9XlTk2Ja","Suicide mission",121,2,1,false
4,16,0,NONE,"1dv1Z5Cy","Piece of cake",76,7,,false
4,17,0,NONE,"jFuRSueF","Rather detrimental",34,1,,false
4,17,0,NONE,"UQQq14Rq","Walk in the park",36,2,,false
4,17,0,NONE,"62HyC5kb","Piece of cake",54,3,,false
4,17,0,NONE,"Yi0alyWJ","Piece of cake",28,4,,false
4,17,0,NONE,"wmdus4GM","Hmmm....",29,4,,false
4,17,0,NONE,"h0uOiuHW","Quite likely",59,4,,false
4,17,0,NONE,"e1FPlN67","Risky",57,5,,false
4,17,0,NONE,"9XlTk2Ja","Suicide mission",121,1,1,false
4,17,0,NONE,"1dv1Z5Cy","Piece of cake",76,6,,true
4,17,0,NONE,"s28bWMgs","Playing with fire",131,3,1,false
4,18,0,NONE,"UQQq14Rq","Walk in the park",36,1,,true
4,18,0,NONE,"62HyC5kb","Piece of cake",54,2,,false
4,18,0,NONE,"Yi0alyWJ","Piece of cake",28,3,,false
4,18,0,NONE,"wmdus4GM","Hmmm....",29,3,,false
4,18,0,NONE,"h0uOiuHW","Quite likely",59,3,,false
4,18,0,NONE,"e1FPlN67","Risky",57,4,,false
4,18,0,NONE,"s28bWMgs","Playing with fire",131,2,1,false
4,18,0,NONE,"mqBtf7uu","Suicide mission",135,2,1,false
4,18,0,NONE,"ia82uUpg","Rather detrimental",37,7,,false
4,18,0,NONE,"tSIG4d5G","Walk in the park",25,7,,false
4,19,0,NONE,"62HyC5kb","Piece of cake",54,1,,true
4,19,0,NONE,"Yi0alyWJ","Piece of cake",28,2,,false
4,19,0,NONE,"wmdus4GM","Hmmm....",29,2,,false
4,19,0,NONE,"h0uOiuHW","Quite likely",59,2,,false
4,19,0,NONE,"e1FPlN67","Risky",57,3,,false
4,19,0,NONE,"s28bWMgs","Playing with fire",131,1,1,false
4,19,0,NONE,"mqBtf7uu","Suicide mission",135,1,1,false
4,19,0,NONE,"ia82uUpg","Rather detrimental",37,6,,false
4,19,0,NONE,"tSIG4d5G","Walk in the park",25,6,,false
4,19,0,NONE,"WcKCTFr9","Risky",41,7,,false
4,20,0,NONE,"Yi0alyWJ","Piece of cake",28,1,,true
4,20,0,NONE,"wmdus4GM","Hmmm....",29,1,,false
4,20,0,NONE,"h0uOiuHW","Quite likely",59,1,,false
4,20,0,NONE,"e1FPlN67","Risky",57,2,,false
4,20,0,NONE,"ia82uUpg","Rather detrimental",37,5,,false
4,20,0,NONE,"tSIG4d5G","Walk in the park",25,5,,false
4,20,0,NONE,"WcKCTFr9","Risky",41,6,,false
4,20,0,NONE,"S8YbZdXN","Suicide mission",137,2,1,false
4,20,0,NONE,"P2q4CBK8","Piece of cake",59,7,,false
4,20,0,NONE,"9BNgzJAV","Suicide mission",114,2,1,false
4,21,0,NONE,"e1FPlN67","Risky",57,1,,true
4,21,0,NONE,"ia82uUpg","Rather detrimental",37,4,,false
4,21,0,NONE,"tSIG4d5G","Walk in the park",25,4,,false
4,21,0,NONE,"WcKCTFr9","Risky",41,5,,false
4,21,0,NONE,"S8YbZdXN","Suicide mission",137,1,1,false
4,21,0,NONE,"P2q4CBK8","Piece of cake",59,6,,false
4,21,0,NONE,"9BNgzJAV","Suicide mission",114,1,1,false
4,21,0,NONE,"ecLP8Sv9","Rather detrimental",77,7,,false
4,21,0,NONE,"Y9ctRmSC","Walk in the park",52,7,,false
4,21,0,NONE,"dgeitAu7","Playing with fire",162,3,1,false
4,22,0,NONE,"ia82uUpg","Rather detrimental",37,3,,false
4,22,0,NONE,"tSIG4d5G","Walk in the park",25,3,,false
4,22,0,NONE,"WcKCTFr9","Risky",41,4,,false
4,22,0,NONE,"P2q4CBK8","Piece of cake",59,5,,true
4,22,0,NONE,"ecLP8Sv9","Rather detrimental",77,6,,false
4,22,0,NONE,"Y9ctRmSC","Walk in the park",52,6,,false
4,22,0,NONE,"dgeitAu7","Playing with fire",162,2,1,false
4,22,0,NONE,"PaJH16oH","Playing with fire",157,2,1,false
4,22,0,NONE,"Z6icy2dP","Piece of cake",43,7,,false
4,22,0,NONE,"TVKzioF5","Playing with fire",132,2,1,false
4,23,0,NONE,"ia82uUpg","Rather detrimental",37,2,,false
4,23,0,NONE,"tSIG4d5G","Walk in the park",25,2,,false
4,23,0,NONE,"WcKCTFr9","Risky",41,3,,false
4,23,0,NONE,"ecLP8Sv9","Rather detrimental",77,5,,false
4,23,0,NONE,"Y9ctRmSC","Walk in the park",52,5,,false
4,23,0,NONE,"dgeitAu7","Playing with fire",162,1,1,false
4,23,0,NONE,"PaJH16oH","Playing with fire",157,1,1,false
4,23,0,NONE,"Z6icy2dP","Piece of cake",43,6,,true
4,23,0,NONE,"TVKzioF5","Playing with fire",132,1,1,false
4,23,0,NONE,"wcEBTt0w","Quite likely",69,7,,false
4,24,0,NONE,"ia82uUpg","Rather detrimental",37,1,,true
4,24,0,NONE,"tSIG4d5G","Walk in the park",25,1,,false
4,24,0,NONE,"WcKCTFr9","Risky",41,2,,false
4,24,0,NONE,"ecLP8Sv9","Rather detrimental",77,4,,false
4,24,0,NONE,"Y9ctRmSC","Walk in the park",52,4,,false
4,24,0,NONE,"wcEBTt0w","Quite likely",69,6,,false
4,24,0,NONE,"8KU8A0SX","Walk in the park",142,3,1,false
4,24,0,NONE,"D3oHfyDz","Walk in the park",72,7,,false
4,24,0,NONE,"OElZupai","Risky",137,3,1,false
4,24,0,NONE,"MYqSJwxE","Quite likely",58,7,,false
4,26,0,NONE,"ecLP8Sv9","Rather detrimental",77,2,,false
4,26,0,NONE,"Y9ctRmSC","Walk in the park",52,2,,false
4,26,0,NONE,"wcEBTt0w","Quite likely",69,4,,false
4,26,0,NONE,"8KU8A0SX","Walk in the park",142,1,1,true
4,26,0,NONE,"D3oHfyDz","Walk in the park",72,5,,false
4,26,0,NONE,"OElZupai","Risky",137,1,1,false
4,26,0,NONE,"MYqSJwxE","Quite likely",58,5,,false
4,26,0,NONE,"vuc47kyr","Walk in the park",125,2,1,false
4,26,0,NONE,"Bt15QZUU","Playing with fire",140,2,1,false
4,26,0,NONE,"1LEwlMCS","Playing with fire",144,2,1,false
4,27,0,NONE,"ecLP8Sv9","Rather detrimental",77,1,,false
4,27,0,NONE,"Y9ctRmSC","Walk in the park",52,1,,false
4,27,0,NONE,"wcEBTt0w","Quite likely",69,3,,false
4,27,0,NONE,"D3oHfyDz","Walk in the park",72,4,,true
4,27,0,NONE,"MYqSJwxE","Quite likely",58,4,,false
4,27,0,NONE,"vuc47kyr","Walk in the park",125,1,1,false
4,27,0,NONE,"Bt15QZUU","Playing with fire",140,1,1,false
4,27,0,NONE,"1LEwlMCS","Playing with fire",144,1,1,false
4,27,0,NONE,"wfgQFGaJ","Impossible",126,2,2,false
4,27,0,NONE,"4JsGUTn2","Rather detrimental",146,2,1,false
4,28,0,NONE,"wcEBTt0w","Quite likely",69,2,,false
4,28,0,NONE,"MYqSJwxE","Quite likely",58,3,,false
4,28,0,NONE,"wfgQFGaJ","Impossible",126,1,2,false
4,28,0,NONE,"4JsGUTn2","Rather detrimental",146,1,1,false
4,28,0,NONE,"UgCSaKYI","Sure thing",103,7,,true
4,28,0,NONE,"QcDnXYh7","Impossible",109,2,2,false
4,28,0,NONE,"pNV6npzg","Suicide mission",106,3,1,false
4,28,0,NONE,"bItCHeWt","Hmmm....",140,2,1,false
4,28,0,NONE,"mWShZSYB","Impossible",109,2,2,false
4,28,0,NONE,"Ylt2h0I6","Impossible",129,2,2,false
4,29,0,NONE,"wcEBTt0w","Quite likely",69,1,,false
4,29,0,NONE,"MYqSJwxE","Quite likely",58,2,,true
4,29,0,NONE,"QcDnXYh7","Impossible",109,1,2,false
4,29,0,NONE,"pNV6npzg","Suicide mission",106,2,1,false
4,29,0,NONE,"bItCHeWt","Hmmm....",140,1,1,false
4,29,0,NONE,"mWShZSYB","Impossible",109,1,2,false
4,29,0,NONE,"Ylt2h0I6","Impossible",129,1,2,false
4,29,0,NONE,"B5bnCYiy","Suicide mission",116,2,2,false
4,29,0,NONE,"aXVMUljW","Playing with fire",166,3,1,false
4,29,0,NONE,"65X2my2s","Suicide mission",97,3,1,false
4,30,0,NONE,"pNV6npzg","Suicide mission",106,1,1,false
4,30,0,NONE,"B5bnCYiy","Suicide mission",116,1,2,true
4,30,0,NONE,"aXVMUljW","Playing with fire",166,2,1,false
4,30,0,NONE,"65X2my2s","Suicide mission",97,2,1,false
4,30,0,NONE,"AdE0jiHT","Piece of cake",95,7,,false
4,30,0,NONE,"eo7qa8f3","Playing with fire",124,3,1,false
4,30,0,NONE,"Fdy97Mow","Quite likely",154,3,1,false
4,30,0,NONE,"FJPuc0zf","Playing with fire",142,2,1,false
4,30,0,NONE,"DCc8xHKF","Suicide mission",151,3,1,false
4,30,0,NONE,"HDap5HEm","Playing with fire",141,2,1,false
4,32,0,NONE,"AdE0jiHT","Piece of cake",95,5,,true
4,32,0,NONE,"eo7qa8f3","Playing with fire",124,1,1,false
4,32,0,NONE,"Fdy97Mow","Quite likely",154,1,1,false
4,32,0,NONE,"DCc8xHKF","Suicide mission",151,1,1,false
4,32,0,NONE,"HOufou3r","Gamble",100,6,,false
4,32,0,NONE,"Ex3lSX7k","Gamble",86,6,,false
4,32,0,NONE,"HMj9ex9k","Piece of cake",51,7,,false
4,32,0,NONE,"yrtahJI8","Suicide mission",99,2,1,false
4,32,0,NONE,"egaXNVJt","Suicide mission",138,2,1,false
4,32,0,NONE,"jNEoRLKM","Risky",147,2,1,false
4,33,0,NONE,"HOufou3r","Gamble",100,5,,false
4,33,0,NONE,"Ex3lSX7k","Gamble",86,5,,false
4,33,0,NONE,"HMj9ex9k","Piece of cake",51,6,,false
4,33,0,NONE,"yrtahJI8","Suicide mission",99,1,1,false
4,33,0,NONE,"egaXNVJt","Suicide mission",138,1,1,false
4,33,0,NONE,"jNEoRLKM","Risky",147,1,1,false
4,33,0,NONE,"78rO4w3W","Suicide mission",144,3,1,true
4,33,0,NONE,"xl0kcCTc","Suicide mission",151,3,1,false
4,33,0,NONE,"BbHeAwTT","Rather detrimental",100,7,,false
4,33,0,NONE,"e0Qkhh7J","Piece of cake",81,7,,false
4,35,0,NONE,"HOufou3r","Gamble",100,3,,false
4,35,0,NONE,"Ex3lSX7k","Gamble",86,3,,false
4,35,0,NONE,"HMj9ex9k","Piece of cake",51,4,,true
4,35,0,NONE,"xl0kcCTc","Suicide mission",151,1,1,false
4,35,0,NONE,"BbHeAwTT","Rather detrimental",100,5,,false
4,35,0,NONE,"e0Qkhh7J","Piece of cake",81,5,,false
4,35,0,NONE,"aZqhlGZ2","Suicide mission",127,2,1,false
4,35,0,NONE,"24H8ZtWo","Risky",89,6,,false
4,35,0,NONE,"XcHXg8TM","Risky",148,2,1,false
4,35,0,NONE,"JONY6RpN","Risky",146,2,1,false
4,36,0,NONE,"HOufou3r","Gamble",100,2,,false
4,36,0,NONE,"Ex3lSX7k","Gamble",86,2,,false
4,36,0,NONE,"BbHeAwTT","Rather detrimental",100,4,,false
4,36,0,NONE,"e0Qkhh7J","Piece of cake",81,4,,false
4,36,0,NONE,"aZqhlGZ2","Suicide mission",127,1,1,false
4,36,0,NONE,"24H8ZtWo","Risky",89,5,,true
4,36,0,NONE,"XcHXg8TM","Risky",148,1,1,false
4,36,0,NONE,"JONY6RpN","Risky",146,1,1,false
4,36,0,NONE,"QuiO2zRl","Gamble",93,7,,false
4,36,0,NONE,"8ifhiitN","Quite likely",88,7,,false
4,38,0,NONE,"BbHeAwTT","Rather detrimental",100,2,,false
4,38,0,NONE,"e0Qkhh7J","Piece of cake",81,2,,true
4,38,0,NONE,"QuiO2zRl","Gamble",93,5,,false
4,38,0,NONE,"8ifhiitN","Quite likely",88,5,,false
4,38,0,NONE,"e5QRpapy","Risky",81,6,,false
4,38,0,NONE,"53XVZuMF","Risky",88,6,,false
4,38,0,NONE,"lhMulizw","Risky",98,6,,false
4,38,0,NONE,"i1Lasswc","Hmmm....",104,6,,false
4,38,0,NONE,"sVRupusn","Quite likely",84,7,,false
4,38,0,NONE,"erijv442","Rather detrimental",94,7,,false
4,39,0,NONE,"BbHeAwTT","Rather detrimental",100,1,,true
4,39,0,NONE,"QuiO2zRl","Gamble",93,4,,false
4,39,0,NONE,"8ifhiitN","Quite likely",88,4,,false
4,39,0,NONE,"e5QRpapy","Risky",81,5,,false
4,39,0,NONE,"53XVZuMF","Risky",88,5,,false
4,39,0,NONE,"lhMulizw","Risky",98,5,,false
4,39,0,NONE,"i1Lasswc","Hmmm....",104,5,,false
4,39,0,NONE,"sVRupusn","Quite likely",84,6,,false
4,39,0,NONE,"erijv442","Rather detrimental",94,6,,false
4,39,0,NONE,"LbPIc8br","Risky",83,7,,false
4,41,0,NONE,"QuiO2zRl","Gamble",93,2,,false
4,41,0,NONE,"8ifhiitN","Quite likely",88,2,,true
4,41,0,NONE,"e5QRpapy","Risky",81,3,,false
4,41,0,NONE,"53XVZuMF","Risky",88,3,,false
4,41,0,NONE,"lhMulizw","Risky",98,3,,false
4,41,0,NONE,"i1Lasswc","Hmmm....",104,3,,false
4,41,0,NONE,"sVRupusn","Quite likely",84,4,,false
4,41,0,NONE,"erijv442","Rather detrimental",94,4,,false
4,41,0,NONE,"LbPIc8br","Risky",83,5,,false
4,41,0,NONE,"tvM9XZMk","Hmmm....",101,6,,false
4,43,0,NONE,"e5QRpapy","Risky",81,1,,false
4,43,0,NONE,"53XVZuMF","Risky",88,1,,false
4,43,0,NONE,"lhMulizw","Risky",98,1,,false
4,43,0,NONE,"i1Lasswc","Hmmm....",104,1,,true
4,43,0,NONE,"sVRupusn","Quite likely",84,2,,false
4,43,0,NONE,"erijv442","Rather detrimental",94,2,,false
4,43,0,NONE,"LbPIc8br","Risky",83,3,,false
4,43,0,NONE,"tvM9XZMk","Hmmm....",101,4,,false
4,43,0,NONE,"CotKkVT2","Playing with fire",62,6,,false
4,43,0,NONE,"efxDPxuM","Rather detrimental",87,7,,false
4,44,0,NONE,"sVRupusn","Quite likely",84,1,,false
4,44,0,NONE,"erijv442","Rather detrimental",94,1,,true
4,44,0,NONE,"LbPIc8br","Risky",83,2,,false
4,44,0,NONE,"tvM9XZMk","Hmmm....",101,3,,false
4,44,0,NONE,"CotKkVT2","Playing with fire",62,5,,false
4,44,0,NONE,"efxDPxuM","Rather detrimental",87,6,,false
4,44,0,NONE,"lnE7h1XN","Walk in the park",78,7,,false
4,44,0,NONE,"fiMtU8dq","Hmmm....",78,7,,false
4,44,0,NONE,"eDaLrRwU","Hmmm....",83,7,,false
4,44,0,NONE,"x5UZ7gil","Gamble",71,7,,false
4,46,0,NONE,"tvM9XZMk","Hmmm....",101,1,,false
4,46,0,NONE,"CotKkVT2","Playing with fire",62,3,,false
4,46,0,NONE,"efxDPxuM","Rather detrimental",87,4,,false
4,46,0,NONE,"lnE7h1XN","Walk in the park",78,5,,false
4,46,0,NONE,"fiMtU8dq","Hmmm....",78,5,,false
4,46,0,NONE,"eDaLrRwU","Hmmm....",83,5,,true
4,46,0,NONE,"x5UZ7gil","Gamble",71,5,,false
4,46,0,NONE,"X3YOB4M6","Risky",82,6,,false
4,46,0,NONE,"MUCr2dgp","Gamble",79,6,,false
4,46,0,NONE,"tW6gBoLi","Quite likely",81,7,,false
4,47,0,NONE,"CotKkVT2","Playing with fire",62,2,,false
4,47,0,NONE,"efxDPxuM","Rather detrimental",87,3,,false
4,47,0,NONE,"lnE7h1XN","Walk in the park",78,4,,true
4,47,0,NONE,"fiMtU8dq","Hmmm....",78,4,,false
4,47,0,NONE,"x5UZ7gil","Gamble",71,4,,false
4,47,0,NONE,"X3YOB4M6","Risky",82,5,,false
4,47,0,NONE,"MUCr2dgp","Gamble",79,5,,false
4,47,0,NONE,"tW6gBoLi","Quite likely",81,6,,false
4,47,0,NONE,"nscqqYW7","Gamble",76,7,,false
4,47,0,NONE,"DqMVWSPl","Gamble",68,7,,false
4,48,0,NONE,"CotKkVT2","Playing with fire",62,1,,false
4,48,0,NONE,"efxDPxuM","Rather detrimental",87,2,,false
4,48,0,NONE,"fiMtU8dq","Hmmm....",78,3,,false
4,48,0,NONE,"x5UZ7gil","Gamble",71,3,,false
4,48,0,NONE,"X3YOB4M6","Risky",82,4,,false
4,48,0,NONE,"MUCr2dgp","Gamble",79,4,,false
4,48,0,NONE,"tW6gBoLi","Quite likely",81,5,,true
4,48,0,NONE,"nscqqYW7","Gamble",76,6,,false
4,48,0,NONE,"DqMVWSPl","Gamble",68,6,,false
4,48,0,NONE,"eo5hwkxk","Suicide mission",58,7,,false
4,49,0,NONE,"efxDPxuM","Rather detrimental",87,1,,false
4,49,0,NONE,"fiMtU8dq","Hmmm....",78,2,,true
4,49,0,NONE,"x5UZ7gil","Gamble",71,2,,false
4,49,0,NONE,"X3YOB4M6","Risky",82,3,,false
4,49,0,NONE,"MUCr2dgp","Gamble",79,3,,false
4,49,0,NONE,"nscqqYW7","Gamble",76,5,,false
4,49,0,NONE,"DqMVWSPl","Gamble",68,5,,false
4,49,0,NONE,"eo5hwkxk","Suicide mission",58,6,,false
4,49,0,NONE,"Dt1lrL9X","Suicide mission",70,7,,false
4,49,0,NONE,"4Tk5rc2T","Risky",66,7,,false
5,0,0,NONE,"U8kRsAz6","Gamble",26,7,,false
5,0,0,NONE,"1NjWe5oY","Piece of cake",17,7,,true
5,0,0,NONE,"wYTZJPFl","Quite likely",34,7,,false
5,0,0,NONE,"IOz9pw9u","Piece of cake",3,7,,false
5,0,0,NONE,"hZmO1628","Walk in the park",3,7,,false
5,0,0,NONE,"IHQnX6mO","Risky",23,7,,false
5,0,0,NONE,"OfnBAH3o","Quite likely",28,7,,false
5,0,0,NONE,"GZK97A0b","Gamble",2,7,,false
5,0,0,NONE,"HAwAga3l","Gamble",18,7,,false
5,0,0,NONE,"Ah22BmTl","Gamble",28,7,,false
5,1,0,NONE,"U8kRsAz6","Gamble",26,6,,false
5,1,0,NONE,"wYTZJPFl","Quite likely",34,6,,false
5,1,0,NONE,"IOz9pw9u","Piece of cake",3,6,,true
5,1,0,NONE,"hZmO1628","Walk in the park",3,6,,false
5,1,0,NONE,"IHQnX6mO","Risky",23,6,,false
5,1,0,NONE,"OfnBAH3o","Quite likely",28,6,,false
5,1,0,NONE,"GZK97A0b","Gamble",2,6,,false
5,1,0,NONE,"HAwAga3l","Gamble",18,6,,false
5,1,0,NONE,"Ah22BmTl","Gamble",28,6,,false
5,1,0,NONE,"vvWfvmiT","Piece of cake",54,7,,false
5,2,0,NONE,"U8kRsAz6","Gamble",26,5,,false
5,2,0,NONE,"wYTZJPFl","Quite likely",34,5,,false
5,2,0,NONE,"hZmO1628","Walk in the park",3,5,,false
5,2,0,NONE,"IHQnX6mO","Risky",23,5,,false
5,2,0,NONE,"OfnBAH3o","Quite likely",28,5,,false
5,2,0,NONE,"GZK97A0b","Gamble",2,5,,false
5,2,0,NONE,"HAwAga3l","Gamble",18,5,,false
5,2,0,NONE,"Ah22BmTl","Gamble",28,5,,false
5,2,0,NONE,"vvWfvmiT","Piece of cake",54,6,,true
5,2,0,NONE,"QyxmP4hW","Walk in the park",16,7,,false
5,3,0,NONE,"U8kRsAz6","Gamble",26,4,,false
5,3,0,NONE,"wYTZJPFl","Quite likely",34,4,,false
5,3,0,NONE,"hZmO1628","Walk in the park",3,4,,false
5,3,0,NONE,"IHQnX6mO","Risky",23,4,,false
5,3,0,NONE,"OfnBAH3o","Quite likely",28,4,,false
5,3,0,NONE,"GZK97A0b","Gamble",2,4,,false
5,3,0,NONE,"HAwAga3l","Gamble",18,4,,false
5,3,0,NONE,"Ah22BmTl","Gamble",28,4,,false
5,3,0,NONE,"QyxmP4hW","Walk in the park",16,6,,false
5,3,0,NONE,"8Z7gA8wx","Piece of cake",16,7,,true
5,4,0,NONE,"U8kRsAz6","Gamble",26,3,,false
5,4,0,NONE,"wYTZJPFl","Quite likely",34,3,,false
5,4,0,NONE,"hZmO1628","Walk in the park",3,3,,false
5,4,0,NONE,"IHQnX6mO","Risky",23,3,,false
5,4,0,NONE,"OfnBAH3o","Quite likely",28,3,,false
5,4,0,NONE,"GZK97A0b","Gamble",2,3,,false
5,4,0,NONE,"HAwAga3l","Gamble",18,3,,false
5,4,0,NONE,"Ah22BmTl","Gamble",28,3,,false
5,4,0,NONE,"QyxmP4hW","Walk in the park",16,5,,true
5,4,0,NONE,"lW1qCOJl","Risky",32,7,,false
5,5,0,NONE,"U8kRsAz6","Gamble",26,2,,false
5,5,0,NONE,"wYTZJPFl","Quite likely",34,2,,false
5,5,0,NONE,"hZmO1628","Walk in the park",3,2,,false
5,5,0,NONE,"IHQnX6mO","Risky",23,2,,false
5,5,0,NONE,"OfnBAH3o","Quite likely",28,2,,false
5,5,0,NONE,"GZK97A0b","Gamble",2,2,,false
5,5,0,NONE,"HAwAga3l","Gamble",18,2,,false
5,5,0,NONE,"Ah22BmTl","Gamble",28,2,,false
5,5,0,NONE,"lW1qCOJl","Risky",32,6,,false
5,5,0,NONE,"f2XQTtzn","Piece of cake",17,7,,true
5,6,0,NONE,"U8kRsAz6","Gamble",26,1,,false
5,6,0,NONE,"wYTZJPFl","Quite likely",34,1,,false
5,6,0,NONE,"hZmO1628","Walk in the park",3,1,,false
5,6,0,NONE,"IHQnX6mO","Risky",23,1,,false
5,6,0,NONE,"OfnBAH3o","Quite likely",28,1,,false
5,6,0,NONE,"GZK97A0b","Gamble",2,1,,false
5,6,0,NONE,"HAwAga3l","Gamble",18,1,,false
5,6,0,NONE,"Ah22BmTl","Gamble",28,1,,false
5,6,0,NONE,"lW1qCOJl","Risky",32,5,,true
5,6,0,NONE,"2MoRGfSQ","Sure thing",58,7,,false
5,7,0,NONE,"2MoRGfSQ","Sure thing",58,6,,true
5,7,0,NONE,"qtjOxH4y","Quite likely",29,7,,false
5,7,0,NONE,"sf9kAEHq","Quite likely",40,7,,false
5,7,0,NONE,"NuS5FwAw","Piece of cake",49,7,,false
5,7,0,NONE,"YCVErlIo","Suicide mission",20,7,,false
5,7,0,NONE,"KIuCM8GJ","Quite likely",6,7,,false
5,7,0,NONE,"h2pjmiuo","Hmmm....",38,7,,false
5,7,0,NONE,"Lq0n6FIL","Piece of cake",5,7,,false
5,7,0,NONE,"YFH2FWs6","Piece of cake",4,7,,false
5,7,0,NONE,"iGg2kS22","Rather detrimental",57,7,,false
5,8,0,NONE,"qtjOxH4y","Quite likely",29,6,,false
5,8,0,NONE,"sf9kAEHq","Quite likely",40,6,,false
5,8,0,NONE,"NuS5FwAw","Piece of cake",49,6,,false
5,8,0,NONE,"YCVErlIo","Suicide mission",20,6,,false
5,8,0,NONE,"KIuCM8GJ","Quite likely",6,6,,false
5,8,0,NONE,"h2pjmiuo","Hmmm....",38,6,,false
5,8,0,NONE,"Lq0n6FIL","Piece of cake",5,6,,true
5,8,0,NONE,"YFH2FWs6","Piece of cake",4,6,,false
5,8,0,NONE,"iGg2kS22","Rather detrimental",57,6,,false
5,8,0,NONE,"0EtvFMta","Quite likely",11,7,,false
5,9,0,NONE,"qtjOxH4y","Quite likely",29,5,,false
5,9,0,NONE,"sf9kAEHq","Quite likely",40,5,,false
5,9,0,NONE,"NuS5FwAw","Piece of cake",49,5,,false
5,9,0,NONE,"YCVErlIo","Suicide mission",20,5,,false
5,9,0,NONE,"KIuCM8GJ","Quite likely",6,5,,false
5,9,0,NONE,"h2pjmiuo","Hmmm....",38,5,,false
5,9,0,NONE,"YFH2FWs6","Piece of cake",4,5,,false
5,9,0,NONE,"iGg2kS22","Rather detrimental",57,5,,false
5,9,0,NONE,"0EtvFMta","Quite likely",11,6,,false
5,9,0,NONE,"2TBxB3Tq","Piece of cake",27,7,,true
5,10,0,NONE,"qtjOxH4y","Quite likely",29,4,,false
5,10,0,NONE,"sf9kAEHq","Quite likely",40,4,,false
5,10,0,NONE,"NuS5FwAw","Piece of cake",49,4,,true
5,10,0,NONE,"YCVErlIo","Suicide mission",20,4,,false
5,10,0,NONE,"KIuCM8GJ","Quite likely",6,4,,false
5,10,0,NONE,"h2pjmiuo","Hmmm....",38,4,,false
5,10,0,NONE,"YFH2FWs6","Piece of cake",4,4,,false
5,10,0,NONE,"iGg2kS22","Rather detrimental",57,4,,false
5,10,0,NONE,"0EtvFMta","Quite likely",11,5,,false
5,10,0,NONE,"3agXj4Xl","Hmmm....",37,7,,false
5,11,0,NONE,"qtjOxH4y","Quite likely",29,3,,false
5,11,0,NONE,"sf9kAEHq","Quite likely",40,3,,false
5,11,0,NONE,"YCVErlIo","Suicide mission",20,3,,false
5,11,0,NONE,"KIuCM8GJ","Quite likely",6,3,,false
5,11,0,NONE,"h2pjmiuo","Hmmm....",38,3,,false
5,11,0,NONE,"YFH2FWs6","Piece of cake",4,3,,true
5,11,0,NONE,"iGg2kS22","Rather detrimental",57,3,,false
5,11,0,NONE,"0EtvFMta","Quite likely",11,4,,false
5,11,0,NONE,"3agXj4Xl","Hmmm....",37,6,,false
5,11,0,NONE,"JRhBvsKk","Risky",41,7,,false
5,12,0,NONE,"qtjOxH4y","Quite likely",29,2,,false
5,12,0,NONE,"sf9kAEHq","Quite likely",40,2,,false
5,12,0,NONE,"YCVErlIo","Suicide mission",20,2,,false
5,12,0,NONE,"KIuCM8GJ","Quite likely",6,2,,false
5,12,0,NONE,"h2pjmiuo","Hmmm....",38,2,,false
5,12,0,NONE,"iGg2kS22","Rather detrimental",57,2,,false
5,12,0,NONE,"0EtvFMta","Quite likely",11,3,,false
5,12,0,NONE,"3agXj4Xl","Hmmm....",37,5,,false
5,12,0,NONE,"JRhBvsKk","Risky",41,6,,false
5,12,0,NONE,"t77L5Hpr","Piece of cake",66,7,,true
5,13,0,NONE,"qtjOxH4y","Quite likely",29,1,,false
5,13,0,NONE,"sf9kAEHq","Quite likely",40,1,,false
5,13,0,NONE,"YCVErlIo","Suicide mission",20,1,,false
5,13,0,NONE,"KIuCM8GJ","Quite likely",6,1,,false
5,13,0,NONE,"h2pjmiuo","Hmmm....",38,1,,true
5,13,0,NONE,"iGg2kS22","Rather detrimental",57,1,,false
5,13,0,NONE,"0EtvFMta","Quite likely",11,2,,false
5,13,0,NONE,"3agXj4Xl","Hmmm....",37,4,,false
5,13,0,NONE,"JRhBvsKk","Risky",41,5,,false
5,13,0,NONE,"3BumgfGu","Risky",66,7,,false
5,15,0,NONE,"3agXj4Xl","Hmmm....",37,2,,false
5,15,0,NONE,"JRhBvsKk","Risky",41,3,,false
5,15,0,NONE,"3BumgfGu","Risky",66,5,,false
5,15,0,NONE,"QvchzHzQ","Walk in the park",70,6,,false
5,15,0,NONE,"EBRCusFy","Piece of cake",51,6,,true
5,15,0,NONE,"giJ7pqKF","Walk in the park",23,6,,false
5,15,0,NONE,"JUZGuPHy","Quite likely",16,6,,false
5,15,0,NONE,"pdrmphSV","Piece of cake",49,6,,false
5,15,0,NONE,"tMTYay1v","Hmmm....",23,6,,false
5,15,0,NONE,"Tu6XqDMX","Hmmm....",37,7,,false
5,16,0,NONE,"3agXj4Xl","Hmmm....",37,1,,true
5,16,0,NONE,"JRhBvsKk","Risky",41,2,,false
5,16,0,NONE,"3BumgfGu","Risky",66,4,,false
5,16,0,NONE,"QvchzHzQ","Walk in the park",70,5,,false
5,16,0,NONE,"giJ7pqKF","Walk in the park",23,5,,false
5,16,0,NONE,"JUZGuPHy","Quite likely",16,5,,false
5,16,0,NONE,"pdrmphSV","Piece of cake",49,5,,false
5,16,0,NONE,"tMTYay1v","Hmmm....",23,5,,false
5,16,0,NONE,"Tu6XqDMX","Hmmm....",37,6,,false
5,16,0,NONE,"DHPUZseS","Piece of cake",74,7,,false
5,17,0,NONE,"JRhBvsKk","Risky",41,1,,false
5,17,0,NONE,"3BumgfGu","Risky",66,3,,true
5,17,0,NONE,"QvchzHzQ","Walk in the park",70,4,,false
5,17,0,NONE,"giJ7pqKF","Walk in the park",23,4,,false
5,17,0,NONE,"JUZGuPHy","Quite likely",16,4,,false
5,17,0,NONE,"pdrmphSV","Piece of cake",49,4,,false
5,17,0,NONE,"tMTYay1v","Hmmm....",23,4,,false
5,17,0,NONE,"Tu6XqDMX","Hmmm....",37,5,,false
5,17,0,NONE,"DHPUZseS","Piece of cake",74,6,,false
5,17,0,NONE,"zZqMfEX0","Suicide mission",140,3,1,false
5,19,0,NONE,"QvchzHzQ","Walk in the park",70,2,,false
5,19,0,NONE,"giJ7pqKF","Walk in the park",23,2,,false
5,19,0,NONE,"JUZGuPHy","Quite likely",16,2,,false
5,19,0,NONE,"pdrmphSV","Piece of cake",49,2,,false
5,19,0,NONE,"tMTYay1v","Hmmm....",23,2,,false
5,19,0,NONE,"Tu6XqDMX","Hmmm....",37,3,,false
5,19,0,NONE,"DHPUZseS","Piece of cake",74,4,,true
5,19,0,NONE,"zZqMfEX0","Suicide mission",140,1,1,false
5,19,0,NONE,"xZDMGRwJ","Quite likely",35,6,,false
5,19,0,NONE,"0PjGiTIT","Rather detrimental",140,2,1,false
5,20,0,NONE,"QvchzHzQ","Walk in the park",70,1,,false
5,20,0,NONE,"giJ7pqKF","Walk in the park",23,1,,false
5,20,0,NONE,"JUZGuPHy","Quite likely",16,1,,true
5,20,0,NONE,"pdrmphSV","Piece of cake",49,1,,false
5,20,0,NONE,"tMTYay1v","Hmmm....",23,1,,false
5,20,0,NONE,"Tu6XqDMX","Hmmm....",37,2,,false
5,20,0,NONE,"xZDMGRwJ","Quite likely",35,5,,false
5,20,0,NONE,"0PjGiTIT","Rather detrimental",140,1,1,false
5,20,0,NONE,"d1Lm0dEA","Playing with fire",140,3,1,false
5,20,0,NONE,"dWccxs9S","Suicide mission",136,3,1,false
5,21,0,NONE,"Tu6XqDMX","Hmmm....",37,1,,false
5,21,0,NONE,"xZDMGRwJ","Quite likely",35,4,,false
5,21,0,NONE,"d1Lm0dEA","Playing with fire",140,2,1,false
5,21,0,NONE,"dWccxs9S","Suicide mission",136,2,1,false
5,21,0,NONE,"ATSX0f3Z","Suicide mission",134,2,1,false
5,21,0,NONE,"2OlmDtus","Gamble",154,2,1,false
5,21,0,NONE,"YmmHiVD8","Hmmm....",97,7,,true
5,21,0,NONE,"2DXuCY6I","Walk in the park",114,7,,false
5,21,0,NONE,"PcxiXldo","Piece of cake",114,7,,false
5,21,0,NONE,"Tyviw6Rn","Quite likely",112,7,,false
5,22,0,NONE,"xZDMGRwJ","Quite likely",35,3,,false
5,22,0,NONE,"d1Lm0dEA","Playing with fire",140,1,1,false
5,22,0,NONE,"dWccxs9S","Suicide mission",136,1,1,false
5,22,0,NONE,"ATSX0f3Z","Suicide mission",134,1,1,true
5,22,0,NONE,"2OlmDtus","Gamble",154,1,1,false
5,22,0,NONE,"2DXuCY6I","Walk in the park",114,6,,false
5,22,0,NONE,"PcxiXldo","Piece of cake",114,6,,false
5,22,0,NONE,"Tyviw6Rn","Quite likely",112,6,,false
5,22,0,NONE,"u0FBQXZT","Quite likely",107,7,,false
5,22,0,NONE,"pMz3gkEO","Suicide mission",140,3,1,false
5,24,0,NONE,"xZDMGRwJ","Quite likely",35,1,,false
5,24,0,NONE,"2DXuCY6I","Walk in the park",114,4,,false
5,24,0,NONE,"PcxiXldo","Piece of cake",114,4,,false
5,24,0,NONE,"Tyviw6Rn","Quite likely",112,4,,false
5,24,0,NONE,"u0FBQXZT","Quite likely",107,5,,false
5,24,0,NONE,"pMz3gkEO","Suicide mission",140,1,1,false
5,24,0,NONE,"bxDKaWQh","Walk in the park",72,6,,false
5,24,0,NONE,"oGzeoMnN","Playing with fire",145,2,1,false
5,24,0,NONE,"YIfkWAvp","Risky",150,2,1,false
5,24,0,NONE,"S6aWCqvs","Quite likely",114,6,,true
5,25,0,NONE,"2DXuCY6I","Walk in the park",114,3,,false
5,25,0,NONE,"PcxiXldo","Piece of cake",114,3,,true
5,25,0,NONE,"Tyviw6Rn","Quite likely",112,3,,false
5,25,0,NONE,"u0FBQXZT","Quite likely",107,4,,false
5,25,0,NONE,"bxDKaWQh","Walk in the park",72,5,,false
5,25,0,NONE,"oGzeoMnN","Playing with fire",145,1,1,false
5,25,0,NONE,"YIfkWAvp","Risky",150,1,1,false
5,25,0,NONE,"WI1UDxCv","Suicide mission",131,3,1,false
5,25,0,NONE,"Oo1N0kN4","Impossible",139,3,1,false
5,25,0,NONE,"gkg6od84","Rather detrimental",121,3,1,false
5,26,0,NONE,"2DXuCY6I","Walk in the park",114,2,,false
5,26,0,NONE,"Tyviw6Rn","Quite likely",112,2,,false
5,26,0,NONE,"u0FBQXZT","Quite likely",107,3,,false
5,26,0,NONE,"bxDKaWQh","Walk in the park",72,4,,false
5,26,0,NONE,"WI1UDxCv","Suicide mission",131,2,1,false
5,26,0,NONE,"Oo1N0kN4","Impossible",139,2,1,false
5,26,0,NONE,"gkg6od84","Rather detrimental",121,2,1,false
5,26,0,NONE,"Qn0ZxXPP","Rather detrimental",98,3,1,false
5,26,0,NONE,"MadmrWNS","Sure thing",118,7,,true
5,26,0,NONE,"VAVP7IIP","Suicide mission",119,2,1,false
5,27,0,NONE,"2DXuCY6I","Walk in the park",114,1,,false
5,27,0,NONE,"Tyviw6Rn","Quite likely",112,1,,false
5,27,0,NONE,"u0FBQXZT","Quite likely",107,2,,false
5,27,0,NONE,"bxDKaWQh","Walk in the park",72,3,,false
5,27,0,NONE,"WI1UDxCv","Suicide mission",131,1,1,false
5,27,0,NONE,"Oo1N0kN4","Impossible",139,1,1,false
5,27,0,NONE,"gkg6od84","Rather detrimental",121,1,1,false
5,27,0,NONE,"Qn0ZxXPP","Rather detrimental",98,2,1,false
5,27,0,NONE,"VAVP7IIP","Suicide mission",119,1,1,false
5,27,0,NONE,"greWRicu","Suicide mission",116,3,1,true
5,29,0,NONE,"bxDKaWQh","Walk in the park",72,1,,false
5,29,0,NONE,"X87BshMw","Playing with fire",130,1,1,true
5,29,0,NONE,"jYLbssWj","Risky",154,2,1,false
5,29,0,NONE,"841sdAyh","Impossible",112,1,2,false
5,29,0,NONE,"fP7VT1G7","Suicide mission",107,1,2,false
5,29,0,NONE,"R4UjuCzd","Playing with fire",134,2,1,false
5,29,0,NONE,"frSbcXFM","Rather detrimental",140,2,1,false
5,29,0,NONE,"HBm6ZIUU","Suicide mission",154,1,1,false
5,29,0,NONE,"BvCEu4EV","Suicide mission",139,2,1,false
5,29,0,NONE,"tJZ4ZMvQ","Playing with fire",137,3,1,false
5,30,0,NONE,"jYLbssWj","Risky",154,1,1,false
5,30,0,NONE,"R4UjuCzd","Playing with fire",134,1,1,false
5,30,0,NONE,"frSbcXFM","Rather detrimental",140,1,1,false
5,30,0,NONE,"BvCEu4EV","Suicide mission",139,1,1,true
5,30,0,NONE,"tJZ4ZMvQ","Playing with fire",137,2,1,false
5,30,0,NONE,"BAFWfIXP","Suicide mission",159,3,1,false
5,30,0,NONE,"kwWRWTfE","Playing with fire",144,2,1,false
5,30,0,NONE,"kfs5xiHW","Rather detrimental",136,2,1,false
5,30,0,NONE,"vFaJp0iz","Hmmm....",146,3,1,false
5,30,0,NONE,"e7mNTEQQ","Rather detrimental",144,2,1,false
5,32,0,NONE,"BAFWfIXP","Suicide mission",159,1,1,false
5,32,0,NONE,"vFaJp0iz","Hmmm....",146,1,1,false
5,32,0,NONE,"sEd1PFPO","Suicide mission",142,1,1,false
5,32,0,NONE,"DeL6htX9","Piece of cake",80,6,,false
5,32,0,NONE,"ZfLTb1kP","Playing with fire",118,2,1,false
5,32,0,NONE,"UUO1qgB4","Hmmm....",97,6,,true
5,32,0,NONE,"dLVNtBJi","Walk in the park",80,7,,false
5,32,0,NONE,"hFqH9q5x","Rather detrimental",88,7,,false
5,32,0,NONE,"92giqRRt","Risky",140,3,1,false
5,32,0,NONE,"u5z6FJik","Quite likely",136,3,1,false
5,33,0,NONE,"DeL6htX9","Piece of cake",80,5,,false
5,33,0,NONE,"ZfLTb1kP","Playing with fire",118,1,1,false
5,33,0,NONE,"dLVNtBJi","Walk in the park",80,6,,false
5,33,0,NONE,"hFqH9q5x","Rather detrimental",88,6,,false
5,33,0,NONE,"92giqRRt","Risky",140,2,1,false
5,33,0,NONE,"u5z6FJik","Quite likely",136,2,1,false
5,33,0,NONE,"Y0HkfcuA","Sure thing",91,7,,true
5,33,0,NONE,"hKkScQZP","Hmmm....",114,2,1,false
5,33,0,NONE,"G0KF0w88","Gamble",145,3,1,false
5,33,0,NONE,"vvjApDUx","Hmmm....",144,3,1,false
5,34,0,NONE,"DeL6htX9","Piece of cake",80,4,,true
5,34,0,NONE,"dLVNtBJi","Walk in the park",80,5,,false
5,34,0,NONE,"hFqH9q5x","Rather detrimental",88,5,,false
5,34,0,NONE,"92giqRRt","Risky",140,1,1,false
5,34,0,NONE,"u5z6FJik","Quite likely",136,1,1,false
5,34,0,NONE,"hKkScQZP","Hmmm....",114,1,1,false
5,34,0,NONE,"G0KF0w88","Gamble",145,2,1,false
5,34,0,NONE,"vvjApDUx","Hmmm....",144,2,1,false
5,34,0,NONE,"rA441CCw","Suicide mission",128,2,1,false
5,34,0,NONE,"r4wSg9vO","Suicide mission",135,3,1,false
5,35,0,NONE,"dLVNtBJi","Walk in the park",80,4,,false
5,35,0,NONE,"hFqH9q5x","Rather detrimental",88,4,,false
5,35,0,NONE,"G0KF0w88","Gamble",145,1,1,false
5,35,0,NONE,"vvjApDUx","Hmmm....",144,1,1,true
5,35,0,NONE,"rA441CCw","Suicide mission",128,1,1,false
5,35,0,NONE,"r4wSg9vO","Suicide mission",135,2,1,false
5,35,0,NONE,"gDvvJpFh","Hmmm....",107,7,,false
5,35,0,NONE,"EVm2Y4wr","Risky",114,7,,false
5,35,0,NONE,"PiSH3WZC","Piece of cake",103,7,,false
5,35,0,NONE,"OHvN67r6","Hmmm....",88,7,,false
5,37,0,NONE,"dLVNtBJi","Walk in the park",80,2,,false
5,37,0,NONE,"hFqH9q5x","Rather detrimental",88,2,,false
5,37,0,NONE,"gDvvJpFh","Hmmm....",107,5,,false
5,37,0,NONE,"EVm2Y4wr","Risky",114,5,,false
5,37,0,NONE,"PiSH3WZC","Piece of cake",103,5,,true
5,37,0,NONE,"OHvN67r6","Hmmm....",88,5,,false
5,37,0,NONE,"XtclMMV3","Quite likely",94,6,,false
5,37,0,NONE,"B2g953Qh","Walk in the park",102,6,,false
5,37,0,NONE,"TN71Rmie","Playing with fire",83,6,,false
5,37,0,NONE,"m7Dni8lc","Quite likely",76,7,,false
5,38,0,NONE,"dLVNtBJi","Walk in the park",80,1,,true
5,38,0,NONE,"hFqH9q5x","Rather detrimental",88,1,,false
5,38,0,NONE,"gDvvJpFh","Hmmm....",107,4,,false
5,38,0,NONE,"EVm2Y4wr","Risky",114,4,,false
5,38,0,NONE,"OHvN67r6","Hmmm....",88,4,,false
5,38,0,NONE,"XtclMMV3","Quite likely",94,5,,false
5,38,0,NONE,"B2g953Qh","Walk in the park",102,5,,false
5,38,0,NONE,"TN71Rmie","Playing with fire",83,5,,false
5,38,0,NONE,"m7Dni8lc","Quite likely",76,6,,false
5,38,0,NONE,"t3QLITnt","Piece of cake",82,7,,false
5,39,0,NONE,"gDvvJpFh","Hmmm....",107,3,,false
5,39,0,NONE,"EVm2Y4wr","Risky",114,3,,false
5,39,0,NONE,"OHvN67r6","Hmmm....",88,3,,false
5,39,0,NONE,"XtclMMV3","Quite likely",94,4,,false
5,39,0,NONE,"B2g953Qh","Walk in the park",102,4,,false
5,39,0,NONE,"TN71Rmie","Playing with fire",83,4,,false
5,39,0,NONE,"m7Dni8lc","Quite likely",76,5,,false
5,39,0,NONE,"t3QLITnt","Piece of cake",82,6,,true
5,39,0,NONE,"2aa7woqc","Quite likely",107,7,,false
5,39,0,NONE,"4KEcTQii","Risky",98,7,,false
5,40,0,NONE,"gDvvJpFh","Hmmm....",107,2,,false
5,40,0,NONE,"EVm2Y4wr","Risky",114,2,,false
5,40,0,NONE,"OHvN67r6","Hmmm....",88,2,,false
5,40,0,NONE,"XtclMMV3","Quite likely",94,3,,false
5,40,0,NONE,"B2g953Qh","Walk in the park",102,3,,true
5,40,0,NONE,"TN71Rmie","Playing with fire",83,3,,false
5,40,0,NONE,"m7Dni8lc","Quite likely",76,4,,false
5,40,0,NONE,"2aa7woqc","Quite likely",107,6,,false
5,40,0,NONE,"4KEcTQii","Risky",98,6,,false
5,40,0,NONE,"zkZe1df6","Hmmm....",81,7,,false
5,41,0,NONE,"gDvvJpFh","Hmmm....",107,1,,false
5,41,0,NONE,"EVm2Y4wr","Risky",114,1,,true
5,41,0,NONE,"OHvN67r6","Hmmm....",88,1,,false
5,41,0,NONE,"XtclMMV3","Quite likely",94,2,,false
5,41,0,NONE,"TN71Rmie","Playing with fire",83,2,,false
5,41,0,NONE,"m7Dni8lc","Quite likely",76,3,,false
5,41,0,NONE,"2aa7woqc","Quite likely",107,5,,false
5,41,0,NONE,"4KEcTQii","Risky",98,5,,false
5,41,0,NONE,"zkZe1df6","Hmmm....",81,6,,false
5,41,0,NONE,"DW0AAOrl","Gamble",114,7,,false
5,42,0,NONE,"XtclMMV3","Quite likely",94,1,,false
5,42,0,NONE,"TN71Rmie","Playing with fire",83,1,,false
5,42,0,NONE,"m7Dni8lc","Quite likely",76,2,,false
5,42,0,NONE,"2aa7woqc","Quite likely",107,4,,false
5,42,0,NONE,"4KEcTQii","Risky",98,4,,false
5,42,0,NONE,"zkZe1df6","Hmmm....",81,5,,false
5,42,0,NONE,"DW0AAOrl","Gamble",114,6,,false
5,42,0,NONE,"RnYoxd3h","Playing with fire",88,7,,true
5,42,0,NONE,"QECufBd5","Risky",106,7,,false
5,42,0,NONE,"Ov94w92U","Risky",77,7,,false
5,43,0,NONE,"m7Dni8lc","Quite likely",76,1,,false
5,43,0,NONE,"2aa7woqc","Quite likely",107,3,,false
5,43,0,NONE,"4KEcTQii","Risky",98,3,,false
5,43,0,NONE,"zkZe1df6","Hmmm....",81,4,,false
5,43,0,NONE,"DW0AAOrl","Gamble",114,5,,false
5,43,0,NONE,"QECufBd5","Risky",106,6,,false
5,43,0,NONE,"Ov94w92U","Risky",77,6,,false
5,43,0,NONE,"17xdr8gB","Risky",68,7,,false
5,43,0,NONE,"KUj7EM6F","Quite likely",81,7,,true
5,43,0,NONE,"fbCgYo3o","Rather detrimental",74,7,,false
5,44,0,NONE,"2aa7woqc","Quite likely",107,2,,true
5,44,0,NONE,"4KEcTQii","Risky",98,2,,false
5,44,0,NONE,"zkZe1df6","Hmmm....",81,3,,false
5,44,0,NONE,"DW0AAOrl","Gamble",114,4,,false
5,44,0,NONE,"QECufBd5","Risky",106,5,,false
5,44,0,NONE,"Ov94w92U","Risky",77,5,,false
5,44,0,NONE,"17xdr8gB","Risky",68,6,,false
5,44,0,NONE,"fbCgYo3o","Rather detrimental",74,6,,false
5,44,0,NONE,"eWHvAlIe","Risky",96,7,,false
5,44,0,NONE,"R61UhaGJ","Risky",84,7,,false
5,45,0,NONE,"4KEcTQii","Risky",98,1,,true
5,45,0,NONE,"zkZe1df6","Hmmm....",81,2,,false
5,45,0,NONE,"DW0AAOrl","Gamble",114,3,,false
5,45,0,NONE,"QECufBd5","Risky",106,4,,false
5,45,0,NONE,"Ov94w92U","Risky",77,4,,false
5,45,0,NONE,"17xdr8gB","Risky",68,5,,false
5,45,0,NONE,"fbCgYo3o","Rather detrimental",74,5,,false
5,45,0,NONE,"eWHvAlIe","Risky",96,6,,false
5,45,0,NONE,"R61UhaGJ","Risky",84,6,,false
5,45,0,NONE,"SUKcJXxq","Rather detrimental",91,7,,false
5,47,0,NONE,"DW0AAOrl","Gamble",114,1,,false
5,47,0,NONE,"QECufBd5","Risky",106,2,,false
5,47,0,NONE,"Ov94w92U","Risky",77,2,,false
5,47,0,NONE,"17xdr8gB","Risky",68,3,,false
5,47,0,NONE,"fbCgYo3o","Rather detrimental",74,3,,false
5,47,0,NONE,"eWHvAlIe","Risky",96,4,,false
5,47,0,NONE,"R61UhaGJ","Risky",84,4,,false
5,47,0,NONE,"SUKcJXxq","Rather detrimental",91,5,,false
5,47,0,NONE,"kQtDifPG","Suicide mission",70,6,,false
5,47,0,NONE,"nIntd84N","Quite likely",53,7,,true
5,48,0,NONE,"QECufBd5","Risky",106,1,,false
5,48,0,NONE,"Ov94w92U","Risky",77,1,,true
5,48,0,NONE,"17xdr8gB","Risky",68,2,,false
5,48,0,NONE,"fbCgYo3o","Rather detrimental",74,2,,false
5,48,0,NONE,"eWHvAlIe","Risky",96,3,,false
5,48,0,NONE,"R61UhaGJ","Risky",84,3,,false
5,48,0,NONE,"SUKcJXxq","Rather detrimental",91,4,,false
5,48,0,NONE,"kQtDifPG","Suicide mission",70,5,,false
5,48,0,NONE,"ZRsSbr3k","Walk in the park",53,7,,false
5,48,0,NONE,"J5JucEfL","Rather detrimental",65,7,,false
5,49,0,NONE,"17xdr8gB","Risky",68,1,,false
5,49,0,NONE,"fbCgYo3o","Rather detrimental",74,1,,true
5,49,0,NONE,"eWHvAlIe","Risky",96,2,,false
5,49,0,NONE,"R61UhaGJ","Risky",84,2,,false
5,49,0,NONE,"SUKcJXxq","Rather detrimental",91,3,,false
5,49,0,NONE,"kQtDifPG","Suicide mission",70,4,,false
5,49,0,NONE,"ZRsSbr3k","Walk in the park",53,6,,false
5,49,0,NONE,"J5JucEfL","Rather detrimental",65,6,,false
5,49,0,NONE,"lsvfxpeO","Playing with fire",73,7,,false
5,49,0,NONE,"ckO6ev1l","Risky",98,7,,false
6,0,0,NONE,"X1U1eDWd","Walk in the park",56,7,,false
6,0,0,NONE,"7DnZ3kRp","Quite likely",27,7,,false
6,0,0,NONE,"3qRbsDSZ","Risky",41,7,,false
6,0,0,NONE,"VQE9Uhch","Hmmm....",62,7,,false
6,0,0,NONE,"KmzVKyZi","Gamble",74,7,,false
6,0,0,NONE,"taeoWrxA","Piece of cake",6,7,,true
6,0,0,NONE,"Jr7J6F54","Quite likely",13,7,,false
6,0,0,NONE,"DoUfQF02","Risky",39,7,,false
6,0,0,NONE,"YHIWR43D","Gamble",14,7,,false
6,0,0,NONE,"eYzN54Qr","Quite likely",12,7,,false
6,1,0,NONE,"X1U1eDWd","Walk in the park",56,6,,true
6,1,0,NONE,"7DnZ3kRp","Quite likely",27,6,,false
6,1,0,NONE,"3qRbsDSZ","Risky",41,6,,false
6,1,0,NONE,"VQE9Uhch","Hmmm....",62,6,,false
6,1,0,NONE,"KmzVKyZi","Gamble",74,6,,false
6,1,0,NONE,"Jr7J6F54","Quite likely",13,6,,false
6,1,0,NONE,"DoUfQF02","Risky",39,6,,false
6,1,0,NONE,"YHIWR43D","Gamble",14,6,,false
6,1,0,NONE,"eYzN54Qr","Quite likely",12,6,,false
6,1,0,NONE,"dLqwdZF4","Quite likely",2,7,,false
6,2,0,NONE,"7DnZ3kRp","Quite likely",27,5,,false
6,2,0,NONE,"3qRbsDSZ","Risky",41,5,,false
6,2,0,NONE,"VQE9Uhch","Hmmm....",62,5,,false
6,2,0,NONE,"KmzVKyZi","Gamble",74,5,,false
6,2,0,NONE,"Jr7J6F54","Quite likely",13,5,,false
6,2,0,NONE,"DoUfQF02","Risky",39,5,,false
6,2,0,NONE,"YHIWR43D","Gamble",14,5,,false
6,2,0,NONE,"eYzN54Qr","Quite likely",12,5,,false
6,2,0,NONE,"dLqwdZF4","Quite likely",2,6,,false
6,2,0,NONE,"y5rskfZu","Walk in the park",75,7,,true
6,3,0,NONE,"7DnZ3kRp","Quite likely",27,4,,false
6,3,0,NONE,"3qRbsDSZ","Risky",41,4,,false
6,3,0,NONE,"VQE9Uhch","Hmmm....",62,4,,false
6,3,0,NONE,"KmzVKyZi","Gamble",74,4,,false
6,3,0,NONE,"Jr7J6F54","Quite likely",13,4,,false
6,3,0,NONE,"DoUfQF02","Risky",39,4,,false
6,3,0,NONE,"YHIWR43D","Gamble",14,4,,false
6,3,0,NONE,"eYzN54Qr","Quite likely",12,4,,false
6,3,0,NONE,"dLqwdZF4","Quite likely",2,5,,false
6,3,0,NONE,"W7IdNtBH","Walk in the park",12,7,,true
6,4,0,NONE,"7DnZ3kRp","Quite likely",27,3,,false
6,4,0,NONE,"3qRbsDSZ","Risky",41,3,,false
6,4,0,NONE,"VQE9Uhch","Hmmm....",62,3,,false
6,4,0,NONE,"KmzVKyZi","Gamble",74,3,,false
6,4,0,NONE,"Jr7J6F54","Quite likely",13,3,,false
6,4,0,NONE,"DoUfQF02","Risky",39,3,,false
6,4,0,NONE,"YHIWR43D","Gamble",14,3,,false
6,4,0,NONE,"eYzN54Qr","Quite likely",12,3,,false
6,4,0,NONE,"dLqwdZF4","Quite likely",2,4,,false
6,4,0,NONE,"GCnPQlzG","Piece of cake",10,7,,true
6,5,0,NONE,"7DnZ3kRp","Quite likely",27,2,,true
6,5,0,NONE,"3qRbsDSZ","Risky",41,2,,false
6,5,0,NONE,"VQE9Uhch","Hmmm....",62,2,,false
6,5,0,NONE,"KmzVKyZi","Gamble",74,2,,false
6,5,0,NONE,"Jr7J6F54","Quite likely",13,2,,false
6,5,0,NONE,"DoUfQF02","Risky",39,2,,false
6,5,0,NONE,"YHIWR43D","Gamble",14,2,,false
6,5,0,NONE,"eYzN54Qr","Quite likely",12,2,,false
6,5,0,NONE,"dLqwdZF4","Quite likely",2,3,,false
6,5,0,NONE,"uiy0MWSO","Quite likely",25,7,,false
6,6,0,NONE,"3qRbsDSZ","Risky",41,1,,false
6,6,0,NONE,"VQE9Uhch","Hmmm....",62,1,,false
6,6,0,NONE,"KmzVKyZi","Gamble",74,1,,false
6,6,0,NONE,"Jr7J6F54","Quite likely",13,1,,true
6,6,0,NONE,"DoUfQF02","Risky",39,1,,false
6,6,0,NONE,"YHIWR43D","Gamble",14,1,,false
6,6,0,NONE,"eYzN54Qr","Quite likely",12,1,,false
6,6,0,NONE,"dLqwdZF4","Quite likely",2,2,,false
6,6,0,NONE,"uiy0MWSO","Quite likely",25,6,,false
6,6,0,NONE,"bQAb56B6","Walk in the park",25,7,,false
6,7,0,NONE,"dLqwdZF4","Quite likely",2,1,,false
6,7,0,NONE,"uiy0MWSO","Quite likely",25,5,,false
6,7,0,NONE,"bQAb56B6","Walk in the park",25,6,,false
6,7,0,NONE,"yuC3nE9U","Piece of cake",25,7,,false
6,7,0,NONE,"6jGq8dzE","Walk in the park",21,7,,false
6,7,0,NONE,"j7X3Va3l","Playing with fire",25,7,,false
6,7,0,NONE,"Y8Fw3KyK","Piece of cake",9,7,,false
6,7,0,NONE,"kWxcCawN","Quite likely",33,7,,true
6,7,0,NONE,"U0xJLZtO","Sure thing",27,7,,false
6,7,0,NONE,"qa0mCSF1","Quite likely",20,7,,false
6,9,0,NONE,"uiy0MWSO","Quite likely",25,3,,false
6,9,0,NONE,"bQAb56B6","Walk in the park",25,4,,false
6,9,0,NONE,"yuC3nE9U","Piece of cake",25,5,,false
6,9,0,NONE,"6jGq8dzE","Walk in the park",21,5,,false
6,9,0,NONE,"j7X3Va3l","Playing with fire",25,5,,false
6,9,0,NONE,"Y8Fw3KyK","Piece of cake",9,5,,false
6,9,0,NONE,"U0xJLZtO","Sure thing",27,5,,true
6,9,0,NONE,"qa0mCSF1","Quite likely",20,5,,false
6,9,0,NONE,"hWnqNtbl","Walk in the park",23,6,,false
6,9,0,NONE,"szKAcHs3","Walk in the park",25,6,,false
6,10,0,NONE,"uiy0MWSO","Quite likely",25,2,,false
6,10,0,NONE,"bQAb56B6","Walk in the park",25,3,,false
6,10,0,NONE,"yuC3nE9U","Piece of cake",25,4,,false
6,10,0,NONE,"6jGq8dzE","Walk in the park",21,4,,false
6,10,0,NONE,"j7X3Va3l","Playing with fire",25,4,,false
6,10,0,NONE,"Y8Fw3KyK","Piece of cake",9,4,,true
6,10,0,NONE,"qa0mCSF1","Quite likely",20,4,,false
6,10,0,NONE,"hWnqNtbl","Walk in the park",23,5,,false
6,10,0,NONE,"szKAcHs3","Walk in the park",25,5,,false
6,10,0,NONE,"3ogxv0PF","Risky",73,7,,false
6,11,0,NONE,"uiy0MWSO","Quite likely",25,1,,false
6,11,0,NONE,"bQAb56B6","Walk in the park",25,2,,false
6,11,0,NONE,"yuC3nE9U","Piece of cake",25,3,,false
6,11,0,NONE,"6jGq8dzE","Walk in the park",21,3,,false
6,11,0,NONE,"j7X3Va3l","Playing with fire",25,3,,false
6,11,0,NONE,"qa0mCSF1","Quite likely",20,3,,true
6,11,0,NONE,"hWnqNtbl","Walk in the park",23,4,,false
6,11,0,NONE,"szKAcHs3","Walk in the park",25,4,,false
6,11,0,NONE,"3ogxv0PF","Risky",73,6,,false
6,11,0,NONE,"KxhLsc7y","Piece of cake",42,7,,false
6,12,0,NONE,"bQAb56B6","Walk in the park",25,1,,false
6,12,0,NONE,"yuC3nE9U","Piece of cake",25,2,,false
6,12,0,NONE,"6jGq8dzE","Walk in the park",21,2,,false
6,12,0,NONE,"j7X3Va3l","Playing with fire",25,2,,false
6,12,0,NONE,"hWnqNtbl","Walk in the park",23,3,,true
6,12,0,NONE,"szKAcHs3","Walk in the park",25,3,,false
6,12,0,NONE,"3ogxv0PF","Risky",73,5,,false
6,12,0,NONE,"KxhLsc7y","Piece of cake",42,6,,false
6,12,0,NONE,"ybJgoITT","Quite likely",18,7,,false
6,12,0,NONE,"nWlvBBCW","Quite likely",30,7,,false
6,13,0,NONE,"yuC3nE9U","Piece of cake",25,1,,false
6,13,0,NONE,"6jGq8dzE","Walk in the park",21,1,,false
6,13,0,NONE,"j7X3Va3l","Playing with fire",25,1,,false
6,13,0,NONE,"szKAcHs3","Walk in the park",25,2,,false
6,13,0,NONE,"3ogxv0PF","Risky",73,4,,false
6,13,0,NONE,"KxhLsc7y","Piece of cake",42,5,,true
6,13,0,NONE,"ybJgoITT","Quite likely",18,6,,false
6,13,0,NONE,"nWlvBBCW","Quite likely",30,6,,false
6,13,0,NONE,"iAISkHKU","Hmmm....",45,7,,false
6,13,0,NONE,"pcLLqYXH","Hmmm....",59,7,,false
6,14,0,NONE,"szKAcHs3","Walk in the park",25,1,,false
6,14,0,NONE,"3ogxv0PF","Risky",73,3,,false
6,14,0,NONE,"ybJgoITT","Quite likely",18,5,,false
6,14,0,NONE,"nWlvBBCW","Quite likely",30,5,,false
6,14,0,NONE,"iAISkHKU","Hmmm....",45,6,,false
6,14,0,NONE,"pcLLqYXH","Hmmm....",59,6,,false
6,14,0,NONE,"0tjWYnx5","Quite likely",23,7,,false
6,14,0,NONE,"R15I9lZ0","Piece of cake",25,7,,true
6,14,0,NONE,"cf4GWuLa","Playing with fire",59,7,,false
6,14,0,NONE,"850CoDtA","Risky",33,7,,false
6,15,0,NONE,"3ogxv0PF","Risky",73,2,,false
6,15,0,NONE,"ybJgoITT","Quite likely",18,4,,false
6,15,0,NONE,"nWlvBBCW","Quite likely",30,4,,false
6,15,0,NONE,"iAISkHKU","Hmmm....",45,5,,false
6,15,0,NONE,"pcLLqYXH","Hmmm....",59,5,,false
6,15,0,NONE,"0tjWYnx5","Quite likely",23,6,,true
6,15,0,NONE,"cf4GWuLa","Playing with fire",59,6,,false
6,15,0,NONE,"850CoDtA","Risky",33,6,,false
6,15,0,NONE,"xDRiYWLL","Hmmm....",29,7,,false
6,15,0,NONE,"sZAC5Lrp","Rather detrimental",36,7,,false
6,17,0,NONE,"ybJgoITT","Quite likely",18,2,,false
6,17,0,NONE,"nWlvBBCW","Quite likely",30,2,,false
6,17,0,NONE,"iAISkHKU","Hmmm....",45,3,,false
6,17,0,NONE,"pcLLqYXH","Hmmm....",59,3,,false
6,17,0,NONE,"cf4GWuLa","Playing with fire",59,4,,false
6,17,0,NONE,"850CoDtA","Risky",33,4,,false
6,17,0,NONE,"xDRiYWLL","Hmmm....",29,5,,false
6,17,0,NONE,"sZAC5Lrp","Rather detrimental",36,5,,false
6,17,0,NONE,"T9eQBiRS","Hmmm....",33,6,,false
6,17,0,NONE,"MmUc4Pvi","Sure thing",50,7,,true
6,18,0,NONE,"ybJgoITT","Quite likely",18,1,,false
6,18,0,NONE,"nWlvBBCW","Quite likely",30,1,,true
6,18,0,NONE,"iAISkHKU","Hmmm....",45,2,,false
6,18,0,NONE,"pcLLqYXH","Hmmm....",59,2,,false
6,18,0,NONE,"cf4GWuLa","Playing with fire",59,3,,false
6,18,0,NONE,"850CoDtA","Risky",33,3,,false
6,18,0,NONE,"xDRiYWLL","Hmmm....",29,4,,false
6,18,0,NONE,"sZAC5Lrp","Rather detrimental",36,4,,false
6,18,0,NONE,"T9eQBiRS","Hmmm....",33,5,,false
6,18,0,NONE,"lmWjHO7s","Rather detrimental",40,7,,false
6,19,0,NONE,"iAISkHKU","Hmmm....",45,1,,true
6,19,0,NONE,"pcLLqYXH","Hmmm....",59,1,,false
6,19,0,NONE,"cf4GWuLa","Playing with fire",59,2,,false
6,19,0,NONE,"850CoDtA","Risky",33,2,,false
6,19,0,NONE,"xDRiYWLL","Hmmm....",29,3,,false
6,19,0,NONE,"sZAC5Lrp","Rather detrimental",36,3,,false
6,19,0,NONE,"T9eQBiRS","Hmmm....",33,4,,false
6,19,0,NONE,"lmWjHO7s","Rather detrimental",40,6,,false
6,19,0,NONE,"Deq6JTex","Rather detrimental",129,2,1,false
6,19,0,NONE,"GQTrboFw","Rather detrimental",133,3,1,false
6,20,0,NONE,"cf4GWuLa","Playing with fire",59,1,,true
6,20,0,NONE,"850CoDtA","Risky",33,1,,false
6,20,0,NONE,"xDRiYWLL","Hmmm....",29,2,,false
6,20,0,NONE,"sZAC5Lrp","Rather detrimental",36,2,,false
6,20,0,NONE,"T9eQBiRS","Hmmm....",33,3,,false
6,20,0,NONE,"lmWjHO7s","Rather detrimental",40,5,,false
6,20,0,NONE,"Deq6JTex","Rather detrimental",129,1,1,false
6,20,0,NONE,"GQTrboFw","Rather detrimental",133,2,1,false
6,20,0,NONE,"5BXhUp8B","Quite likely",51,7,,false
6,20,0,NONE,"sXAzUojN","Playing with fire",150,3,1,false
6,22,0,NONE,"T9eQBiRS","Hmmm....",33,1,,false
6,22,0,NONE,"lmWjHO7s","Rather detrimental",40,3,,false
6,22,0,NONE,"5BXhUp8B","Quite likely",51,5,,false
6,22,0,NONE,"sXAzUojN","Playing with fire",150,1,1,false
6,22,0,NONE,"YoWwDz4i","Risky",141,2,1,false
6,22,0,NONE,"T5bRqne1","Walk in the park",59,6,,true
6,22,0,NONE,"OsNumiV2","Suicide mission",124,1,1,false
6,22,0,NONE,"DflowaHV","Suicide mission",118,2,1,false
6,22,0,NONE,"Piseox7i","Suicide mission",139,2,1,false
6,22,0,NONE,"33c0sDUL","Quite likely",119,7,,false
6,23,0,NONE,"lmWjHO7s","Rather detrimental",40,2,,false
6,23,0,NONE,"5BXhUp8B","Quite likely",51,4,,false
6,23,0,NONE,"YoWwDz4i","Risky",141,1,1,false
6,23,0,NONE,"DflowaHV","Suicide mission",118,1,1,false
6,23,0,NONE,"Piseox7i","Suicide mission",139,1,1,false
6,23,0,NONE,"33c0sDUL","Quite likely",119,6,,false
6,23,0,NONE,"6gkL93Sm","Piece of cake",101,7,,false
6,23,0,NONE,"BSaBpBh7","Piece of cake",119,7,,false
6,23,0,NONE,"KXBBWs39","Hmmm....",117,7,,false
6,23,0,NONE,"OXegyQHX","Sure thing",102,7,,true
6,24,0,NONE,"lmWjHO7s","Rather detrimental",40,1,,false
6,24,0,NONE,"5BXhUp8B","Quite likely",51,3,,false
6,24,0,NONE,"33c0sDUL","Quite likely",119,5,,false
6,24,0,NONE,"6gkL93Sm","Piece of cake",101,6,,false
6,24,0,NONE,"BSaBpBh7","Piece of cake",119,6,,false
6,24,0,NONE,"KXBBWs39","Hmmm....",117,6,,false
6,24,0,NONE,"PUjXGovS","Sure thing",51,7,,true
6,24,0,NONE,"Hu0Qjt6W","Quite likely",107,7,,false
6,24,0,NONE,"agcdQa0r","Suicide mission",134,3,1,false
6,24,0,NONE,"olE9KqAf","Rather detrimental",162,2,1,false
6,25,0,NONE,"5BXhUp8B","Quite likely",51,2,,false
6,25,0,NONE,"33c0sDUL","Quite likely",119,4,,false
6,25,0,NONE,"6gkL93Sm","Piece of cake",101,5,,true
6,25,0,NONE,"BSaBpBh7","Piece of cake",119,5,,false
6,25,0,NONE,"KXBBWs39","Hmmm....",117,5,,false
6,25,0,NONE,"Hu0Qjt6W","Quite likely",107,6,,false
6,25,0,NONE,"agcdQa0r","Suicide mission",134,2,1,false
6,25,0,NONE,"olE9KqAf","Rather detrimental",162,1,1,false
6,25,0,NONE,"jgqyVTmn","Suicide mission",139,2,1,false
6,25,0,NONE,"91QNe9sP","Rather detrimental",147,2,1,false
6,26,0,NONE,"5BXhUp8B","Quite likely",51,1,,false
6,26,0,NONE,"33c0sDUL","Quite likely",119,3,,false
6,26,0,NONE,"BSaBpBh7","Piece of cake",119,4,,false
6,26,0,NONE,"KXBBWs39","Hmmm....",117,4,,false
6,26,0,NONE,"Hu0Qjt6W","Quite likely",107,5,,false
6,26,0,NONE,"agcdQa0r","Suicide mission",134,1,1,true
6,26,0,NONE,"jgqyVTmn","Suicide mission",139,1,1,false
6,26,0,NONE,"91QNe9sP","Rather detrimental",147,1,1,false
6,26,0,NONE,"gOLdyxZN","Suicide mission",146,3,1,false
6,26,0,NONE,"IyRkfDd0","Quite likely",89,7,,false
6,27,0,NONE,"33c0sDUL","Quite likely",119,2,,false
6,27,0,NONE,"BSaBpBh7","Piece of cake",119,3,,true
6,27,0,NONE,"KXBBWs39","Hmmm....",117,3,,false
6,27,0,NONE,"Hu0Qjt6W","Quite likely",107,4,,false
6,27,0,NONE,"gOLdyxZN","Suicide mission",146,2,1,false
6,27,0,NONE,"IyRkfDd0","Quite likely",89,6,,false
6,27,0,NONE,"YOngfeol","Walk in the park",108,7,,false
6,27,0,NONE,"n9oKh6Q5","Suicide mission",142,2,1,false
6,27,0,NONE,"ieW97JcB","Suicide mission",166,3,1,false
6,27,0,NONE,"OaEML0aF","Suicide mission",92,2,2,false
6,28,0,NONE,"33c0sDUL","Quite likely",119,1,,false
6,28,0,NONE,"KXBBWs39","Hmmm....",117,2,,false
6,28,0,NONE,"Hu0Qjt6W","Quite likely",107,3,,false
6,28,0,NONE,"gOLdyxZN","Suicide mission",146,1,1,false
6,28,0,NONE,"IyRkfDd0","Quite likely",89,5,,true
6,28,0,NONE,"YOngfeol","Walk in the park",108,6,,false
6,28,0,NONE,"n9oKh6Q5","Suicide mission",142,1,1,false
6,28,0,NONE,"ieW97JcB","Suicide mission",166,2,1,false
6,28,0,NONE,"OaEML0aF","Suicide mission",92,1,2,false
6,28,0,NONE,"Js334rW4","Rather detrimental",152,3,1,false
6,30,0,NONE,"Hu0Qjt6W","Quite likely",107,1,,false
6,30,0,NONE,"YOngfeol","Walk in the park",108,4,,false
6,30,0,NONE,"Js334rW4","Rather detrimental",152,1,1,false
6,30,0,NONE,"zlHFLe7z","Walk in the park",121,6,,false
6,30,0,NONE,"hYSUtJ6I","Gamble",123,2,1,false
6,30,0,NONE,"qpBXxzL2","Suicide mission",130,1,2,false
6,30,0,NONE,"ENZolIj6","Suicide mission",116,2,1,false
6,30,0,NONE,"oYdZugBb","Piece of cake",95,6,,false
6,30,0,NONE,"M0YNrzKr","Piece of cake",106,7,,true
6,30,0,NONE,"hQMKTOHW","Playing with fire",127,2,1,false
6,31,0,NONE,"YOngfeol","Walk in the park",108,3,,false
6,31,0,NONE,"zlHFLe7z","Walk in the park",121,5,,false
6,31,0,NONE,"hYSUtJ6I","Gamble",123,1,1,false
6,31,0,NONE,"ENZolIj6","Suicide mission",116,1,1,false
6,31,0,NONE,"oYdZugBb","Piece of cake",95,5,,false
6,31,0,NONE,"hQMKTOHW","Playing with fire",127,1,1,false
6,31,0,NONE,"evrcBj8P","Rather detrimental",142,3,1,false
6,31,0,NONE,"yt4399nJ","Quite likely",119,2,1,false
6,31,0,NONE,"S80C0VmY","Playing with fire",146,3,1,true
6,31,0,NONE,"Y5AKaTXG","Hmmm....",98,7,,false
6,33,0,NONE,"YOngfeol","Walk in the park",108,1,,true
6,33,0,NONE,"zlHFLe7z","Walk in the park",121,3,,false
6,33,0,NONE,"oYdZugBb","Piece of cake",95,3,,false
6,33,0,NONE,"evrcBj8P","Rather detrimental",142,1,1,false
6,33,0,NONE,"Y5AKaTXG","Hmmm....",98,5,,false
6,33,0,NONE,"xwDCJfxl","Suicide mission",139,1,1,false
6,33,0,NONE,"fS6UMC7h","Suicide mission",147,1,1,false
6,33,0,NONE,"CUyXUnv6","Suicide mission",143,1,1,false
6,33,0,NONE,"abVow2so","Piece of cake",87,6,,false
6,33,0,NONE,"WSUUyJoy","Piece of cake",84,7,,false
6,34,0,NONE,"zlHFLe7z","Walk in the park",121,2,,false
6,34,0,NONE,"oYdZugBb","Piece of cake",95,2,,false
6,34,0,NONE,"Y5AKaTXG","Hmmm....",98,4,,false
6,34,0,NONE,"abVow2so","Piece of cake",87,5,,false
6,34,0,NONE,"WSUUyJoy","Piece of cake",84,6,,true
6,34,0,NONE,"OaOwhcng","Suicide mission",118,2,1,false
6,34,0,NONE,"gjKFmpjE","Suicide mission",138,2,1,false
6,34,0,NONE,"kaVGHhKG","Suicide mission",127,2,1,false
6,34,0,NONE,"CruTft2S","Gamble",105,7,,false
6,34,0,NONE,"M1hzpp4l","Suicide mission",94,7,,false
6,35,0,NONE,"zlHFLe7z","Walk in the park",121,1,,false
6,35,0,NONE,"oYdZugBb","Piece of cake",95,1,,true
6,35,0,NONE,"Y5AKaTXG","Hmmm....",98,3,,false
6,35,0,NONE,"abVow2so","Piece of cake",87,4,,false
6,35,0,NONE,"OaOwhcng","Suicide mission",118,1,1,false
6,35,0,NONE,"gjKFmpjE","Suicide mission",138,1,1,false
6,35,0,NONE,"kaVGHhKG","Suicide mission",127,1,1,false
6,35,0,NONE,"CruTft2S","Gamble",105,6,,false
6,35,0,NONE,"M1hzpp4l","Suicide mission",94,6,,false
6,35,0,NONE,"A5ybAI7D","Sure thing",108,7,,false
6,36,0,NONE,"Y5AKaTXG","Hmmm....",98,2,,false
6,36,0,NONE,"abVow2so","Piece of cake",87,3,,false
6,36,0,NONE,"CruTft2S","Gamble",105,5,,false
6,36,0,NONE,"M1hzpp4l","Suicide mission",94,5,,false
6,36,0,NONE,"A5ybAI7D","Sure thing",108,6,,true
6,36,0,NONE,"WTkUw7hS","Suicide mission",80,7,,false
6,36,0,NONE,"6SHWePyG","Rather detrimental",89,7,,false
6,36,0,NONE,"QHpZnNP0","Hmmm....",98,7,,false
6,36,0,NONE,"1RWyWsoh","Quite likely",97,7,,false
6,36,0,NONE,"5unrjT48","Quite likely",67,7,,false
6,37,0,NONE,"Y5AKaTXG","Hmmm....",98,1,,false
6,37,0,NONE,"abVow2so","Piece of cake",87,2,,false
6,37,0,NONE,"CruTft2S","Gamble",105,4,,false
6,37,0,NONE,"M1hzpp4l","Suicide mission",94,4,,false
6,37,0,NONE,"WTkUw7hS","Suicide mission",80,6,,false
6,37,0,NONE,"6SHWePyG","Rather detrimental",89,6,,false
6,37,0,NONE,"QHpZnNP0","Hmmm....",98,6,,true
6,37,0,NONE,"1RWyWsoh","Quite likely",97,6,,false
6,37,0,NONE,"5unrjT48","Quite likely",67,6,,false
6,37,0,NONE,"YUEvYBMO","Risky",93,7,,false
6,38,0,NONE,"abVow2so","Piece of cake",87,1,,true
6,38,0,NONE,"CruTft2S","Gamble",105,3,,false
6,38,0,NONE,"M1hzpp4l","Suicide mission",94,3,,false
6,38,0,NONE,"WTkUw7hS","Suicide mission",80,5,,false
6,38,0,NONE,"6SHWePyG","Rather detrimental",89,5,,false
6,38,0,NONE,"1RWyWsoh","Quite likely",97,5,,false
6,38,0,NONE,"5unrjT48","Quite likely",67,5,,false
6,38,0,NONE,"YUEvYBMO","Risky",93,6,,false
6,38,0,NONE,"uoViFGMp","Risky",85,7,,false
6,38,0,NONE,"xQoxaxUs","Hmmm....",79,7,,false
6,39,0,NONE,"CruTft2S","Gamble",105,2,,false
6,39,0,NONE,"M1hzpp4l","Suicide mission",94,2,,false
6,39,0,NONE,"WTkUw7hS","Suicide mission",80,4,,false
6,39,0,NONE,"6SHWePyG","Rather detrimental",89,4,,false
6,39,0,NONE,"1RWyWsoh","Quite likely",97,4,,true
6,39,0,NONE,"5unrjT48","Quite likely",67,4,,false
6,39,0,NONE,"YUEvYBMO","Risky",93,5,,false
6,39,0,NONE,"uoViFGMp","Risky",85,6,,false
6,39,0,NONE,"xQoxaxUs","Hmmm....",79,6,,false
6,39,0,NONE,"7BchVRCh","Gamble",80,7,,false
6,41,0,NONE,"WTkUw7hS","Suicide mission",80,2,,false
6,41,0,NONE,"6SHWePyG","Rather detrimental",89,2,,false
6,41,0,NONE,"5unrjT48","Quite likely",67,2,,false
6,41,0,NONE,"YUEvYBMO","Risky",93,3,,false
6,41,0,NONE,"uoViFGMp","Risky",85,4,,false
6,41,0,NONE,"xQoxaxUs","Hmmm....",79,4,,false
6,41,0,NONE,"7BchVRCh","Gamble",80,5,,false
6,41,0,NONE,"ejW6bwTa","Walk in the park",86,6,,true
6,41,0,NONE,"D3fcyBQa","Suicide mission",97,7,,false
6,41,0,NONE,"dIRUzuxC","Risky",72,7,,false
6,42,0,NONE,"WTkUw7hS","Suicide mission",80,1,,true
6,42,0,NONE,"6SHWePyG","Rather detrimental",89,1,,false
6,42,0,NONE,"5unrjT48","Quite likely",67,1,,false
6,42,0,NONE,"YUEvYBMO","Risky",93,2,,false
6,42,0,NONE,"uoViFGMp","Risky",85,3,,false
6,42,0,NONE,"xQoxaxUs","Hmmm....",79,3,,false
6,42,0,NONE,"7BchVRCh","Gamble",80,4,,false
6,42,0,NONE,"D3fcyBQa","Suicide mission",97,6,,false
6,42,0,NONE,"dIRUzuxC","Risky",72,6,,false
6,42,0,NONE,"61AGkKBd","Risky",93,7,,false
6,44,0,NONE,"uoViFGMp","Risky",85,1,,false
6,44,0,NONE,"xQoxaxUs","Hmmm....",79,1,,false
6,44,0,NONE,"7BchVRCh","Gamble",80,2,,false
6,44,0,NONE,"D3fcyBQa","Suicide mission",97,4,,false
6,44,0,NONE,"dIRUzuxC","Risky",72,4,,false
6,44,0,NONE,"61AGkKBd","Risky",93,5,,true
6,44,0,NONE,"mVyblfS8","Playing with fire",72,6,,false
6,44,0,NONE,"yMVfTlls","Walk in the park",84,6,,false
6,44,0,NONE,"05msQbrw","Gamble",91,6,,false
6,44,0,NONE,"cJjaMTl7","Suicide mission",71,7,,false
6,46,0,NONE,"D3fcyBQa","Suicide mission",97,2,,false
6,46,0,NONE,"dIRUzuxC","Risky",72,2,,false
6,46,0,NONE,"mVyblfS8","Playing with fire",72,4,,false
6,46,0,NONE,"yMVfTlls","Walk in the park",84,4,,false
6,46,0,NONE,"05msQbrw","Gamble",91,4,,false
6,46,0,NONE,"cJjaMTl7","Suicide mission",71,5,,false
6,46,0,NONE,"iUNmxpF1","Gamble",84,6,,false
6,46,0,NONE,"ILuTrvqG","Walk in the park",94,6,,true
6,46,0,NONE,"p1U7a4WZ","Suicide mission",76,6,,false
6,46,0,NONE,"zLNs3i5N","Suicide mission",78,7,,false
6,47,0,NONE,"D3fcyBQa","Suicide mission",97,1,,false
6,47,0,NONE,"dIRUzuxC","Risky",72,1,,true
6,47,0,NONE,"mVyblfS8","Playing with fire",72,3,,false
6,47,0,NONE,"yMVfTlls","Walk in the park",84,3,,false
6,47,0,NONE,"05msQbrw","Gamble",91,3,,false
6,47,0,NONE,"cJjaMTl7","Suicide mission",71,4,,false
6,47,0,NONE,"iUNmxpF1","Gamble",84,5,,false
6,47,0,NONE,"p1U7a4WZ","Suicide mission",76,5,,false
6,47,0,NONE,"zLNs3i5N","Suicide mission",78,6,,false
6,47,0,NONE,"MfuIG2Qm","Risky",70,7,,false
6,49,0,NONE,"mVyblfS8","Playing with fire",72,1,,false
6,49,0,NONE,"yMVfTlls","Walk in the park",84,1,,false
6,49,0,NONE,"05msQbrw","Gamble",91,1,,true
6,49,0,NONE,"cJjaMTl7","Suicide mission",71,2,,false
6,49,0,NONE,"iUNmxpF1","Gamble",84,3,,false
6,49,0,NONE,"p1U7a4WZ","Suicide mission",76,3,,false
6,49,0,NONE,"zLNs3i5N","Suicide mission",78,4,,false
6,49,0,NONE,"MfuIG2Qm","Risky",70,5,,false
6,49,0,NONE,"mpARbWJE","Hmmm....",75,6,,false
6,49,0,NONE,"fZEwCyzz","Rather detrimental",72,6,,false
7,0,0,NONE,"z4xUPSnO","Piece of cake",53,7,,false
7,0,0,NONE,"nAz97Nhq","Walk in the park",17,7,,false
7,0,0,NONE,"yCP7sXbU","Piece of cake",30,7,,false
7,0,0,NONE,"KGncmkeC","Piece of cake",9,7,,true
7,0,0,NONE,"uOZxI5Bt","Gamble",15,7,,false
7,0,0,NONE,"mkLkYsCy","Piece of cake",36,7,,false
7,0,0,NONE,"AeerUz0s","Hmmm....",36,7,,false
7,0,0,NONE,"8ZPUnhSw","Quite likely",9,7,,false
7,0,0,NONE,"97FBG9h8","Gamble",25,7,,false
7,0,0,NONE,"Pj499y2E","Piece of cake",8,7,,false
7,1,0,NONE,"z4xUPSnO","Piece of cake",53,6,,false
7,1,0,NONE,"nAz97Nhq","Walk in the park",17,6,,false
7,1,0,NONE,"yCP7sXbU","Piece of cake",30,6,,false
7,1,0,NONE,"uOZxI5Bt","Gamble",15,6,,false
7,1,0,NONE,"mkLkYsCy","Piece of cake",36,6,,false
7,1,0,NONE,"AeerUz0s","Hmmm....",36,6,,false
7,1,0,NONE,"8ZPUnhSw","Quite likely",9,6,,false
7,1,0,NONE,"97FBG9h8","Gamble",25,6,,false
7,1,0,NONE,"Pj499y2E","Piece of cake",8,6,,true
7,1,0,NONE,"YPAVRGY3","Piece of cake",26,7,,false
7,2,0,NONE,"z4xUPSnO","Piece of cake",53,5,,false
7,2,0,NONE,"nAz97Nhq","Walk in the park",17,5,,false
7,2,0,NONE,"yCP7sXbU","Piece of cake",30,5,,false
7,2,0,NONE,"uOZxI5Bt","Gamble",15,5,,false
7,2,0,NONE,"mkLkYsCy","Piece of cake",36,5,,false
7,2,0,NONE,"AeerUz0s","Hmmm....",36,5,,false
7,2,0,NONE,"8ZPUnhSw","Quite likely",9,5,,false
7,2,0,NONE,"97FBG9h8","Gamble",25,5,,false
7,2,0,NONE,"YPAVRGY3","Piece of cake",26,6,,true
7,2,0,NONE,"BWcq1V2t","Walk in the park",34,7,,false
7,3,0,NONE,"z4xUPSnO","Piece of cake",53,4,,false
7,3,0,NONE,"nAz97Nhq","Walk in the park",17,4,,false
7,3,0,NONE,"yCP7sXbU","Piece of cake",30,4,,false
7,3,0,NONE,"uOZxI5Bt","Gamble",15,4,,false
7,3,0,NONE,"mkLkYsCy","Piece of cake",36,4,,false
7,3,0,NONE,"AeerUz0s","Hmmm....",36,4,,false
7,3,0,NONE,"8ZPUnhSw","Quite likely",9,4,,false
7,3,0,NONE,"97FBG9h8","Gamble",25,4,,false
7,3,0,NONE,"BWcq1V2t","Walk in the park",34,6,,false
7,3,0,NONE,"GCPzuarM","Piece of cake",7,7,,true
7,4,0,NONE,"z4xUPSnO","Piece of cake",53,3,,false
7,4,0,NONE,"nAz97Nhq","Walk in the park",17,3,,false
7,4,0,NONE,"yCP7sXbU","Piece of cake",30,3,,false
7,4,0,NONE,"uOZxI5Bt","Gamble",15,3,,false
7,4,0,NONE,"mkLkYsCy","Piece of cake",36,3,,true
7,4,0,NONE,"AeerUz0s","Hmmm....",36,3,,false
7,4,0,NONE,"8ZPUnhSw","Quite likely",9,3,,false
7,4,0,NONE,"97FBG9h8","Gamble",25,3,,false
7,4,0,NONE,"BWcq1V2t","Walk in the park",34,5,,false
7,4,0,NONE,"KKCYhzcG","Quite likely",21,7,,false
7,5,0,NONE,"z4xUPSnO","Piece of cake",53,2,,false
7,5,0,NONE,"nAz97Nhq","Walk in the park",17,2,,false
7,5,0,NONE,"yCP7sXbU","Piece of cake",30,2,,false
7,5,0,NONE,"uOZxI5Bt","Gamble",15,2,,false
7,5,0,NONE,"AeerUz0s","Hmmm....",36,2,,false
7,5,0,NONE,"8ZPUnhSw","Quite likely",9,2,,false
7,5,0,NONE,"97FBG9h8","Gamble",25,2,,false
7,5,0,NONE,"BWcq1V2t","Walk in the park",34,4,,false
7,5,0,NONE,"KKCYhzcG","Quite likely",21,6,,false
7,5,0,NONE,"yAA3TJT4","Piece of cake",69,7,,true
7,6,0,NONE,"z4xUPSnO","Piece of cake",53,1,,false
7,6,0,NONE,"nAz97Nhq","Walk in the park",17,1,,false
7,6,0,NONE,"yCP7sXbU","Piece of cake",30,1,,false
7,6,0,NONE,"uOZxI5Bt","Gamble",15,1,,false
7,6,0,NONE,"AeerUz0s","Hmmm....",36,1,,false
7,6,0,NONE,"8ZPUnhSw","Quite likely",9,1,,false
7,6,0,NONE,"97FBG9h8","Gamble",25,1,,false
7,6,0,NONE,"BWcq1V2t","Walk in the park",34,3,,false
7,6,0,NONE,"KKCYhzcG","Quite likely",21,5,,true
7,6,0,NONE,"iSbVguf3","Walk in the park",35,7,,false
7,7,0,NONE,"BWcq1V2t","Walk in the park",34,2,,false
7,7,0,NONE,"iSbVguf3","Walk in the park",35,6,,false
7,7,0,NONE,"8vlGTusp","Walk in the park",26,7,,false
7,7,0,NONE,"sK3TDsCu","Walk in the park",14,7,,false
7,7,0,NONE,"9ktbg98J","Risky",27,7,,false
7,7,0,NONE,"6o52A6Hl","Piece of cake",30,7,,false
7,7,0,NONE,"1ezmEwNG","Piece of cake",60,7,,true
7,7,0,NONE,"CCWhJ14k","Quite likely",27,7,,false
7,7,0,NONE,"9CmWm0LQ","Walk in the park",31,7,,false
7,7,0,NONE,"zVhzF4Xt","Piece of cake",26,7,,false
7,8,0,NONE,"BWcq1V2t","Walk in the park",34,1,,true
7,8,0,NONE,"iSbVguf3","Walk in the park",35,5,,false
7,8,0,NONE,"8vlGTusp","Walk in the park",26,6,,false
7,8,0,NONE,"sK3TDsCu","Walk in the park",14,6,,false
7,8,0,NONE,"9ktbg98J","Risky",27,6,,false
7,8,0,NONE,"6o52A6Hl","Piece of cake",30,6,,false
7,8,0,NONE,"CCWhJ14k","Quite likely",27,6,,false
7,8,0,NONE,"9CmWm0LQ","Walk in the park",31,6,,false
7,8,0,NONE,"zVhzF4Xt","Piece of cake",26,6,,false
7,8,0,NONE,"deq57lCg","Quite likely",20,7,,false
7,9,0,NONE,"iSbVguf3","Walk in the park",35,4,,false
7,9,0,NONE,"8vlGTusp","Walk in the park",26,5,,false
7,9,0,NONE,"sK3TDsCu","Walk in the park",14,5,,false
7,9,0,NONE,"9ktbg98J","Risky",27,5,,false
7,9,0,NONE,"6o52A6Hl","Piece of cake",30,5,,false
7,9,0,NONE,"CCWhJ14k","Quite likely",27,5,,false
7,9,0,NONE,"9CmWm0LQ","Walk in the park",31,5,,false
7,9,0,NONE,"zVhzF4Xt","Piece of cake",26,5,,false
7,9,0,NONE,"deq57lCg","Quite likely",20,6,,false
7,9,0,NONE,"OIWMPWoH","Sure thing",57,7,,true
7,10,0,NONE,"iSbVguf3","Walk in the park",35,3,,false
7,10,0,NONE,"8vlGTusp","Walk in the park",26,4,,false
7,10,0,NONE,"sK3TDsCu","Walk in the park",14,4,,false
7,10,0,NONE,"9ktbg98J","Risky",27,4,,false
7,10,0,NONE,"6o52A6Hl","Piece of cake",30,4,,true
7,10,0,NONE,"CCWhJ14k","Quite likely",27,4,,false
7,10,0,NONE,"9CmWm0LQ","Walk in the park",31,4,,false
7,10,0,NONE,"zVhzF4Xt","Piece of cake",26,4,,false
7,10,0,NONE,"deq57lCg","Quite likely",20,5,,false
7,10,0,NONE,"i2HOTMUX","Risky",42,7,,false
7,11,0,NONE,"iSbVguf3","Walk in the park",35,2,,false
7,11,0,NONE,"8vlGTusp","Walk in the park",26,3,,false
7,11,0,NONE,"sK3TDsCu","Walk in the park",14,3,,false
7,11,0,NONE,"9ktbg98J","Risky",27,3,,false
7,11,0,NONE,"CCWhJ14k","Quite likely",27,3,,false
7,11,0,NONE,"9CmWm0LQ","Walk in the park",31,3,,false
7,11,0,NONE,"zVhzF4Xt","Piece of cake",26,3,,false
7,11,0,NONE,"deq57lCg","Quite likely",20,4,,false
7,11,0,NONE,"i2HOTMUX","Risky",42,6,,false
7,11,0,NONE,"4r6TLIAc","Piece of cake",44,7,,true
7,12,0,NONE,"iSbVguf3","Walk in the park",35,1,,false
7,12,0,NONE,"8vlGTusp","Walk in the park",26,2,,false
7,12,0,NONE,"sK3TDsCu","Walk in the park",14,2,,false
7,12,0,NONE,"9ktbg98J","Risky",27,2,,false
7,12,0,NONE,"CCWhJ14k","Quite likely",27,2,,false
7,12,0,NONE,"9CmWm0LQ","Walk in the park",31,2,,false
7,12,0,NONE,"zVhzF4Xt","Piece of cake",26,2,,false
7,12,0,NONE,"deq57lCg","Quite likely",20,3,,false
7,12,0,NONE,"i2HOTMUX","Risky",42,5,,false
7,12,0,NONE,"nz0mlmlM","Piece of cake",32,7,,true
7,13,0,NONE,"8vlGTusp","Walk in the park",26,1,,false
7,13,0,NONE,"sK3TDsCu","Walk in the park",14,1,,false
7,13,0,NONE,"9ktbg98J","Risky",27,1,,false
7,13,0,NONE,"CCWhJ14k","Quite likely",27,1,,false
7,13,0,NONE,"9CmWm0LQ","Walk in the park",31,1,,false
7,13,0,NONE,"zVhzF4Xt","Piece of cake",26,1,,false
7,13,0,NONE,"deq57lCg","Quite likely",20,2,,false
7,13,0,NONE,"i2HOTMUX","Risky",42,4,,true
7,13,0,NONE,"UHQRhuVy","Gamble",26,7,,false
7,13,0,NONE,"RpHliTv0","Rather detrimental",33,7,,false
7,14,0,NONE,"deq57lCg","Quite likely",20,1,,true
7,14,0,NONE,"UHQRhuVy","Gamble",26,6,,false
7,14,0,NONE,"RpHliTv0","Rather detrimental",33,6,,false
7,14,0,NONE,"2PbPy3k5","Sure thing",48,7,,false
7,14,0,NONE,"DsLi9X31","Gamble",24,7,,false
7,14,0,NONE,"9nJl7Vov","Walk in the park",34,7,,false
7,14,0,NONE,"zbZE6ooh","Gamble",27,7,,false
7,14,0,NONE,"AQS5hbA0","Piece of cake",56,7,,false
7,14,0,NONE,"mGd2j1vr","Sure thing",54,7,,false
7,14,0,NONE,"cHLalMXx","Quite likely",59,7,,false
7,15,0,NONE,"UHQRhuVy","Gamble",26,5,,false
7,15,0,NONE,"RpHliTv0","Rather detrimental",33,5,,false
7,15,0,NONE,"2PbPy3k5","Sure thing",48,6,,true
7,15,0,NONE,"DsLi9X31","Gamble",24,6,,false
7,15,0,NONE,"9nJl7Vov","Walk in the park",34,6,,false
7,15,0,NONE,"zbZE6ooh","Gamble",27,6,,false
7,15,0,NONE,"AQS5hbA0","Piece of cake",56,6,,false
7,15,0,NONE,"mGd2j1vr","Sure thing",54,6,,false
7,15,0,NONE,"cHLalMXx","Quite likely",59,6,,false
7,15,0,NONE,"Ot2qwxjg","Sure thing",64,7,,false
7,16,0,NONE,"UHQRhuVy","Gamble",26,4,,false
7,16,0,NONE,"RpHliTv0","Rather detrimental",33,4,,false
7,16,0,NONE,"DsLi9X31","Gamble",24,5,,false
7,16,0,NONE,"9nJl7Vov","Walk in the park",34,5,,false
7,16,0,NONE,"zbZE6ooh","Gamble",27,5,,false
7,16,0,NONE,"AQS5hbA0","Piece of cake",56,5,,false
7,16,0,NONE,"mGd2j1vr","Sure thing",54,5,,false
7,16,0,NONE,"cHLalMXx","Quite likely",59,5,,false
7,16,0,NONE,"Ot2qwxjg","Sure thing",64,6,,true
7,16,0,NONE,"rS8KlrVY","Sure thing",58,7,,false
7,17,0,NONE,"UHQRhuVy","Gamble",26,3,,false
7,17,0,NONE,"RpHliTv0","Rather detrimental",33,3,,false
7,17,0,NONE,"DsLi9X31","Gamble",24,4,,false
7,17,0,NONE,"9nJl7Vov","Walk in the park",34,4,,false
7,17,0,NONE,"zbZE6ooh","Gamble",27,4,,false
7,17,0,NONE,"AQS5hbA0","Piece of cake",56,4,,false
7,17,0,NONE,"mGd2j1vr","Sure thing",54,4,,true
7,17,0,NONE,"cHLalMXx","Quite likely",59,4,,false
7,17,0,NONE,"rS8KlrVY","Sure thing",58,6,,false
7,17,0,NONE,"b6addKUv","Suicide mission",131,3,1,false
7,18,0,NONE,"UHQRhuVy","Gamble",26,2,,false
7,18,0,NONE,"RpHliTv0","Rather detrimental",33,2,,false
7,18,0,NONE,"DsLi9X31","Gamble",24,3,,false
7,18,0,NONE,"9nJl7Vov","Walk in the park",34,3,,false
7,18,0,NONE,"zbZE6ooh","Gamble",27,3,,false
7,18,0,NONE,"AQS5hbA0","Piece of cake",56,3,,false
7,18,0,NONE,"cHLalMXx","Quite likely",59,3,,false
7,18,0,NONE,"rS8KlrVY","Sure thing",58,5,,true
7,18,0,NONE,"b6addKUv","Suicide mission",131,2,1,false
7,18,0,NONE,"MClqD5B6","Risky",118,3,1,false
7,19,0,NONE,"UHQRhuVy","Gamble",26,1,,false
7,19,0,NONE,"RpHliTv0","Rather detrimental",33,1,,false
7,19,0,NONE,"DsLi9X31","Gamble",24,2,,false
7,19,0,NONE,"9nJl7Vov","Walk in the park",34,2,,false
7,19,0,NONE,"zbZE6ooh","Gamble",27,2,,false
7,19,0,NONE,"AQS5hbA0","Piece of cake",56,2,,true
7,19,0,NONE,"cHLalMXx","Quite likely",59,2,,false
7,19,0,NONE,"b6addKUv","Suicide mission",131,1,1,false
7,19,0,NONE,"MClqD5B6","Risky",118,2,1,false
7,19,0,NONE,"6qYV1hUA","Walk in the park",75,7,,false
7,20,0,NONE,"DsLi9X31","Gamble",24,1,,false
7,20,0,NONE,"9nJl7Vov","Walk in the park",34,1,,false
7,20,0,NONE,"zbZE6ooh","Gamble",27,1,,false
7,20,0,NONE,"cHLalMXx","Quite likely",59,1,,false
7,20,0,NONE,"MClqD5B6","Risky",118,1,1,false
7,20,0,NONE,"6qYV1hUA","Walk in the park",75,6,,false
7,20,0,NONE,"GGZHtd3q","Playing with fire",126,2,1,false
7,20,0,NONE,"rkJRYcry","Sure thing",184,7,,false
7,20,0,NONE,"TpOufos4","Risky",173,3,1,true
7,20,0,NONE,"ZFN3F4Gd","Suicide mission",128,2,1,false
7,22,0,NONE,"6qYV1hUA","Walk in the park",75,4,,false
7,22,0,NONE,"rkJRYcry","Sure thing",184,5,,false
7,22,0,NONE,"dHyxCmr0","Sure thing",105,6,,false
7,22,0,NONE,"dmNqvalA","Playing with fire",152,1,1,false
7,22,0,NONE,"mmdSHfai","Risky",143,1,1,false
7,22,0,NONE,"m0WT0Fyu","Suicide mission",147,1,1,false
7,22,0,NONE,"dTLTkrmJ","Risky",62,6,,true
7,22,0,NONE,"RplXgkal","Playing with fire",144,2,1,false
7,22,0,NONE,"u9cqOnRO","Hmmm....",46,7,,false
7,22,0,NONE,"7vA1uip4","Suicide mission",131,2,1,false
7,24,0,NONE,"6qYV1hUA","Walk in the park",75,2,,false
7,24,0,NONE,"rkJRYcry","Sure thing",184,3,,false
7,24,0,NONE,"dHyxCmr0","Sure thing",105,4,,true
7,24,0,NONE,"u9cqOnRO","Hmmm....",46,5,,false
7,24,0,NONE,"LhVNBlkA","Rather detrimental",132,1,1,false
7,24,0,NONE,"d3PymlJo","Rather detrimental",121,2,1,false
7,24,0,NONE,"Wq1k1cGA","Walk in the park",194,6,,false
7,24,0,NONE,"XydXmWPy","Risky",81,6,,false
7,24,0,NONE,"jRoVl44U","Hmmm....",80,7,,false
7,24,0,NONE,"yQc7reMU","Suicide mission",151,3,1,false
7,25,0,NONE,"6qYV1hUA","Walk in the park",75,1,,true
7,25,0,NONE,"rkJRYcry","Sure thing",184,2,,false
7,25,0,NONE,"u9cqOnRO","Hmmm....",46,4,,false
7,25,0,NONE,"d3PymlJo","Rather detrimental",121,1,1,false
7,25,0,NONE,"Wq1k1cGA","Walk in the park",194,5,,false
7,25,0,NONE,"XydXmWPy","Risky",81,5,,false
7,25,0,NONE,"jRoVl44U","Hmmm....",80,6,,false
7,25,0,NONE,"yQc7reMU","Suicide mission",151,2,1,false
7,25,0,NONE,"CYcagn5o","Walk in the park",145,7,,false
7,25,0,NONE,"0PwCmCDt","Piece of cake",105,7,,false
7,27,0,NONE,"u9cqOnRO","Hmmm....",46,2,,false
7,27,0,NONE,"Wq1k1cGA","Walk in the park",194,3,,false
7,27,0,NONE,"XydXmWPy","Risky",81,3,,false
7,27,0,NONE,"jRoVl44U","Hmmm....",80,4,,false
7,27,0,NONE,"CYcagn5o","Walk in the park",145,5,,false
7,27,0,NONE,"0PwCmCDt","Piece of cake",105,5,,false
7,27,0,NONE,"iv6SUb7L","Suicide mission",147,1,1,false
7,27,0,NONE,"W1UkWJot","Piece of cake",93,6,,false
7,27,0,NONE,"EsZWNWL9","Risky",137,3,1,false
7,27,0,NONE,"0yPIx65N","Sure thing",157,7,,true
7,29,0,NONE,"Wq1k1cGA","Walk in the park",194,1,,true
7,29,0,NONE,"XydXmWPy","Risky",81,1,,false
7,29,0,NONE,"jRoVl44U","Hmmm....",80,2,,false
7,29,0,NONE,"CYcagn5o","Walk in the park",145,3,,false
7,29,0,NONE,"0PwCmCDt","Piece of cake",105,3,,false
7,29,0,NONE,"W1UkWJot","Piece of cake",93,4,,false
7,29,0,NONE,"EsZWNWL9","Risky",137,1,1,false
7,29,0,NONE,"JJRwZQzZ","Quite likely",102,6,,false
7,29,0,NONE,"KjZbGDnK","Suicide mission",95,1,2,false
7,29,0,NONE,"Fj0NMFOK","Playing with fire",137,3,1,false
7,31,0,NONE,"CYcagn5o","Walk in the park",145,1,,true
7,31,0,NONE,"0PwCmCDt","Piece of cake",105,1,,false
7,31,0,NONE,"W1UkWJot","Piece of cake",93,2,,false
7,31,0,NONE,"JJRwZQzZ","Quite likely",102,4,,false
7,31,0,NONE,"Fj0NMFOK","Playing with fire",137,1,1,false
7,31,0,NONE,"OOpeBeNH","Suicide mission",132,1,1,false
7,31,0,NONE,"QySbGOgO","Walk in the park",140,1,1,false
7,31,0,NONE,"nuruohCz","Walk in the park",109,6,,false
7,31,0,NONE,"plr1Ji1k","Suicide mission",118,1,1,false
7,31,0,NONE,"lS4GNnPD","Risky",74,7,,false
7,33,0,NONE,"JJRwZQzZ","Quite likely",102,2,,false
7,33,0,NONE,"nuruohCz","Walk in the park",109,4,,false
7,33,0,NONE,"lS4GNnPD","Risky",74,5,,false
7,33,0,NONE,"4MO3P9qw","Suicide mission",142,2,1,false
7,33,0,NONE,"4qR7F0B7","Piece of cake",141,6,,false
7,33,0,NONE,"oFtPMrFV","Suicide mission",122,2,1,false
7,33,0,NONE,"iNDv1eZp","Quite likely",67,6,,false
7,33,0,NONE,"wDBkWmr0","Piece of cake",99,6,,false
7,33,0,NONE,"Q9BVhmYK","Risky",127,2,1,false
7,33,0,NONE,"eRAMCVP0","Sure thing",158,7,,true
7,35,0,NONE,"nuruohCz","Walk in the park",109,2,,false
7,35,0,NONE,"lS4GNnPD","Risky",74,3,,false
7,35,0,NONE,"4qR7F0B7","Piece of cake",141,4,,false
7,35,0,NONE,"iNDv1eZp","Quite likely",67,4,,false
7,35,0,NONE,"wDBkWmr0","Piece of cake",99,4,,false
7,35,0,NONE,"acsrdTWQ","Risky",144,1,1,true
7,35,0,NONE,"KOYnCszJ","Risky",102,7,,false
7,35,0,NONE,"NE10SWtI","Walk in the park",104,7,,false
7,35,0,NONE,"b7XbXHhN","Sure thing",148,7,,false
7,35,0,NONE,"1rKncXhT","Sure thing",176,7,,false
7,36,0,NONE,"nuruohCz","Walk in the park",109,1,,false
7,36,0,NONE,"lS4GNnPD","Risky",74,2,,false
7,36,0,NONE,"4qR7F0B7","Piece of cake",141,3,,false
7,36,0,NONE,"iNDv1eZp","Quite likely",67,3,,false
7,36,0,NONE,"wDBkWmr0","Piece of cake",99,3,,false
7,36,0,NONE,"KOYnCszJ","Risky",102,6,,false
7,36,0,NONE,"NE10SWtI","Walk in the park",104,6,,true
7,36,0,NONE,"b7XbXHhN","Sure thing",148,6,,false
7,36,0,NONE,"1rKncXhT","Sure thing",176,6,,false
7,36,0,NONE,"Fdnei1AZ","Rather detrimental",86,7,,false
7,38,0,NONE,"4qR7F0B7","Piece of cake",141,1,,false
7,38,0,NONE,"iNDv1eZp","Quite likely",67,1,,false
7,38,0,NONE,"wDBkWmr0","Piece of cake",99,1,,false
7,38,0,NONE,"KOYnCszJ","Risky",102,4,,false
7,38,0,NONE,"b7XbXHhN","Sure thing",148,4,,false
7,38,0,NONE,"1rKncXhT","Sure thing",176,4,,false
7,38,0,NONE,"Fdnei1AZ","Rather detrimental",86,5,,false
7,38,0,NONE,"T9INAEqZ","Piece of cake",179,6,,false
7,38,0,NONE,"gjGfY2J7","Playing with fire",94,6,,false
7,38,0,NONE,"DpDulKrS","Piece of cake",162,7,,true
7,40,0,NONE,"KOYnCszJ","Risky",102,2,,false
7,40,0,NONE,"b7XbXHhN","Sure thing",148,2,,false
7,40,0,NONE,"1rKncXhT","Sure thing",176,2,,true
7,40,0,NONE,"Fdnei1AZ","Rather detrimental",86,3,,false
7,40,0,NONE,"T9INAEqZ","Piece of cake",179,4,,false
7,40,0,NONE,"gjGfY2J7","Playing with fire",94,4,,false
7,40,0,NONE,"wPRSePmf","Rather detrimental",87,6,,false
7,40,0,NONE,"LfcN18A1","Risky",81,6,,false
7,40,0,NONE,"nErYhISa","Sure thing",104,6,,false
7,40,0,NONE,"zYh41HVb","Piece of cake",75,6,,false
7,42,0,NONE,"Fdnei1AZ","Rather detrimental",86,1,,true
7,42,0,NONE,"T9INAEqZ","Piece of cake",179,2,,false
7,42,0,NONE,"gjGfY2J7","Playing with fire",94,2,,false
7,42,0,NONE,"wPRSePmf","Rather detrimental",87,4,,false
7,42,0,NONE,"LfcN18A1","Risky",81,4,,false
7,42,0,NONE,"nErYhISa","Sure thing",104,4,,false
7,42,0,NONE,"zYh41HVb","Piece of cake",75,4,,false
7,42,0,NONE,"x53ZV2mh","Rather detrimental",76,6,,false
7,42,0,NONE,"hgNNnt1l","Hmmm....",83,7,,false
7,42,0,NONE,"wSlSmtBq","Piece of cake",148,7,,false
7,44,0,NONE,"wPRSePmf","Rather detrimental",87,2,,false
7,44,0,NONE,"LfcN18A1","Risky",81,2,,false
7,44,0,NONE,"nErYhISa","Sure thing",104,2,,true
7,44,0,NONE,"zYh41HVb","Piece of cake",75,2,,false
7,44,0,NONE,"x53ZV2mh","Rather detrimental",76,4,,false
7,44,0,NONE,"hgNNnt1l","Hmmm....",83,5,,false
7,44,0,NONE,"wSlSmtBq","Piece of cake",148,5,,false
7,44,0,NONE,"ZohJrUAH","Piece of cake",136,6,,false
7,44,0,NONE,"dqMVMZX9","Risky",75,7,,false
7,44,0,NONE,"SKH3PCkm","Suicide mission",91,7,,false
7,45,0,NONE,"wPRSePmf","Rather detrimental",87,1,,true
7,45,0,NONE,"LfcN18A1","Risky",81,1,,false
7,45,0,NONE,"zYh41HVb","Piece of cake",75,1,,false
7,45,0,NONE,"x53ZV2mh","Rather detrimental",76,3,,false
7,45,0,NONE,"hgNNnt1l","Hmmm....",83,4,,false
7,45,0,NONE,"wSlSmtBq","Piece of cake",148,4,,false
7,45,0,NONE,"ZohJrUAH","Piece of cake",136,5,,false
7,45,0,NONE,"dqMVMZX9","Risky",75,6,,false
7,45,0,NONE,"SKH3PCkm","Suicide mission",91,6,,false
7,45,0,NONE,"vF1s5li4","Piece of cake",167,7,,false
7,47,0,NONE,"x53ZV2mh","Rather detrimental",76,1,,false
7,47,0,NONE,"hgNNnt1l","Hmmm....",83,2,,false
7,47,0,NONE,"wSlSmtBq","Piece of cake",148,2,,false
7,47,0,NONE,"ZohJrUAH","Piece of cake",136,3,,false
7,47,0,NONE,"dqMVMZX9","Risky",75,4,,false
7,47,0,NONE,"SKH3PCkm","Suicide mission",91,4,,false
7,47,0,NONE,"vF1s5li4","Piece of cake",167,5,,false
7,47,0,NONE,"FMzvFiNf","Piece of cake",162,6,,false
7,47,0,NONE,"GPX7Pndd","Quite likely",71,6,,false
7,47,0,NONE,"EfrsH5XJ","Piece of cake",167,6,,true
7,49,0,NONE,"ZohJrUAH","Piece of cake",136,1,,false
7,49,0,NONE,"dqMVMZX9","Risky",75,2,,false
7,49,0,NONE,"SKH3PCkm","Suicide mission",91,2,,false
7,49,0,NONE,"vF1s5li4","Piece of cake",167,3,,false
7,49,0,NONE,"FMzvFiNf","Piece of cake",162,4,,true
7,49,0,NONE,"GPX7Pndd","Quite likely",71,4,,false
7,49,0,NONE,"GqE05zRN","Quite likely",73,6,,false
7,49,0,NONE,"skijaxPV","Quite likely",62,6,,false
7,49,0,NONE,"iXxLfcpw","Hmmm....",50,7,,false
7,49,0,NONE,"TuqJecdN","Suicide mission",65,7,,false
8,0,0,NONE,"K7aLmOhq","Rather detrimental",34,7,,false
8,0,0,NONE,"iLjnswRq","Piece of cake",12,7,,false
8,0,0,NONE,"lPTbjbzM","Piece of cake",14,7,,false
8,0,0,NONE,"cvXtrHti","Hmmm....",29,7,,false
8,0,0,NONE,"yLNg6dVz","Walk in the park",54,7,,false
8,0,0,NONE,"LUPdOdTu","Piece of cake",21,7,,false
8,0,0,NONE,"CCAXjX84","Piece of cake",68,7,,true
8,0,0,NONE,"w3D6C8P2","Hmmm....",39,7,,false
8,0,0,NONE,"gUlgTq6f","Piece of cake",13,7,,false
8,0,0,NONE,"WJ2wgnjB","Quite likely",10,7,,false
8,1,0,NONE,"K7aLmOhq","Rather detrimental",34,6,,false
8,1,0,NONE,"iLjnswRq","Piece of cake",12,6,,false
8,1,0,NONE,"lPTbjbzM","Piece of cake",14,6,,false
8,1,0,NONE,"cvXtrHti","Hmmm....",29,6,,false
8,1,0,NONE,"yLNg6dVz","Walk in the park",54,6,,false
8,1,0,NONE,"LUPdOdTu","Piece of cake",21,6,,true
8,1,0,NONE,"w3D6C8P2","Hmmm....",39,6,,false
8,1,0,NONE,"gUlgTq6f","Piece of cake",13,6,,false
8,1,0,NONE,"WJ2wgnjB","Quite likely",10,6,,false
8,1,0,NONE,"e6dDoJIY","Walk in the park",18,7,,false
8,2,0,NONE,"K7aLmOhq","Rather detrimental",34,5,,false
8,2,0,NONE,"iLjnswRq","Piece of cake",12,5,,false
8,2,0,NONE,"lPTbjbzM","Piece of cake",14,5,,false
8,2,0,NONE,"cvXtrHti","Hmmm....",29,5,,false
8,2,0,NONE,"yLNg6dVz","Walk in the park",54,5,,false
8,2,0,NONE,"w3D6C8P2","Hmmm....",39,5,,false
8,2,0,NONE,"gUlgTq6f","Piece of cake",13,5,,true
8,2,0,NONE,"WJ2wgnjB","Quite likely",10,5,,false
8,2,0,NONE,"e6dDoJIY","Walk in the park",18,6,,false
8,2,0,NONE,"6uKyovCX","Quite likely",21,7,,false
8,3,0,NONE,"K7aLmOhq","Rather detrimental",34,4,,false
8,3,0,NONE,"iLjnswRq","Piece of cake",12,4,,false
8,3,0,NONE,"lPTbjbzM","Piece of cake",14,4,,false
8,3,0,NONE,"cvXtrHti","Hmmm....",29,4,,false
8,3,0,NONE,"yLNg6dVz","Walk in the park",54,4,,false
8,3,0,NONE,"w3D6C8P2","Hmmm....",39,4,,false
8,3,0,NONE,"WJ2wgnjB","Quite likely",10,4,,false
8,3,0,NONE,"e6dDoJIY","Walk in the park",18,5,,false
8,3,0,NONE,"6uKyovCX","Quite likely",21,6,,false
8,3,0,NONE,"OeiCxAlU","Piece of cake",16,7,,true
8,4,0,NONE,"K7aLmOhq","Rather detrimental",34,3,,false
8,4,0,NONE,"iLjnswRq","Piece of cake",12,3,,false
8,4,0,NONE,"lPTbjbzM","Piece of cake",14,3,,false
8,4,0,NONE,"cvXtrHti","Hmmm....",29,3,,false
8,4,0,NONE,"yLNg6dVz","Walk in the park",54,3,,false
8,4,0,NONE,"w3D6C8P2","Hmmm....",39,3,,false
8,4,0,NONE,"WJ2wgnjB","Quite likely",10,3,,false
8,4,0,NONE,"e6dDoJIY","Walk in the park",18,4,,false
8,4,0,NONE,"6uKyovCX","Quite likely",21,5,,false
8,4,0,NONE,"aEP5Zzll","Piece of cake",28,7,,true
8,5,0,NONE,"K7aLmOhq","Rather detrimental",34,2,,false
8,5,0,NONE,"iLjnswRq","Piece of cake",12,2,,true
8,5,0,NONE,"lPTbjbzM","Piece of cake",14,2,,false
8,5,0,NONE,"cvXtrHti","Hmmm....",29,2,,false
8,5,0,NONE,"yLNg6dVz","Walk in the park",54,2,,false
8,5,0,NONE,"w3D6C8P2","Hmmm....",39,2,,false
8,5,0,NONE,"WJ2wgnjB","Quite likely",10,2,,false
8,5,0,NONE,"e6dDoJIY","Walk in the park",18,3,,false
8,5,0,NONE,"6uKyovCX","Quite likely",21,4,,false
8,5,0,NONE,"wg3bMnUk","Piece of cake",14,7,,false
8,6,0,NONE,"K7aLmOhq","Rather detrimental",34,1,,false
8,6,0,NONE,"lPTbjbzM","Piece of cake",14,1,,true
8,6,0,NONE,"cvXtrHti","Hmmm....",29,1,,false
8,6,0,NONE,"yLNg6dVz","Walk in the park",54,1,,false
8,6,0,NONE,"w3D6C8P2","Hmmm....",39,1,,false
8,6,0,NONE,"WJ2wgnjB","Quite likely",10,1,,false
8,6,0,NONE,"e6dDoJIY","Walk in the park",18,2,,false
8,6,0,NONE,"6uKyovCX","Quite likely",21,3,,false
8,6,0,NONE,"wg3bMnUk","Piece of cake",14,6,,false
8,6,0,NONE,"BGNhU2FB","Walk in the park",79,7,,false
8,7,0,NONE,"e6dDoJIY","Walk in the park",18,1,,false
8,7,0,NONE,"6uKyovCX","Quite likely",21,2,,false
8,7,0,NONE,"wg3bMnUk","Piece of cake",14,5,,false
8,7,0,NONE,"BGNhU2FB","Walk in the park",79,6,,false
8,7,0,NONE,"KaDDNYjr","Piece of cake",75,7,,false
8,7,0,NONE,"qlG2xiH5","Risky",23,7,,false
8,7,0,NONE,"D98Yi3cK","Sure thing",26,7,,false
8,7,0,NONE,"SGbrlUBp","Walk in the park",44,7,,false
8,7,0,NONE,"7FpiRKVr","Piece of cake",33,7,,false
8,7,0,NONE,"IFhlAGoK","Walk in the park",54,7,,true
8,8,0,NONE,"6uKyovCX","Quite likely",21,1,,false
8,8,0,NONE,"wg3bMnUk","Piece of cake",14,4,,false
8,8,0,NONE,"BGNhU2FB","Walk in the park",79,5,,false
8,8,0,NONE,"KaDDNYjr","Piece of cake",75,6,,false
8,8,0,NONE,"qlG2xiH5","Risky",23,6,,false
8,8,0,NONE,"D98Yi3cK","Sure thing",26,6,,true
8,8,0,NONE,"SGbrlUBp","Walk in the park",44,6,,false
8,8,0,NONE,"7FpiRKVr","Piece of cake",33,6,,false
8,8,0,NONE,"WkzGEhJU","Piece of cake",10,7,,false
8,8,0,NONE,"wqWyUd31","Walk in the park",78,7,,false
8,9,0,NONE,"wg3bMnUk","Piece of cake",14,3,,false
8,9,0,NONE,"BGNhU2FB","Walk in the park",79,4,,false
8,9,0,NONE,"KaDDNYjr","Piece of cake",75,5,,false
8,9,0,NONE,"qlG2xiH5","Risky",23,5,,false
8,9,0,NONE,"SGbrlUBp","Walk in the park",44,5,,false
8,9,0,NONE,"7FpiRKVr","Piece of cake",33,5,,true
8,9,0,NONE,"WkzGEhJU","Piece of cake",10,6,,false
8,9,0,NONE,"wqWyUd31","Walk in the park",78,6,,false
8,9,0,NONE,"R90TYO3G","Hmmm....",14,7,,false
8,9,0,NONE,"NCNbTNsL","Walk in the park",33,7,,false
8,10,0,NONE,"wg3bMnUk","Piece of cake",14,2,,false
8,10,0,NONE,"BGNhU2FB","Walk in the park",79,3,,false
8,10,0,NONE,"KaDDNYjr","Piece of cake",75,4,,true
8,10,0,NONE,"qlG2xiH5","Risky",23,4,,false
8,10,0,NONE,"SGbrlUBp","Walk in the park",44,4,,false
8,10,0,NONE,"WkzGEhJU","Piece of cake",10,5,,false
8,10,0,NONE,"wqWyUd31","Walk in the park",78,5,,false
8,10,0,NONE,"R90TYO3G","Hmmm....",14,6,,false
8,10,0,NONE,"NCNbTNsL","Walk in the park",33,6,,false
8,10,0,NONE,"OSvpDSzC","Gamble",20,7,,false
8,11,0,NONE,"wg3bMnUk","Piece of cake",14,1,,false
8,11,0,NONE,"BGNhU2FB","Walk in the park",79,2,,false
8,11,0,NONE,"qlG2xiH5","Risky",23,3,,false
8,11,0,NONE,"SGbrlUBp","Walk in the park",44,3,,false
8,11,0,NONE,"WkzGEhJU","Piece of cake",10,4,,true
8,11,0,NONE,"wqWyUd31","Walk in the park",78,4,,false
8,11,0,NONE,"R90TYO3G","Hmmm....",14,5,,false
8,11,0,NONE,"NCNbTNsL","Walk in the park",33,5,,false
8,11,0,NONE,"OSvpDSzC","Gamble",20,6,,false
8,11,0,NONE,"owesfd5C","Quite likely",10,7,,false
8,12,0,NONE,"BGNhU2FB","Walk in the park",79,1,,true
8,12,0,NONE,"qlG2xiH5","Risky",23,2,,false
8,12,0,NONE,"SGbrlUBp","Walk in the park",44,2,,false
8,12,0,NONE,"wqWyUd31","Walk in the park",78,3,,false
8,12,0,NONE,"R90TYO3G","Hmmm....",14,4,,false
8,12,0,NONE,"NCNbTNsL","Walk in the park",33,4,,false
8,12,0,NONE,"OSvpDSzC","Gamble",20,5,,false
8,12,0,NONE,"owesfd5C","Quite likely",10,6,,false
8,12,0,NONE,"U7tL4inB","Piece of cake",19,7,,false
8,12,0,NONE,"I2M13ghm","Walk in the park",70,7,,false
8,13,0,NONE,"qlG2xiH5","Risky",23,1,,false
8,13,0,NONE,"SGbrlUBp","Walk in the park",44,1,,false
8,13,0,NONE,"wqWyUd31","Walk in the park",78,2,,false
8,13,0,NONE,"R90TYO3G","Hmmm....",14,3,,false
8,13,0,NONE,"NCNbTNsL","Walk in the park",33,3,,false
8,13,0,NONE,"OSvpDSzC","Gamble",20,4,,false
8,13,0,NONE,"owesfd5C","Quite likely",10,5,,false
8,13,0,NONE,"U7tL4inB","Piece of cake",19,6,,false
8,13,0,NONE,"I2M13ghm","Walk in the park",70,6,,true
8,13,0,NONE,"RilP7Mwm","Gamble",36,7,,false
8,14,0,NONE,"wqWyUd31","Walk in the park",78,1,,false
8,14,0,NONE,"R90TYO3G","Hmmm....",14,2,,false
8,14,0,NONE,"NCNbTNsL","Walk in the park",33,2,,false
8,14,0,NONE,"OSvpDSzC","Gamble",20,3,,false
8,14,0,NONE,"owesfd5C","Quite likely",10,4,,false
8,14,0,NONE,"U7tL4inB","Piece of cake",19,5,,false
8,14,0,NONE,"RilP7Mwm","Gamble",36,6,,false
8,14,0,NONE,"dDWVs0x0","Sure thing",15,7,,false
8,14,0,NONE,"Q73CFY7g","Suicide mission",34,7,,false
8,14,0,NONE,"Sb7fdES5","Walk in the park",27,7,,true
8,15,0,NONE,"R90TYO3G","Hmmm....",14,1,,false
8,15,0,NONE,"NCNbTNsL","Walk in the park",33,1,,false
8,15,0,NONE,"OSvpDSzC","Gamble",20,2,,false
8,15,0,NONE,"owesfd5C","Quite likely",10,3,,false
8,15,0,NONE,"U7tL4inB","Piece of cake",19,4,,false
8,15,0,NONE,"RilP7Mwm","Gamble",36,5,,false
8,15,0,NONE,"dDWVs0x0","Sure thing",15,6,,false
8,15,0,NONE,"Q73CFY7g","Suicide mission",34,6,,false
8,15,0,NONE,"oYLAPiZy","Piece of cake",52,7,,false
8,15,0,NONE,"7I8tbiCJ","Walk in the park",33,7,,true
8,16,0,NONE,"OSvpDSzC","Gamble",20,1,,false
8,16,0,NONE,"owesfd5C","Quite likely",10,2,,false
8,16,0,NONE,"U7tL4inB","Piece of cake",19,3,,false
8,16,0,NONE,"RilP7Mwm","Gamble",36,4,,true
8,16,0,NONE,"dDWVs0x0","Sure thing",15,5,,false
8,16,0,NONE,"Q73CFY7g","Suicide mission",34,5,,false
8,16,0,NONE,"oYLAPiZy","Piece of cake",52,6,,false
8,16,0,NONE,"P45IzmPE","Piece of cake",44,7,,false
8,16,0,NONE,"m3P4qIBu","Rather detrimental",31,7,,false
8,16,0,NONE,"vZvYe4iD","Suicide mission",151,3,1,false
8,18,0,NONE,"U7tL4inB","Piece of cake",19,1,,false
8,18,0,NONE,"dDWVs0x0","Sure thing",15,3,,false
8,18,0,NONE,"Q73CFY7g","Suicide mission",34,3,,false
8,18,0,NONE,"oYLAPiZy","Piece of cake",52,4,,false
8,18,0,NONE,"P45IzmPE","Piece of cake",44,5,,false
8,18,0,NONE,"m3P4qIBu","Rather detrimental",31,5,,false
8,18,0,NONE,"vZvYe4iD","Suicide mission",151,1,1,true
8,18,0,NONE,"Uxo2fWCn","Quite likely",39,6,,false
8,18,0,NONE,"sPODPbWf","Suicide mission",131,2,1,false
8,18,0,NONE,"z8kNGTfD","Risky",37,7,,false
8,20,0,NONE,"dDWVs0x0","Sure thing",15,1,,false
8,20,0,NONE,"Q73CFY7g","Suicide mission",34,1,,false
8,20,0,NONE,"oYLAPiZy","Piece of cake",52,2,,false
8,20,0,NONE,"P45IzmPE","Piece of cake",44,3,,false
8,20,0,NONE,"m3P4qIBu","Rather detrimental",31,3,,false
8,20,0,NONE,"Uxo2fWCn","Quite likely",39,4,,false
8,20,0,NONE,"z8kNGTfD","Risky",37,5,,false
8,20,0,NONE,"mufQMvab","Rather detrimental",110,2,1,false
8,20,0,NONE,"tYhTdNdx","Quite likely",118,1,1,true
8,20,0,NONE,"dD7Y7I32","Gamble",135,2,1,false
8,22,0,NONE,"P45IzmPE","Piece of cake",44,1,,false
8,22,0,NONE,"m3P4qIBu","Rather detrimental",31,1,,false
8,22,0,NONE,"Uxo2fWCn","Quite likely",39,2,,false
8,22,0,NONE,"z8kNGTfD","Risky",37,3,,false
8,22,0,NONE,"jyitCect","Walk in the park",85,6,,false
8,22,0,NONE,"v4xqWSdP","Piece of cake",130,6,,true
8,22,0,NONE,"hOhTErqi","Suicide mission",127,1,1,false
8,22,0,NONE,"mSkziPrm","Sure thing",57,7,,false
8,22,0,NONE,"zIJy5q9c","Hmmm....",142,2,1,false
8,22,0,NONE,"vjkT5WhZ","Hmmm....",60,7,,false
8,23,0,NONE,"Uxo2fWCn","Quite likely",39,1,,false
8,23,0,NONE,"z8kNGTfD","Risky",37,2,,false
8,23,0,NONE,"jyitCect","Walk in the park",85,5,,false
8,23,0,NONE,"mSkziPrm","Sure thing",57,6,,false
8,23,0,NONE,"zIJy5q9c","Hmmm....",142,1,1,false
8,23,0,NONE,"vjkT5WhZ","Hmmm....",60,6,,true
8,23,0,NONE,"xS796FUm","Quite likely",107,2,1,false
8,23,0,NONE,"h9zOm8ld","Risky",135,3,1,false
8,23,0,NONE,"HFgNpdzC","Suicide mission",136,3,1,false
8,23,0,NONE,"eMj3IJST","Sure thing",105,7,,false
8,24,0,NONE,"z8kNGTfD","Risky",37,1,,false
8,24,0,NONE,"jyitCect","Walk in the park",85,4,,false
8,24,0,NONE,"mSkziPrm","Sure thing",57,5,,false
8,24,0,NONE,"xS796FUm","Quite likely",107,1,1,false
8,24,0,NONE,"h9zOm8ld","Risky",135,2,1,false
8,24,0,NONE,"HFgNpdzC","Suicide mission",136,2,1,false
8,24,0,NONE,"eMj3IJST","Sure thing",105,6,,true
8,24,0,NONE,"oUaE34bL","Gamble",151,2,1,false
8,24,0,NONE,"PWAp6JWX","Piece of cake",137,7,,false
8,24,0,NONE,"EaVT4jm1","Suicide mission",126,3,1,false
8,25,0,NONE,"jyitCect","Walk in the park",85,3,,false
8,25,0,NONE,"mSkziPrm","Sure thing",57,4,,false
8,25,0,NONE,"h9zOm8ld","Risky",135,1,1,false
8,25,0,NONE,"HFgNpdzC","Suicide mission",136,1,1,false
8,25,0,NONE,"oUaE34bL","Gamble",151,1,1,false
8,25,0,NONE,"PWAp6JWX","Piece of cake",137,6,,false
8,25,0,NONE,"EaVT4jm1","Suicide mission",126,2,1,false
8,25,0,NONE,"xdNbT74f","Suicide mission",122,2,1,false
8,25,0,NONE,"nvaOZr1C","Risky",134,3,1,true
8,25,0,NONE,"o8sSud83","Suicide mission",99,2,1,false
8,26,0,NONE,"jyitCect","Walk in the park",85,2,,false
8,26,0,NONE,"mSkziPrm","Sure thing",57,3,,true
8,26,0,NONE,"PWAp6JWX","Piece of cake",137,5,,false
8,26,0,NONE,"EaVT4jm1","Suicide mission",126,1,1,false
8,26,0,NONE,"xdNbT74f","Suicide mission",122,1,1,false
8,26,0,NONE,"o8sSud83","Suicide mission",99,1,1,false
8,26,0,NONE,"fz3TZpIy","Piece of cake",90,7,,false
8,26,0,NONE,"NiXDKuZC","Piece of cake",99,7,,false
8,26,0,NONE,"Vp070INX","Suicide mission",132,2,1,false
8,26,0,NONE,"jZMI7z6F","Walk in the park",109,7,,false
8,27,0,NONE,"jyitCect","Walk in the park",85,1,,false
8,27,0,NONE,"PWAp6JWX","Piece of cake",137,4,,false
8,27,0,NONE,"fz3TZpIy","Piece of cake",90,6,,false
8,27,0,NONE,"NiXDKuZC","Piece of cake",99,6,,false
8,27,0,NONE,"Vp070INX","Suicide mission",132,1,1,false
8,27,0,NONE,"jZMI7z6F","Walk in the park",109,6,,true
8,27,0,NONE,"YhsBzZVi","Playing with fire",131,2,1,false
8,27,0,NONE,"SaepBynS","Impossible",125,2,2,false
8,27,0,NONE,"AT9yCnwm","Quite likely",122,7,,false
8,27,0,NONE,"qaEtT50N","Quite likely",114,7,,false
8,28,0,NONE,"PWAp6JWX","Piece of cake",137,3,,false
8,28,0,NONE,"fz3TZpIy","Piece of cake",90,5,,false
8,28,0,NONE,"NiXDKuZC","Piece of cake",99,5,,false
8,28,0,NONE,"YhsBzZVi","Playing with fire",131,1,1,false
8,28,0,NONE,"SaepBynS","Impossible",125,1,2,true
8,28,0,NONE,"AT9yCnwm","Quite likely",122,6,,false
8,28,0,NONE,"qaEtT50N","Quite likely",114,6,,false
8,28,0,NONE,"VqgcbWbL","Impossible",114,2,2,false
8,28,0,NONE,"YcFbV45P","Piece of cake",108,7,,false
8,28,0,NONE,"G8KvY6DO","Impossible",124,3,1,false
8,30,0,NONE,"PWAp6JWX","Piece of cake",137,1,,true
8,30,0,NONE,"fz3TZpIy","Piece of cake",90,3,,false
8,30,0,NONE,"NiXDKuZC","Piece of cake",99,3,,false
8,30,0,NONE,"AT9yCnwm","Quite likely",122,4,,false
8,30,0,NONE,"qaEtT50N","Quite likely",114,4,,false
8,30,0,NONE,"YcFbV45P","Piece of cake",108,5,,false
8,30,0,NONE,"G8KvY6DO","Impossible",124,1,1,false
8,30,0,NONE,"2qhhyHui","Suicide mission",147,1,1,false
8,30,0,NONE,"y9ucdPhT","Rather detrimental",109,1,1,false
8,30,0,NONE,"LJr8MRJj","Playing with fire",150,3,1,false
8,31,0,NONE,"fz3TZpIy","Piece of cake",90,2,,false
8,31,0,NONE,"NiXDKuZC","Piece of cake",99,2,,false
8,31,0,NONE,"AT9yCnwm","Quite likely",122,3,,false
8,31,0,NONE,"qaEtT50N","Quite likely",114,3,,false
8,31,0,NONE,"YcFbV45P","Piece of cake",108,4,,false
8,31,0,NONE,"LJr8MRJj","Playing with fire",150,2,1,false
8,31,0,NONE,"IbbEBUBO","Sure thing",89,7,,true
8,31,0,NONE,"8EXWaaQY","Walk in the park",88,7,,false
8,31,0,NONE,"Q6Uh2aHk","Quite likely",124,3,1,false
8,31,0,NONE,"VV9rjoLq","Risky",140,2,1,false
8,32,0,NONE,"fz3TZpIy","Piece of cake",90,1,,false
8,32,0,NONE,"NiXDKuZC","Piece of cake",99,1,,true
8,32,0,NONE,"AT9yCnwm","Quite likely",122,2,,false
8,32,0,NONE,"qaEtT50N","Quite likely",114,2,,false
8,32,0,NONE,"YcFbV45P","Piece of cake",108,3,,false
8,32,0,NONE,"LJr8MRJj","Playing with fire",150,1,1,false
8,32,0,NONE,"8EXWaaQY","Walk in the park",88,6,,false
8,32,0,NONE,"Q6Uh2aHk","Quite likely",124,2,1,false
8,32,0,NONE,"VV9rjoLq","Risky",140,1,1,false
8,32,0,NONE,"jBv3Ozpj","Quite likely",140,2,1,false
8,33,0,NONE,"AT9yCnwm","Quite likely",122,1,,false
8,33,0,NONE,"qaEtT50N","Quite likely",114,1,,false
8,33,0,NONE,"YcFbV45P","Piece of cake",108,2,,true
8,33,0,NONE,"8EXWaaQY","Walk in the park",88,5,,false
8,33,0,NONE,"Q6Uh2aHk","Quite likely",124,1,1,false
8,33,0,NONE,"jBv3Ozpj","Quite likely",140,1,1,false
8,33,0,NONE,"7tkzD4GG","Playing with fire",122,2,1,false
8,33,0,NONE,"FbIcLcss","Playing with fire",158,2,1,false
8,33,0,NONE,"WlmGhehM","Rather detrimental",129,2,1,false
8,33,0,NONE,"lsN2miwG","Playing with fire",137,3,1,false
8,34,0,NONE,"8EXWaaQY","Walk in the park",88,4,,false
8,34,0,NONE,"7tkzD4GG","Playing with fire",122,1,1,false
8,34,0,NONE,"FbIcLcss","Playing with fire",158,1,1,false
8,34,0,NONE,"WlmGhehM","Rather detrimental",129,1,1,false
8,34,0,NONE,"lsN2miwG","Playing with fire",137,2,1,false
8,34,0,NONE,"yLN5UHmq","Piece of cake",72,7,,true
8,34,0,NONE,"cAikHcki","Suicide mission",130,3,1,false
8,34,0,NONE,"E5du40yb","Hmmm....",113,7,,false
8,34,0,NONE,"luAlsg1Q","Suicide mission",138,2,1,false
8,34,0,NONE,"KX0QNC8s","Gamble",162,3,1,false
8,35,0,NONE,"8EXWaaQY","Walk in the park",88,3,,true
8,35,0,NONE,"lsN2miwG","Playing with fire",137,1,1,false
8,35,0,NONE,"cAikHcki","Suicide mission",130,2,1,false
8,35,0,NONE,"E5du40yb","Hmmm....",113,6,,false
8,35,0,NONE,"luAlsg1Q","Suicide mission",138,1,1,false
8,35,0,NONE,"KX0QNC8s","Gamble",162,2,1,false
8,35,0,NONE,"P1oY1Jkc","Quite likely",98,7,,false
8,35,0,NONE,"04rqOVkn","Gamble",85,7,,false
8,35,0,NONE,"A0rNexuh","Hmmm....",90,7,,false
8,35,0,NONE,"j1XAdpHv","Quite likely",87,7,,false
8,37,0,NONE,"E5du40yb","Hmmm....",113,4,,false
8,37,0,NONE,"P1oY1Jkc","Quite likely",98,5,,false
8,37,0,NONE,"04rqOVkn","Gamble",85,5,,false
8,37,0,NONE,"A0rNexuh","Hmmm....",90,5,,false
8,37,0,NONE,"j1XAdpHv","Quite likely",87,5,,false
8,37,0,NONE,"Fu0C5ke9","Piece of cake",99,6,,true
8,37,0,NONE,"I6kmWSKc","Quite likely",99,6,,false
8,37,0,NONE,"mhfSWMDF","Walk in the park",91,6,,false
8,37,0,NONE,"THghoKYc","Walk in the park",96,7,,false
8,37,0,NONE,"ZQPt5839","Walk in the park",85,7,,false
8,38,0,NONE,"E5du40yb","Hmmm....",113,3,,false
8,38,0,NONE,"P1oY1Jkc","Quite likely",98,4,,false
8,38,0,NONE,"04rqOVkn","Gamble",85,4,,false
8,38,0,NONE,"A0rNexuh","Hmmm....",90,4,,false
8,38,0,NONE,"j1XAdpHv","Quite likely",87,4,,false
8,38,0,NONE,"I6kmWSKc","Quite likely",99,5,,false
8,38,0,NONE,"mhfSWMDF","Walk in the park",91,5,,false
8,38,0,NONE,"THghoKYc","Walk in the park",96,6,,true
8,38,0,NONE,"ZQPt5839","Walk in the park",85,6,,false
8,38,0,NONE,"nCCJZBCJ","Risky",80,7,,false
8,39,0,NONE,"E5du40yb","Hmmm....",113,2,,false
8,39,0,NONE,"P1oY1Jkc","Quite likely",98,3,,false
8,39,0,NONE,"04rqOVkn","Gamble",85,3,,false
8,39,0,NONE,"A0rNexuh","Hmmm....",90,3,,false
8,39,0,NONE,"j1XAdpHv","Quite likely",87,3,,false
8,39,0,NONE,"I6kmWSKc","Quite likely",99,4,,false
8,39,0,NONE,"mhfSWMDF","Walk in the park",91,4,,false
8,39,0,NONE,"ZQPt5839","Walk in the park",85,5,,true
8,39,0,NONE,"nCCJZBCJ","Risky",80,6,,false
8,39,0,NONE,"l9WnGPrF","Walk in the park",79,7,,false
8,40,0,NONE,"E5du40yb","Hmmm....",113,1,,false
8,40,0,NONE,"P1oY1Jkc","Quite likely",98,2,,false
8,40,0,NONE,"04rqOVkn","Gamble",85,2,,false
8,40,0,NONE,"A0rNexuh","Hmmm....",90,2,,false
8,40,0,NONE,"j1XAdpHv","Quite likely",87,2,,false
8,40,0,NONE,"I6kmWSKc","Quite likely",99,3,,false
8,40,0,NONE,"mhfSWMDF","Walk in the park",91,3,,false
8,40,0,NONE,"nCCJZBCJ","Risky",80,5,,false
8,40,0,NONE,"l9WnGPrF","Walk in the park",79,6,,true
8,40,0,NONE,"mypwcUZK","Suicide mission",86,7,,false
8,41,0,NONE,"P1oY1Jkc","Quite likely",98,1,,false
8,41,0,NONE,"04rqOVkn","Gamble",85,1,,false
8,41,0,NONE,"A0rNexuh","Hmmm....",90,1,,false
8,41,0,NONE,"j1XAdpHv","Quite likely",87,1,,false
8,41,0,NONE,"I6kmWSKc","Quite likely",99,2,,false
8,41,0,NONE,"mhfSWMDF","Walk in the park",91,2,,false
8,41,0,NONE,"nCCJZBCJ","Risky",80,4,,false
8,41,0,NONE,"mypwcUZK","Suicide mission",86,6,,false
8,41,0,NONE,"khRiTEJH","Gamble",92,7,,true
8,41,0,NONE,"Rw94pgCQ","Risky",90,7,,false
8,42,0,NONE,"I6kmWSKc","Quite likely",99,1,,false
8,42,0,NONE,"mhfSWMDF","Walk in the park",91,1,,true
8,42,0,NONE,"nCCJZBCJ","Risky",80,3,,false
8,42,0,NONE,"mypwcUZK","Suicide mission",86,5,,false
8,42,0,NONE,"Rw94pgCQ","Risky",90,6,,false
8,42,0,NONE,"zanuUnnd","Hmmm....",87,7,,false
8,42,0,NONE,"nhKeprFu","Walk in the park",79,7,,false
8,42,0,NONE,"eHbZUNjm","Piece of cake",73,7,,false
8,42,0,NONE,"mZvRrzUl","Playing with fire",67,7,,false
8,42,0,NONE,"WAC1Htn8","Piece of cake",81,7,,false
8,43,0,NONE,"nCCJZBCJ","Risky",80,2,,false
8,43,0,NONE,"mypwcUZK","Suicide mission",86,4,,false
8,43,0,NONE,"Rw94pgCQ","Risky",90,5,,false
8,43,0,NONE,"zanuUnnd","Hmmm....",87,6,,false
8,43,0,NONE,"nhKeprFu","Walk in the park",79,6,,false
8,43,0,NONE,"eHbZUNjm","Piece of cake",73,6,,false
8,43,0,NONE,"mZvRrzUl","Playing with fire",67,6,,false
8,43,0,NONE,"WAC1Htn8","Piece of cake",81,6,,true
8,43,0,NONE,"abI5rsFS","Hmmm....",88,7,,false
8,43,0,NONE,"I1tRTOUD","Gamble",88,7,,false
8,44,0,NONE,"nCCJZBCJ","Risky",80,1,,true
8,44,0,NONE,"mypwcUZK","Suicide mission",86,3,,false
8,44,0,NONE,"Rw94pgCQ","Risky",90,4,,false
8,44,0,NONE,"zanuUnnd","Hmmm....",87,5,,false
8,44,0,NONE,"nhKeprFu","Walk in the park",79,5,,false
8,44,0,NONE,"eHbZUNjm","Piece of cake",73,5,,false
8,44,0,NONE,"mZvRrzUl","Playing with fire",67,5,,false
8,44,0,NONE,"abI5rsFS","Hmmm....",88,6,,false
8,44,0,NONE,"I1tRTOUD","Gamble",88,6,,false
8,44,0,NONE,"ASfQjVGp","Quite likely",83,7,,false
8,45,0,NONE,"mypwcUZK","Suicide mission",86,2,,false
8,45,0,NONE,"Rw94pgCQ","Risky",90,3,,false
8,45,0,NONE,"zanuUnnd","Hmmm....",87,4,,false
8,45,0,NONE,"nhKeprFu","Walk in the park",79,4,,false
8,45,0,NONE,"eHbZUNjm","Piece of cake",73,4,,true
8,45,0,NONE,"mZvRrzUl","Playing with fire",67,4,,false
8,45,0,NONE,"abI5rsFS","Hmmm....",88,5,,false
8,45,0,NONE,"I1tRTOUD","Gamble",88,5,,false
8,45,0,NONE,"ASfQjVGp","Quite likely",83,6,,false
8,45,0,NONE,"h1N2qD72","Suicide mission",74,7,,false
8,46,0,NONE,"mypwcUZK","Suicide mission",86,1,,true
8,46,0,NONE,"Rw94pgCQ","Risky",90,2,,false
8,46,0,NONE,"zanuUnnd","Hmmm....",87,3,,false
8,46,0,NONE,"nhKeprFu","Walk in the park",79,3,,false
8,46,0,NONE,"mZvRrzUl","Playing with fire",67,3,,false
8,46,0,NONE,"abI5rsFS","Hmmm....",88,4,,false
8,46,0,NONE,"I1tRTOUD","Gamble",88,4,,false
8,46,0,NONE,"ASfQjVGp","Quite likely",83,5,,false
8,46,0,NONE,"h1N2qD72","Suicide mission",74,6,,false
8,46,0,NONE,"0nZ1gAFe","Risky",57,7,,false
8,48,0,NONE,"zanuUnnd","Hmmm....",87,1,,false
8,48,0,NONE,"nhKeprFu","Walk in the park",79,1,,false
8,48,0,NONE,"mZvRrzUl","Playing with fire",67,1,,false
8,48,0,NONE,"abI5rsFS","Hmmm....",88,2,,false
8,48,0,NONE,"I1tRTOUD","Gamble",88,2,,false
8,48,0,NONE,"ASfQjVGp","Quite likely",83,3,,false
8,48,0,NONE,"h1N2qD72","Suicide mission",74,4,,false
8,48,0,NONE,"0nZ1gAFe","Risky",57,5,,false
8,48,0,NONE,"w2b1AEEY","Hmmm....",62,6,,true
8,48,0,NONE,"YW1yrglj","Suicide mission",75,7,,false
8,49,0,NONE,"abI5rsFS","Hmmm....",88,1,,false
8,49,0,NONE,"I1tRTOUD","Gamble",88,1,,false
8,49,0,NONE,"ASfQjVGp","Quite likely",83,2,,true
8,49,0,NONE,"h1N2qD72","Suicide mission",74,3,,false
8,49,0,NONE,"0nZ1gAFe","Risky",57,4,,false
8,49,0,NONE,"YW1yrglj","Suicide mission",75,6,,false
8,49,0,NONE,"i32a8MiP","Playing with fire",67,7,,false
8,49,0,NONE,"57hEtbvf","Rather detrimental",52,7,,false
8,49,0,NONE,"QBcYs8Lt","Suicide mission",58,7,,false
8,49,0,NONE,"fCOacwNz","Rather detrimental",82,7,,false
9,0,0,NONE,"SBJe1Xnb","Quite likely",38,7,,false
9,0,0,NONE,"2FWEY9LD","Piece of cake",6,7,,false
9,0,0,NONE,"4mdiptlT","Piece of cake",8,7,,false
9,0,0,NONE,"vvDOVUwt","Walk in the park",24,7,,false
9,0,0,NONE,"mjSXxuQZ","Piece of cake",25,7,,false
9,0,0,NONE,"r0erXbpL","Walk in the park",21,7,,false
9,0,0,NONE,"yIad6wFo","Sure thing",4,7,,false
9,0,0,NONE,"BEunhR3G","Sure thing",4,7,,true
9,0,0,NONE,"CvOgqRPP","Sure thing",9,7,,false
9,0,0,NONE,"qtwGucB7","Piece of cake",54,7,,false
9,1,0,NONE,"SBJe1Xnb","Quite likely",38,6,,false
9,1,0,NONE,"2FWEY9LD","Piece of cake",6,6,,false
9,1,0,NONE,"4mdiptlT","Piece of cake",8,6,,false
9,1,0,NONE,"vvDOVUwt","Walk in the park",24,6,,false
9,1,0,NONE,"mjSXxuQZ","Piece of cake",25,6,,false
9,1,0,NONE,"r0erXbpL","Walk in the park",21,6,,false
9,1,0,NONE,"yIad6wFo","Sure thing",4,6,,false
9,1,0,NONE,"CvOgqRPP","Sure thing",9,6,,true
9,1,0,NONE,"qtwGucB7","Piece of cake",54,6,,false
9,1,0,NONE,"LhXAT3tU","Piece of cake",42,7,,false
9,2,0,NONE,"SBJe1Xnb","Quite likely",38,5,,false
9,2,0,NONE,"2FWEY9LD","Piece of cake",6,5,,false
9,2,0,NONE,"4mdiptlT","Piece of cake",8,5,,false
9,2,0,NONE,"vvDOVUwt","Walk in the park",24,5,,false
9,2,0,NONE,"mjSXxuQZ","Piece of cake",25,5,,false
9,2,0,NONE,"r0erXbpL","Walk in the park",21,5,,false
9,2,0,NONE,"yIad6wFo","Sure thing",4,5,,true
9,2,0,NONE,"qtwGucB7","Piece of cake",54,5,,false
9,2,0,NONE,"LhXAT3tU","Piece of cake",42,6,,false
9,2,0,NONE,"y0i5hVRU","Piece of cake",7,7,,false
9,3,0,NONE,"SBJe1Xnb","Quite likely",38,4,,false
9,3,0,NONE,"2FWEY9LD","Piece of cake",6,4,,true
9,3,0,NONE,"4mdiptlT","Piece of cake",8,4,,false
9,3,0,NONE,"vvDOVUwt","Walk in the park",24,4,,false
9,3,0,NONE,"mjSXxuQZ","Piece of cake",25,4,,false
9,3,0,NONE,"r0erXbpL","Walk in the park",21,4,,false
9,3,0,NONE,"qtwGucB7","Piece of cake",54,4,,false
9,3,0,NONE,"LhXAT3tU","Piece of cake",42,5,,false
9,3,0,NONE,"y0i5hVRU","Piece of cake",7,6,,false
9,3,0,NONE,"8FxVuWuQ","Quite likely",27,7,,false
9,4,0,NONE,"SBJe1Xnb","Quite likely",38,3,,false
9,4,0,NONE,"4mdiptlT","Piece of cake",8,3,,true
9,4,0,NONE,"vvDOVUwt","Walk in the park",24,3,,false
9,4,0,NONE,"mjSXxuQZ","Piece of cake",25,3,,false
9,4,0,NONE,"r0erXbpL","Walk in the park",21,3,,false
9,4,0,NONE,"qtwGucB7","Piece of cake",54,3,,false
9,4,0,NONE,"LhXAT3tU","Piece of cake",42,4,,false
9,4,0,NONE,"y0i5hVRU","Piece of cake",7,5,,false
9,4,0,NONE,"8FxVuWuQ","Quite likely",27,6,,false
9,4,0,NONE,"eDtVj1pM","Hmmm....",18,7,,false
9,5,0,NONE,"SBJe1Xnb","Quite likely",38,2,,false
9,5,0,NONE,"vvDOVUwt","Walk in the park",24,2,,false
9,5,0,NONE,"mjSXxuQZ","Piece of cake",25,2,,false
9,5,0,NONE,"r0erXbpL","Walk in the park",21,2,,false
9,5,0,NONE,"qtwGucB7","Piece of cake",54,2,,false
9,5,0,NONE,"LhXAT3tU","Piece of cake",42,3,,true
9,5,0,NONE,"y0i5hVRU","Piece of cake",7,4,,false
9,5,0,NONE,"8FxVuWuQ","Quite likely",27,5,,false
9,5,0,NONE,"eDtVj1pM","Hmmm....",18,6,,false
9,5,0,NONE,"NiQLRYgH","Piece of cake",22,7,,false
9,6,0,NONE,"SBJe1Xnb","Quite likely",38,1,,false
9,6,0,NONE,"vvDOVUwt","Walk in the park",24,1,,false
9,6,0,NONE,"mjSXxuQZ","Piece of cake",25,1,,true
9,6,0,NONE,"r0erXbpL","Walk in the park",21,1,,false
9,6,0,NONE,"qtwGucB7","Piece of cake",54,1,,false
9,6,0,NONE,"y0i5hVRU","Piece of cake",7,3,,false
9,6,0,NONE,"8FxVuWuQ","Quite likely",27,4,,false
9,6,0,NONE,"eDtVj1pM","Hmmm....",18,5,,false
9,6,0,NONE,"NiQLRYgH","Piece of cake",22,6,,false
9,6,0,NONE,"3B2HrhGD","Piece of cake",21,7,,false
9,7,0,NONE,"y0i5hVRU","Piece of cake",7,2,,false
9,7,0,NONE,"8FxVuWuQ","Quite likely",27,3,,false
9,7,0,NONE,"eDtVj1pM","Hmmm....",18,4,,false
9,7,0,NONE,"NiQLRYgH","Piece of cake",22,5,,false
9,7,0,NONE,"3B2HrhGD","Piece of cake",21,6,,true
9,7,0,NONE,"m2vlIPO2","Quite likely",27,7,,false
9,7,0,NONE,"G6nYycEW","Walk in the park",17,7,,false
9,7,0,NONE,"7GCzR5m8","Risky",24,7,,false
9,7,0,NONE,"bSHjvaKy","Risky",30,7,,false
9,7,0,NONE,"Kb9Z8hCK","Gamble",9,7,,false
9,8,0,NONE,"y0i5hVRU","Piece of cake",7,1,,true
9,8,0,NONE,"8FxVuWuQ","Quite likely",27,2,,false
9,8,0,NONE,"eDtVj1pM","Hmmm....",18,3,,false
9,8,0,NONE,"NiQLRYgH","Piece of cake",22,4,,false
9,8,0,NONE,"m2vlIPO2","Quite likely",27,6,,false
9,8,0,NONE,"G6nYycEW","Walk in the park",17,6,,false
9,8,0,NONE,"7GCzR5m8","Risky",24,6,,false
9,8,0,NONE,"bSHjvaKy","Risky",30,6,,false
9,8,0,NONE,"Kb9Z8hCK","Gamble",9,6,,false
9,8,0,NONE,"oe2pCa9T","Gamble",22,7,,false
9,9,0,NONE,"8FxVuWuQ","Quite likely",27,1,,false
9,9,0,NONE,"eDtVj1pM","Hmmm....",18,2,,false
9,9,0,NONE,"NiQLRYgH","Piece of cake",22,3,,false
9,9,0,NONE,"m2vlIPO2","Quite likely",27,5,,true
9,9,0,NONE,"G6nYycEW","Walk in the park",17,5,,false
9,9,0,NONE,"7GCzR5m8","Risky",24,5,,false
9,9,0,NONE,"bSHjvaKy","Risky",30,5,,false
9,9,0,NONE,"Kb9Z8hCK","Gamble",9,5,,false
9,9,0,NONE,"oe2pCa9T","Gamble",22,6,,false
9,9,0,NONE,"OJzR4kz1","Sure thing",26,7,,false
9,10,0,NONE,"eDtVj1pM","Hmmm....",18,1,,false
9,10,0,NONE,"NiQLRYgH","Piece of cake",22,2,,false
9,10,0,NONE,"G6nYycEW","Walk in the park",17,4,,false
9,10,0,NONE,"7GCzR5m8","Risky",24,4,,false
9,10,0,NONE,"bSHjvaKy","Risky",30,4,,false
9,10,0,NONE,"Kb9Z8hCK","Gamble",9,4,,false
9,10,0,NONE,"oe2pCa9T","Gamble",22,5,,false
9,10,0,NONE,"OJzR4kz1","Sure thing",26,6,,true
9,10,0,NONE,"TIyRoeKn","Quite likely",23,7,,false
9,10,0,NONE,"0RSloeUX","Quite likely",70,7,,false
9,11,0,NONE,"NiQLRYgH","Piece of cake",22,1,,true
9,11,0,NONE,"G6nYycEW","Walk in the park",17,3,,false
9,11,0,NONE,"7GCzR5m8","Risky",24,3,,false
9,11,0,NONE,"bSHjvaKy","Risky",30,3,,false
9,11,0,NONE,"Kb9Z8hCK","Gamble",9,3,,false
9,11,0,NONE,"oe2pCa9T","Gamble",22,4,,false
9,11,0,NONE,"TIyRoeKn","Quite likely",23,6,,false
9,11,0,NONE,"0RSloeUX","Quite likely",70,6,,false
9,11,0,NONE,"t4F8SqsV","Walk in the park",25,7,,false
9,11,0,NONE,"IidvEFhT","Hmmm....",55,7,,false
9,12,0,NONE,"G6nYycEW","Walk in the park",17,2,,true
9,12,0,NONE,"7GCzR5m8","Risky",24,2,,false
9,12,0,NONE,"bSHjvaKy","Risky",30,2,,false
9,12,0,NONE,"Kb9Z8hCK","Gamble",9,2,,false
9,12,0,NONE,"oe2pCa9T","Gamble",22,3,,false
9,12,0,NONE,"TIyRoeKn","Quite likely",23,5,,false
9,12,0,NONE,"0RSloeUX","Quite likely",70,5,,false
9,12,0,NONE,"t4F8SqsV","Walk in the park",25,6,,false
9,12,0,NONE,"IidvEFhT","Hmmm....",55,6,,false
9,12,0,NONE,"gHm4Chqh","Hmmm....",30,7,,false
9,13,0,NONE,"7GCzR5m8","Risky",24,1,,false
9,13,0,NONE,"bSHjvaKy","Risky",30,1,,false
9,13,0,NONE,"Kb9Z8hCK","Gamble",9,1,,false
9,13,0,NONE,"oe2pCa9T","Gamble",22,2,,false
9,13,0,NONE,"TIyRoeKn","Quite likely",23,4,,false
9,13,0,NONE,"0RSloeUX","Quite likely",70,4,,false
9,13,0,NONE,"t4F8SqsV","Walk in the park",25,5,,false
9,13,0,NONE,"IidvEFhT","Hmmm....",55,5,,false
9,13,0,NONE,"gHm4Chqh","Hmmm....",30,6,,false
9,13,0,NONE,"EbVODONY","Piece of cake",68,7,,true
9,14,0,NONE,"oe2pCa9T","Gamble",22,1,,false
9,14,0,NONE,"TIyRoeKn","Quite likely",23,3,,false
9,14,0,NONE,"0RSloeUX","Quite likely",70,3,,false
9,14,0,NONE,"t4F8SqsV","Walk in the park",25,4,,false
9,14,0,NONE,"IidvEFhT","Hmmm....",55,4,,false
9,14,0,NONE,"gHm4Chqh","Hmmm....",30,5,,false
9,14,0,NONE,"qLDpGM3T","Piece of cake",68,7,,false
9,14,0,NONE,"YtaDNRL3","Hmmm....",62,7,,false
9,14,0,NONE,"jSGRlpnf","Piece of cake",38,7,,true
9,14,0,NONE,"wiJV1FFe","Walk in the park",34,7,,false
9,15,0,NONE,"TIyRoeKn","Quite likely",23,2,,false
9,15,0,NONE,"0RSloeUX","Quite likely",70,2,,false
9,15,0,NONE,"t4F8SqsV","Walk in the park",25,3,,false
9,15,0,NONE,"IidvEFhT","Hmmm....",55,3,,false
9,15,0,NONE,"gHm4Chqh","Hmmm....",30,4,,false
9,15,0,NONE,"qLDpGM3T","Piece of cake",68,6,,true
9,15,0,NONE,"YtaDNRL3","Hmmm....",62,6,,false
9,15,0,NONE,"wiJV1FFe","Walk in the park",34,6,,false
9,15,0,NONE,"qLM1dV2X","Piece of cake",50,7,,false
9,15,0,NONE,"Vbo1Au50","Playing with fire",66,7,,false
9,16,0,NONE,"TIyRoeKn","Quite likely",23,1,,false
9,16,0,NONE,"0RSloeUX","Quite likely",70,1,,false
9,16,0,NONE,"t4F8SqsV","Walk in the park",25,2,,false
9,16,0,NONE,"IidvEFhT","Hmmm....",55,2,,false
9,16,0,NONE,"gHm4Chqh","Hmmm....",30,3,,false
9,16,0,NONE,"YtaDNRL3","Hmmm....",62,5,,false
9,16,0,NONE,"wiJV1FFe","Walk in the park",34,5,,false
9,16,0,NONE,"qLM1dV2X","Piece of cake",50,6,,true
9,16,0,NONE,"Vbo1Au50","Playing with fire",66,6,,false
9,16,0,NONE,"rJv3IoMC","Walk in the park",42,7,,false
9,17,0,NONE,"t4F8SqsV","Walk in the park",25,1,,false
9,17,0,NONE,"IidvEFhT","Hmmm....",55,1,,false
9,17,0,NONE,"gHm4Chqh","Hmmm....",30,2,,false
9,17,0,NONE,"YtaDNRL3","Hmmm....",62,4,,true
9,17,0,NONE,"wiJV1FFe","Walk in the park",34,4,,false
9,17,0,NONE,"Vbo1Au50","Playing with fire",66,5,,false
9,17,0,NONE,"rJv3IoMC","Walk in the park",42,6,,false
9,17,0,NONE,"XYQNKxyb","Gamble",61,7,,false
9,17,0,NONE,"tRaVbYQ1","Walk in the park",61,7,,false
9,17,0,NONE,"rXOAjOMF","Walk in the park",60,7,,false
9,18,0,NONE,"gHm4Chqh","Hmmm....",30,1,,false
9,18,0,NONE,"wiJV1FFe","Walk in the park",34,3,,false
9,18,0,NONE,"Vbo1Au50","Playing with fire",66,4,,false
9,18,0,NONE,"rJv3IoMC","Walk in the park",42,5,,false
9,18,0,NONE,"XYQNKxyb","Gamble",61,6,,false
9,18,0,NONE,"tRaVbYQ1","Walk in the park",61,6,,false
9,18,0,NONE,"rXOAjOMF","Walk in the park",60,6,,false
9,18,0,NONE,"FA9sK5rM","Quite likely",46,7,,false
9,18,0,NONE,"xAS1z3HR","Walk in the park",28,7,,false
9,18,0,NONE,"mu4d8KbN","Piece of cake",50,7,,true
9,19,0,NONE,"wiJV1FFe","Walk in the park",34,2,,false
9,19,0,NONE,"Vbo1Au50","Playing with fire",66,3,,false
9,19,0,NONE,"rJv3IoMC","Walk in the park",42,4,,true
9,19,0,NONE,"XYQNKxyb","Gamble",61,5,,false
9,19,0,NONE,"tRaVbYQ1","Walk in the park",61,5,,false
9,19,0,NONE,"rXOAjOMF","Walk in the park",60,5,,false
9,19,0,NONE,"FA9sK5rM","Quite likely",46,6,,false
9,19,0,NONE,"xAS1z3HR","Walk in the park",28,6,,false
9,19,0,NONE,"HfSlmCWz","Hmmm....",80,7,,false
9,19,0,NONE,"f1r08mll","Suicide mission",141,3,1,false
9,20,0,NONE,"wiJV1FFe","Walk in the park",34,1,,true
9,20,0,NONE,"Vbo1Au50","Playing with fire",66,2,,false
9,20,0,NONE,"XYQNKxyb","Gamble",61,4,,false
9,20,0,NONE,"tRaVbYQ1","Walk in the park",61,4,,false
9,20,0,NONE,"rXOAjOMF","Walk in the park",60,4,,false
9,20,0,NONE,"FA9sK5rM","Quite likely",46,5,,false
9,20,0,NONE,"xAS1z3HR","Walk in the park",28,5,,false
9,20,0,NONE,"HfSlmCWz","Hmmm....",80,6,,false
9,20,0,NONE,"f1r08mll","Suicide mission",141,2,1,false
9,20,0,NONE,"ddGiWdns","Suicide mission",128,3,1,false
9,21,0,NONE,"Vbo1Au50","Playing with fire",66,1,,false
9,21,0,NONE,"XYQNKxyb","Gamble",61,3,,false
9,21,0,NONE,"tRaVbYQ1","Walk in the park",61,3,,false
9,21,0,NONE,"rXOAjOMF","Walk in the park",60,3,,false
9,21,0,NONE,"FA9sK5rM","Quite likely",46,4,,false
9,21,0,NONE,"xAS1z3HR","Walk in the park",28,4,,false
9,21,0,NONE,"HfSlmCWz","Hmmm....",80,5,,false
9,21,0,NONE,"f1r08mll","Suicide mission",141,1,1,false
9,21,0,NONE,"ddGiWdns","Suicide mission",128,2,1,false
9,21,0,NONE,"PhZTlgQH","Walk in the park",104,7,,true
9,22,0,NONE,"XYQNKxyb","Gamble",61,2,,false
9,22,0,NONE,"tRaVbYQ1","Walk in the park",61,2,,false
9,22,0,NONE,"rXOAjOMF","Walk in the park",60,2,,false
9,22,0,NONE,"FA9sK5rM","Quite likely",46,3,,false
9,22,0,NONE,"xAS1z3HR","Walk in the park",28,3,,false
9,22,0,NONE,"HfSlmCWz","Hmmm....",80,4,,false
9,22,0,NONE,"ddGiWdns","Suicide mission",128,1,1,true
9,22,0,NONE,"816iAPND","Suicide mission",122,3,1,false
9,22,0,NONE,"q2VusCLM","Piece of cake",89,7,,false
9,22,0,NONE,"Kzdge22H","Suicide mission",159,3,1,false
9,23,0,NONE,"XYQNKxyb","Gamble",61,1,,false
9,23,0,NONE,"tRaVbYQ1","Walk in the park",61,1,,false
9,23,0,NONE,"rXOAjOMF","Walk in the park",60,1,,true
9,23,0,NONE,"FA9sK5rM","Quite likely",46,2,,false
9,23,0,NONE,"xAS1z3HR","Walk in the park",28,2,,false
9,23,0,NONE,"HfSlmCWz","Hmmm....",80,3,,false
9,23,0,NONE,"816iAPND","Suicide mission",122,2,1,false
9,23,0,NONE,"q2VusCLM","Piece of cake",89,6,,false
9,23,0,NONE,"Kzdge22H","Suicide mission",159,2,1,false
9,23,0,NONE,"gmqzWeuG","Walk in the park",69,7,,false
9,24,0,NONE,"FA9sK5rM","Quite likely",46,1,,false
9,24,0,NONE,"xAS1z3HR","Walk in the park",28,1,,false
9,24,0,NONE,"HfSlmCWz","Hmmm....",80,2,,false
9,24,0,NONE,"816iAPND","Suicide mission",122,1,1,true
9,24,0,NONE,"q2VusCLM","Piece of cake",89,5,,false
9,24,0,NONE,"Kzdge22H","Suicide mission",159,1,1,false
9,24,0,NONE,"gmqzWeuG","Walk in the park",69,6,,false
9,24,0,NONE,"L1B466R3","Piece of cake",51,7,,false
9,24,0,NONE,"4GQgv1xF","Hmmm....",109,7,,false
9,24,0,NONE,"pctNMEL2","Suicide mission",127,3,1,false
9,26,0,NONE,"q2VusCLM","Piece of cake",89,3,,false
9,26,0,NONE,"gmqzWeuG","Walk in the park",69,4,,false
9,26,0,NONE,"L1B466R3","Piece of cake",51,5,,false
9,26,0,NONE,"4GQgv1xF","Hmmm....",109,5,,false
9,26,0,NONE,"pctNMEL2","Suicide mission",127,1,1,false
9,26,0,NONE,"aD1hmdZ9","Sure thing",118,6,,true
9,26,0,NONE,"04kG5GGB","Suicide mission",151,2,1,false
9,26,0,NONE,"WfbKdfON","Quite likely",114,6,,false
9,26,0,NONE,"EL6q9GuR","Rather detrimental",138,2,1,false
9,26,0,NONE,"4Ysa0DnP","Piece of cake",74,7,,false
9,27,0,NONE,"q2VusCLM","Piece of cake",89,2,,false
9,27,0,NONE,"gmqzWeuG","Walk in the park",69,3,,false
9,27,0,NONE,"L1B466R3","Piece of cake",51,4,,false
9,27,0,NONE,"4GQgv1xF","Hmmm....",109,4,,false
9,27,0,NONE,"04kG5GGB","Suicide mission",151,1,1,false
9,27,0,NONE,"WfbKdfON","Quite likely",114,5,,false
9,27,0,NONE,"EL6q9GuR","Rather detrimental",138,1,1,false
9,27,0,NONE,"4Ysa0DnP","Piece of cake",74,6,,true
9,27,0,NONE,"naphOhTX","Hmmm....",127,7,,false
9,27,0,NONE,"kpp8ImXW","Suicide mission",115,2,2,false
9,29,0,NONE,"gmqzWeuG","Walk in the park",69,1,,false
9,29,0,NONE,"L1B466R3","Piece of cake",51,2,,true
9,29,0,NONE,"4GQgv1xF","Hmmm....",109,2,,false
9,29,0,NONE,"WfbKdfON","Quite likely",114,3,,false
9,29,0,NONE,"naphOhTX","Hmmm....",127,5,,false
9,29,0,NONE,"gKOACcJW","Gamble",143,1,1,false
9,29,0,NONE,"1edO5c5R","Impossible",116,1,2,false
9,29,0,NONE,"rXjwj7Ww","Playing with fire",172,1,1,false
9,29,0,NONE,"qc0bbdpj","Suicide mission",120,2,1,false
9,29,0,NONE,"oiIe75Zp","Suicide mission",113,2,2,false
9,30,0,NONE,"4GQgv1xF","Hmmm....",109,1,,false
9,30,0,NONE,"WfbKdfON","Quite likely",114,2,,false
9,30,0,NONE,"naphOhTX","Hmmm....",127,4,,true
9,30,0,NONE,"qc0bbdpj","Suicide mission",120,1,1,false
9,30,0,NONE,"oiIe75Zp","Suicide mission",113,1,2,false
9,30,0,NONE,"9ztIkNoZ","Suicide mission",149,3,1,false
9,30,0,NONE,"hYTC2F9w","Hmmm....",154,2,1,false
9,30,0,NONE,"AhqP5znG","Risky",132,2,1,false
9,30,0,NONE,"rwaYWIZm","Gamble",88,7,,false
9,30,0,NONE,"AZaL7DES","Rather detrimental",140,3,1,false
9,32,0,NONE,"9ztIkNoZ","Suicide mission",149,1,1,false
9,32,0,NONE,"rwaYWIZm","Gamble",88,5,,true
9,32,0,NONE,"AZaL7DES","Rather detrimental",140,1,1,false
9,32,0,NONE,"XPNAI4UJ","Gamble",138,1,1,false
9,32,0,NONE,"aJPDdlFr","Risky",139,2,1,false
9,32,0,NONE,"3chMAlT1","Suicide mission",131,2,1,false
9,32,0,NONE,"YYGsAPpo","Playing with fire",78,6,,false
9,32,0,NONE,"mkWtci3f","Risky",144,2,1,false
9,32,0,NONE,"eing91xZ","Piece of cake",94,7,,false
9,32,0,NONE,"5yAs96jB","Risky",116,2,1,false
9,33,0,NONE,"aJPDdlFr","Risky",139,1,1,false
9,33,0,NONE,"3chMAlT1","Suicide mission",131,1,1,true
9,33,0,NONE,"YYGsAPpo","Playing with fire",78,5,,false
9,33,0,NONE,"mkWtci3f","Risky",144,1,1,false
9,33,0,NONE,"eing91xZ","Piece of cake",94,6,,false
9,33,0,NONE,"5yAs96jB","Risky",116,1,1,false
9,33,0,NONE,"qfb8HM68","Suicide mission",129,3,1,false
9,33,0,NONE,"jmlTqzHq","Risky",93,7,,false
9,33,0,NONE,"MIuEJtVO","Rather detrimental",124,2,1,false
9,33,0,NONE,"cY4HMv5e","Risky",140,3,1,false
9,35,0,NONE,"YYGsAPpo","Playing with fire",78,3,,false
9,35,0,NONE,"eing91xZ","Piece of cake",94,4,,false
9,35,0,NONE,"qfb8HM68","Suicide mission",129,1,1,false
9,35,0,NONE,"jmlTqzHq","Risky",93,5,,false
9,35,0,NONE,"cY4HMv5e","Risky",140,1,1,true
9,35,0,NONE,"Az3PVDXR","Rather detrimental",103,6,,false
9,35,0,NONE,"nREkHxHh","Risky",131,1,1,false
9,35,0,NONE,"fRyDlxUL","Walk in the park",110,6,,false
9,35,0,NONE,"oSEfPpPI","Playing with fire",136,2,1,false
9,35,0,NONE,"fwe2Wh1k","Gamble",105,7,,false
9,36,0,NONE,"YYGsAPpo","Playing with fire",78,2,,false
9,36,0,NONE,"eing91xZ","Piece of cake",94,3,,false
9,36,0,NONE,"jmlTqzHq","Risky",93,4,,false
9,36,0,NONE,"Az3PVDXR","Rather detrimental",103,5,,false
9,36,0,NONE,"fRyDlxUL","Walk in the park",110,5,,false
9,36,0,NONE,"oSEfPpPI","Playing with fire",136,1,1,true
9,36,0,NONE,"fwe2Wh1k","Gamble",105,6,,false
9,36,0,NONE,"kDWHXEHv","Piece of cake",103,7,,false
9,36,0,NONE,"ThoZ3wlh","Sure thing",94,7,,false
9,36,0,NONE,"mbN1RFho","Playing with fire",93,7,,false
9,38,0,NONE,"eing91xZ","Piece of cake",94,1,,true
9,38,0,NONE,"jmlTqzHq","Risky",93,2,,false
9,38,0,NONE,"Az3PVDXR","Rather detrimental",103,3,,false
9,38,0,NONE,"fRyDlxUL","Walk in the park",110,3,,false
9,38,0,NONE,"fwe2Wh1k","Gamble",105,4,,false
9,38,0,NONE,"kDWHXEHv","Piece of cake",103,5,,false
9,38,0,NONE,"ThoZ3wlh","Sure thing",94,5,,false
9,38,0,NONE,"mbN1RFho","Playing with fire",93,5,,false
9,38,0,NONE,"hAPVYYYZ","Suicide mission",100,6,,false
9,38,0,NONE,"UFnRDrmi","Gamble",78,7,,false
9,39,0,NONE,"jmlTqzHq","Risky",93,1,,false
9,39,0,NONE,"Az3PVDXR","Rather detrimental",103,2,,false
9,39,0,NONE,"fRyDlxUL","Walk in the park",110,2,,false
9,39,0,NONE,"fwe2Wh1k","Gamble",105,3,,false
9,39,0,NONE,"kDWHXEHv","Piece of cake",103,4,,false
9,39,0,NONE,"ThoZ3wlh","Sure thing",94,4,,true
9,39,0,NONE,"mbN1RFho","Playing with fire",93,4,,false
9,39,0,NONE,"hAPVYYYZ","Suicide mission",100,5,,false
9,39,0,NONE,"UFnRDrmi","Gamble",78,6,,false
9,39,0,NONE,"rWrW7gjj","Walk in the park",97,7,,false
9,40,0,NONE,"Az3PVDXR","Rather detrimental",103,1,,false
9,40,0,NONE,"fRyDlxUL","Walk in the park",110,1,,true
9,40,0,NONE,"fwe2Wh1k","Gamble",105,2,,false
9,40,0,NONE,"kDWHXEHv","Piece of cake",103,3,,false
9,40,0,NONE,"mbN1RFho","Playing with fire",93,3,,false
9,40,0,NONE,"hAPVYYYZ","Suicide mission",100,4,,false
9,40,0,NONE,"UFnRDrmi","Gamble",78,5,,false
9,40,0,NONE,"rWrW7gjj","Walk in the park",97,6,,false
9,40,0,NONE,"HT1kKbVt","Walk in the park",76,7,,false
9,40,0,NONE,"lJ77uHXI","Risky",81,7,,false
9,41,0,NONE,"fwe2Wh1k","Gamble",105,1,,true
9,41,0,NONE,"kDWHXEHv","Piece of cake",103,2,,false
9,41,0,NONE,"mbN1RFho","Playing with fire",93,2,,false
9,41,0,NONE,"hAPVYYYZ","Suicide mission",100,3,,false
9,41,0,NONE,"UFnRDrmi","Gamble",78,4,,false
9,41,0,NONE,"rWrW7gjj","Walk in the park",97,5,,false
9,41,0,NONE,"HT1kKbVt","Walk in the park",76,6,,false
9,41,0,NONE,"lJ77uHXI","Risky",81,6,,false
9,41,0,NONE,"kk98cl2q","Suicide mission",81,7,,false
9,41,0,NONE,"7EmqOfjC","Rather detrimental",74,7,,false
9,43,0,NONE,"hAPVYYYZ","Suicide mission",100,1,,false
9,43,0,NONE,"UFnRDrmi","Gamble",78,2,,false
9,43,0,NONE,"rWrW7gjj","Walk in the park",97,3,,false
9,43,0,NONE,"HT1kKbVt","Walk in the park",76,4,,false
9,43,0,NONE,"lJ77uHXI","Risky",81,4,,false
9,43,0,NONE,"kk98cl2q","Suicide mission",81,5,,true
9,43,0,NONE,"7EmqOfjC","Rather detrimental",74,5,,false
9,43,0,NONE,"VqGAquwg","Piece of cake",50,6,,false
9,43,0,NONE,"4bCh1aMX","Quite likely",87,7,,false
9,43,0,NONE,"UkHbXPkX","Risky",84,7,,false
9,45,0,NONE,"rWrW7gjj","Walk in the park",97,1,,false
9,45,0,NONE,"HT1kKbVt","Walk in the park",76,2,,false
9,45,0,NONE,"lJ77uHXI","Risky",81,2,,false
9,45,0,NONE,"7EmqOfjC","Rather detrimental",74,3,,false
9,45,0,NONE,"VqGAquwg","Piece of cake",50,4,,true
9,45,0,NONE,"4bCh1aMX","Quite likely",87,5,,false
9,45,0,NONE,"UkHbXPkX","Risky",84,5,,false
9,45,0,NONE,"98qmnqVr","Suicide mission",66,6,,false
9,45,0,NONE,"XlU52NNe","Playing with fire",60,6,,false
9,45,0,NONE,"bHACH746","Quite likely",82,7,,false
9,46,0,NONE,"HT1kKbVt","Walk in the park",76,1,,false
9,46,0,NONE,"lJ77uHXI","Risky",81,1,,true
9,46,0,NONE,"7EmqOfjC","Rather detrimental",74,2,,false
9,46,0,NONE,"4bCh1aMX","Quite likely",87,4,,false
9,46,0,NONE,"UkHbXPkX","Risky",84,4,,false
9,46,0,NONE,"98qmnqVr","Suicide mission",66,5,,false
9,46,0,NONE,"XlU52NNe","Playing with fire",60,5,,false
9,46,0,NONE,"bHACH746","Quite likely",82,6,,false
9,46,0,NONE,"lF8tQFVB","Hmmm....",61,7,,false
9,46,0,NONE,"DlpVsybu","Risky",64,7,,false
9,48,0,NONE,"4bCh1aMX","Quite likely",87,2,,true
9,48,0,NONE,"UkHbXPkX","Risky",84,2,,false
9,48,0,NONE,"98qmnqVr","Suicide mission",66,3,,false
9,48,0,NONE,"XlU52NNe","Playing with fire",60,3,,false
9,48,0,NONE,"bHACH746","Quite likely",82,4,,false
9,48,0,NONE,"lF8tQFVB","Hmmm....",61,5,,false
9,48,0,NONE,"DlpVsybu","Risky",64,5,,false
9,48,0,NONE,"rDNLlLwT","Risky",86,6,,false
9,48,0,NONE,"b2XG3JBN","Risky",80,6,,false
9,48,0,NONE,"6FAvZ377","Hmmm....",63,7,,false
9,49,0,NONE,"UkHbXPkX","Risky",84,1,,false
9,49,0,NONE,"98qmnqVr","Suicide mission",66,2,,false
9,49,0,NONE,"XlU52NNe","Playing with fire",60,2,,false
9,49,0,NONE,"bHACH746","Quite likely",82,3,,false
9,49,0,NONE,"lF8tQFVB","Hmmm....",61,4,,false
9,49,0,NONE,"DlpVsybu","Risky",64,4,,false
9,49,0,NONE,"rDNLlLwT","Risky",86,5,,false
9,49,0,NONE,"b2XG3JBN","Risky",80,5,,true
9,49,0,NONE,"6FAvZ377","Hmmm....",63,6,,false
9,49,0,NONE,"496ebJ7J","Suicide mission",80,7,,false
10,0,0,NONE,"hqlo1SMj","Quite likely",22,7,,false
10,0,0,NONE,"22LmL8kF","Piece of cake",66,7,,false
10,0,0,NONE,"snyRMmYu","Gamble",37,7,,false
10,0,0,NONE,"P4hHhutI","Quite likely",24,7,,false
10,0,0,NONE,"HqZDRFde","Quite likely",23,7,,false
10,0,0,NONE,"hJLCYsO8","Piece of cake",2,7,,false
10,0,0,NONE,"BIc8DvuB","Piece of cake",67,7,,false
10,0,0,NONE,"4VrpquFK","Quite likely",19,7,,false
10,0,0,NONE,"TCd0LRo9","Sure thing",6,7,,true
10,0,0,NONE,"9hcZfE8e","Walk in the park",8,7,,false
10,1,0,NONE,"hqlo1SMj","Quite likely",22,6,,false
10,1,0,NONE,"22LmL8kF","Piece of cake",66,6,,true
10,1,0,NONE,"snyRMmYu","Gamble",37,6,,false
10,1,0,NONE,"P4hHhutI","Quite likely",24,6,,false
10,1,0,NONE,"HqZDRFde","Quite likely",23,6,,false
10,1,0,NONE,"hJLCYsO8","Piece of cake",2,6,,false
10,1,0,NONE,"BIc8DvuB","Piece of cake",67,6,,false
10,1,0,NONE,"4VrpquFK","Quite likely",19,6,,false
10,1,0,NONE,"9hcZfE8e","Walk in the park",8,6,,false
10,1,0,NONE,"Ys86BRVz","Quite likely",25,7,,false
10,2,0,NONE,"hqlo1SMj","Quite likely",22,5,,false
10,2,0,NONE,"snyRMmYu","Gamble",37,5,,false
10,2,0,NONE,"P4hHhutI","Quite likely",24,5,,false
10,2,0,NONE,"HqZDRFde","Quite likely",23,5,,false
10,2,0,NONE,"hJLCYsO8","Piece of cake",2,5,,false
10,2,0,NONE,"BIc8DvuB","Piece of cake",67,5,,true
10,2,0,NONE,"4VrpquFK","Quite likely",19,5,,false
10,2,0,NONE,"9hcZfE8e","Walk in the park",8,5,,false
10,2,0,NONE,"Ys86BRVz","Quite likely",25,6,,false
10,2,0,NONE,"u1XtbR0m","Quite likely",36,7,,false
10,3,0,NONE,"hqlo1SMj","Quite likely",22,4,,false
10,3,0,NONE,"snyRMmYu","Gamble",37,4,,false
10,3,0,NONE,"P4hHhutI","Quite likely",24,4,,false
10,3,0,NONE,"HqZDRFde","Quite likely",23,4,,false
10,3,0,NONE,"hJLCYsO8","Piece of cake",2,4,,false
10,3,0,NONE,"4VrpquFK","Quite likely",19,4,,false
10,3,0,NONE,"9hcZfE8e","Walk in the park",8,4,,false
10,3,0,NONE,"Ys86BRVz","Quite likely",25,5,,false
10,3,0,NONE,"u1XtbR0m","Quite likely",36,6,,false
10,3,0,NONE,"OSq8mGXF","Sure thing",48,7,,true
10,4,0,NONE,"hqlo1SMj","Quite likely",22,3,,false
10,4,0,NONE,"snyRMmYu","Gamble",37,3,,false
10,4,0,NONE,"P4hHhutI","Quite likely",24,3,,false
10,4,0,NONE,"HqZDRFde","Quite likely",23,3,,false
10,4,0,NONE,"hJLCYsO8","Piece of cake",2,3,,true
10,4,0,NONE,"4VrpquFK","Quite likely",19,3,,false
10,4,0,NONE,"9hcZfE8e","Walk in the park",8,3,,false
10,4,0,NONE,"Ys86BRVz","Quite likely",25,4,,false
10,4,0,NONE,"u1XtbR0m","Quite likely",36,5,,false
10,4,0,NONE,"2K1l6paE","Quite likely",39,7,,false
10,5,0,NONE,"hqlo1SMj","Quite likely",22,2,,false
10,5,0,NONE,"snyRMmYu","Gamble",37,2,,false
10,5,0,NONE,"P4hHhutI","Quite likely",24,2,,false
10,5,0,NONE,"HqZDRFde","Quite likely",23,2,,false
10,5,0,NONE,"4VrpquFK","Quite likely",19,2,,false
10,5,0,NONE,"9hcZfE8e","Walk in the park",8,2,,false
10,5,0,NONE,"Ys86BRVz","Quite likely",25,3,,false
10,5,0,NONE,"u1XtbR0m","Quite likely",36,4,,false
10,5,0,NONE,"2K1l6paE","Quite likely",39,6,,false
10,5,0,NONE,"mYwoqV6q","Piece of cake",8,7,,true
10,6,0,NONE,"hqlo1SMj","Quite likely",22,1,,false
10,6,0,NONE,"snyRMmYu","Gamble",37,1,,false
10,6,0,NONE,"P4hHhutI","Quite likely",24,1,,false
10,6,0,NONE,"HqZDRFde","Quite likely",23,1,,false
10,6,0,NONE,"4VrpquFK","Quite likely",19,1,,true
10,6,0,NONE,"9hcZfE8e","Walk in the park",8,1,,false
10,6,0,NONE,"Ys86BRVz","Quite likely",25,2,,false
10,6,0,NONE,"u1XtbR0m","Quite likely",36,3,,false
10,6,0,NONE,"2K1l6paE","Quite likely",39,5,,false
10,6,0,NONE,"s4rLtijr","Hmmm....",29,7,,false
10,7,0,NONE,"Ys86BRVz","Quite likely",25,1,,true
10,7,0,NONE,"u1XtbR0m","Quite likely",36,2,,false
10,7,0,NONE,"2K1l6paE","Quite likely",39,4,,false
10,7,0,NONE,"s4rLtijr","Hmmm....",29,6,,false
10,7,0,NONE,"LI2x9dX8","Hmmm....",12,7,,false
10,7,0,NONE,"INUfP9CI","Piece of cake",56,7,,false
10,7,0,NONE,"sTFVEp86","Gamble",60,7,,false
10,7,0,NONE,"3DGKsyDE","Sure thing",59,7,,false
10,7,0,NONE,"zubjjIEJ","Piece of cake",13,7,,false
10,7,0,NONE,"Og35yh0s","Hmmm....",22,7,,false
10,8,0,NONE,"u1XtbR0m","Quite likely",36,1,,true
10,8,0,NONE,"2K1l6paE","Quite likely",39,3,,false
10,8,0,NONE,"s4rLtijr","Hmmm....",29,5,,false
10,8,0,NONE,"LI2x9dX8","Hmmm....",12,6,,false
10,8,0,NONE,"INUfP9CI","Piece of cake",56,6,,false
10,8,0,NONE,"sTFVEp86","Gamble",60,6,,false
10,8,0,NONE,"3DGKsyDE","Sure thing",59,6,,false
10,8,0,NONE,"zubjjIEJ","Piece of cake",13,6,,false
10,8,0,NONE,"Og35yh0s","Hmmm....",22,6,,false
10,8,0,NONE,"NoIoi9xQ","Risky",37,7,,false
10,9,0,NONE,"2K1l6paE","Quite likely",39,2,,false
10,9,0,NONE,"s4rLtijr","Hmmm....",29,4,,false
10,9,0,NONE,"LI2x9dX8","Hmmm....",12,5,,false
10,9,0,NONE,"INUfP9CI","Piece of cake",56,5,,false
10,9,0,NONE,"sTFVEp86","Gamble",60,5,,false
10,9,0,NONE,"3DGKsyDE","Sure thing",59,5,,true
10,9,0,NONE,"zubjjIEJ","Piece of cake",13,5,,false
10,9,0,NONE,"Og35yh0s","Hmmm....",22,5,,false
10,9,0,NONE,"NoIoi9xQ","Risky",37,6,,false
10,9,0,NONE,"YPsz1rha","Risky",54,7,,false
10,10,0,NONE,"2K1l6paE","Quite likely",39,1,,false
10,10,0,NONE,"s4rLtijr","Hmmm....",29,3,,false
10,10,0,NONE,"LI2x9dX8","Hmmm....",12,4,,false
10,10,0,NONE,"INUfP9CI","Piece of cake",56,4,,true
10,10,0,NONE,"sTFVEp86","Gamble",60,4,,false
10,10,0,NONE,"zubjjIEJ","Piece of cake",13,4,,false
10,10,0,NONE,"Og35yh0s","Hmmm....",22,4,,false
10,10,0,NONE,"NoIoi9xQ","Risky",37,5,,false
10,10,0,NONE,"YPsz1rha","Risky",54,6,,false
10,10,0,NONE,"pqGj5qbX","Playing with fire",70,7,,false
10,11,0,NONE,"s4rLtijr","Hmmm....",29,2,,false
10,11,0,NONE,"LI2x9dX8","Hmmm....",12,3,,false
10,11,0,NONE,"sTFVEp86","Gamble",60,3,,false
10,11,0,NONE,"zubjjIEJ","Piece of cake",13,3,,false
10,11,0,NONE,"Og35yh0s","Hmmm....",22,3,,false
10,11,0,NONE,"NoIoi9xQ","Risky",37,4,,false
10,11,0,NONE,"YPsz1rha","Risky",54,5,,false
10,11,0,NONE,"pqGj5qbX","Playing with fire",70,6,,false
10,11,0,NONE,"vCl8x1YZ","Sure thing",23,7,,false
10,11,0,NONE,"UXsAcJS0","Sure thing",56,7,,true
10,12,0,NONE,"s4rLtijr","Hmmm....",29,1,,false
10,12,0,NONE,"LI2x9dX8","Hmmm....",12,2,,false
10,12,0,NONE,"sTFVEp86","Gamble",60,2,,false
10,12,0,NONE,"zubjjIEJ","Piece of cake",13,2,,false
10,12,0,NONE,"Og35yh0s","Hmmm....",22,2,,false
10,12,0,NONE,"NoIoi9xQ","Risky",37,3,,false
10,12,0,NONE,"YPsz1rha","Risky",54,4,,false
10,12,0,NONE,"pqGj5qbX","Playing with fire",70,5,,false
10,12,0,NONE,"vCl8x1YZ","Sure thing",23,6,,true
10,12,0,NONE,"kXfSdS0a","Walk in the park",23,7,,false
10,13,0,NONE,"LI2x9dX8","Hmmm....",12,1,,false
10,13,0,NONE,"sTFVEp86","Gamble",60,1,,false
10,13,0,NONE,"zubjjIEJ","Piece of cake",13,1,,true
10,13,0,NONE,"Og35yh0s","Hmmm....",22,1,,false
10,13,0,NONE,"NoIoi9xQ","Risky",37,2,,false
10,13,0,NONE,"YPsz1rha","Risky",54,3,,false
10,13,0,NONE,"pqGj5qbX","Playing with fire",70,4,,false
10,13,0,NONE,"kXfSdS0a","Walk in the park",23,6,,false
10,13,0,NONE,"HhJ2nx1x","Piece of cake",44,7,,false
10,13,0,NONE,"Qd2HCtMr","Piece of cake",86,7,,false
10,14,0,NONE,"NoIoi9xQ","Risky",37,1,,false
10,14,0,NONE,"YPsz1rha","Risky",54,2,,false
10,14,0,NONE,"pqGj5qbX","Playing with fire",70,3,,false
10,14,0,NONE,"kXfSdS0a","Walk in the park",23,5,,false
10,14,0,NONE,"HhJ2nx1x","Piece of cake",44,6,,false
10,14,0,NONE,"Qd2HCtMr","Piece of cake",86,6,,false
10,14,0,NONE,"bB5gsFFB","Sure thing",18,7,,true
10,14,0,NONE,"ABztJ6sK","Piece of cake",71,7,,false
10,14,0,NONE,"X8x20WqS","Walk in the park",73,7,,false
10,14,0,NONE,"aqSRR1V6","Hmmm....",34,7,,false
10,15,0,NONE,"YPsz1rha","Risky",54,1,,false
10,15,0,NONE,"pqGj5qbX","Playing with fire",70,2,,false
10,15,0,NONE,"kXfSdS0a","Walk in the park",23,4,,false
10,15,0,NONE,"HhJ2nx1x","Piece of cake",44,5,,false
10,15,0,NONE,"Qd2HCtMr","Piece of cake",86,5,,false
10,15,0,NONE,"ABztJ6sK","Piece of cake",71,6,,true
10,15,0,NONE,"X8x20WqS","Walk in the park",73,6,,false
10,15,0,NONE,"aqSRR1V6","Hmmm....",34,6,,false
10,15,0,NONE,"rBJWqTAM","Piece of cake",28,7,,false
10,15,0,NONE,"6dE30juo","Hmmm....",65,7,,false
10,16,0,NONE,"pqGj5qbX","Playing with fire",70,1,,false
10,16,0,NONE,"kXfSdS0a","Walk in the park",23,3,,false
10,16,0,NONE,"HhJ2nx1x","Piece of cake",44,4,,true
10,16,0,NONE,"Qd2HCtMr","Piece of cake",86,4,,false
10,16,0,NONE,"X8x20WqS","Walk in the park",73,5,,false
10,16,0,NONE,"aqSRR1V6","Hmmm....",34,5,,false
10,16,0,NONE,"rBJWqTAM","Piece of cake",28,6,,false
10,16,0,NONE,"6dE30juo","Hmmm....",65,6,,false
10,16,0,NONE,"ts1vV1ok","Rather detrimental",19,7,,false
10,16,0,NONE,"H6y7eXMz","Hmmm....",76,7,,false
10,17,0,NONE,"kXfSdS0a","Walk in the park",23,2,,false
10,17,0,NONE,"Qd2HCtMr","Piece of cake",86,3,,true
10,17,0,NONE,"X8x20WqS","Walk in the park",73,4,,false
10,17,0,NONE,"aqSRR1V6","Hmmm....",34,4,,false
10,17,0,NONE,"rBJWqTAM","Piece of cake",28,5,,false
10,17,0,NONE,"6dE30juo","Hmmm....",65,5,,false
10,17,0,NONE,"ts1vV1ok","Rather detrimental",19,6,,false
10,17,0,NONE,"H6y7eXMz","Hmmm....",76,6,,false
10,17,0,NONE,"xF4GRHNj","Hmmm....",137,2,1,false
10,17,0,NONE,"oQBGT59J","Suicide mission",121,2,1,false
10,18,0,NONE,"kXfSdS0a","Walk in the park",23,1,,false
10,18,0,NONE,"X8x20WqS","Walk in the park",73,3,,false
10,18,0,NONE,"aqSRR1V6","Hmmm....",34,3,,false
10,18,0,NONE,"rBJWqTAM","Piece of cake",28,4,,false
10,18,0,NONE,"6dE30juo","Hmmm....",65,4,,false
10,18,0,NONE,"ts1vV1ok","Rather detrimental",19,5,,false
10,18,0,NONE,"H6y7eXMz","Hmmm....",76,5,,false
10,18,0,NONE,"xF4GRHNj","Hmmm....",137,1,1,false
10,18,0,NONE,"oQBGT59J","Suicide mission",121,1,1,false
10,18,0,NONE,"OdmYXYRk","Hmmm....",71,7,,true
10,19,0,NONE,"X8x20WqS","Walk in the park",73,2,,false
10,19,0,NONE,"aqSRR1V6","Hmmm....",34,2,,false
10,19,0,NONE,"rBJWqTAM","Piece of cake",28,3,,false
10,19,0,NONE,"6dE30juo","Hmmm....",65,3,,false
10,19,0,NONE,"ts1vV1ok","Rather detrimental",19,4,,false
10,19,0,NONE,"H6y7eXMz","Hmmm....",76,4,,false
10,19,0,NONE,"vJARUsTh","Sure thing",160,7,,false
10,19,0,NONE,"Yu79CaIO","Sure thing",179,7,,true
10,19,0,NONE,"7NybFnfQ","Rather detrimental",105,3,1,false
10,19,0,NONE,"vMTF4Xlx","Walk in the park",132,3,1,false
10,20,0,NONE,"X8x20WqS","Walk in the park",73,1,,false
10,20,0,NONE,"aqSRR1V6","Hmmm....",34,1,,true
10,20,0,NONE,"rBJWqTAM","Piece of cake",28,2,,false
10,20,0,NONE,"6dE30juo","Hmmm....",65,2,,false
10,20,0,NONE,"ts1vV1ok","Rather detrimental",19,3,,false
10,20,0,NONE,"H6y7eXMz","Hmmm....",76,3,,false
10,20,0,NONE,"vJARUsTh","Sure thing",160,6,,false
10,20,0,NONE,"7NybFnfQ","Rather detrimental",105,2,1,false
10,20,0,NONE,"vMTF4Xlx","Walk in the park",132,2,1,false
10,20,0,NONE,"AiBtijt6","Suicide mission",152,2,1,false
10,22,0,NONE,"ts1vV1ok","Rather detrimental",19,1,,false
10,22,0,NONE,"H6y7eXMz","Hmmm....",76,1,,false
10,22,0,NONE,"vJARUsTh","Sure thing",160,4,,false
10,22,0,NONE,"7v3MjG4R","Piece of cake",77,6,,false
10,22,0,NONE,"LJ5aindP","Sure thing",129,6,,true
10,22,0,NONE,"a53GbhJX","Walk in the park",94,7,,false
10,22,0,NONE,"ZXllo2rZ","Walk in the park",60,7,,false
10,22,0,NONE,"INFS349B","Walk in the park",67,7,,false
10,22,0,NONE,"Fyceh7fU","Suicide mission",124,2,1,false
10,22,0,NONE,"lIl8FgIi","Piece of cake",111,7,,false
10,24,0,NONE,"vJARUsTh","Sure thing",160,2,,false
10,24,0,NONE,"7v3MjG4R","Piece of cake",77,4,,false
10,24,0,NONE,"a53GbhJX","Walk in the park",94,5,,false
10,24,0,NONE,"ZXllo2rZ","Walk in the park",60,5,,false
10,24,0,NONE,"INFS349B","Walk in the park",67,5,,false
10,24,0,NONE,"lIl8FgIi","Piece of cake",111,5,,false
10,24,0,NONE,"nE0ZxLdq","Sure thing",156,6,,true
10,24,0,NONE,"IbhQ14eO","Gamble",145,2,1,false
10,24,0,NONE,"HQHQAghY","Hmmm....",117,6,,false
10,24,0,NONE,"f5lGOt8k","Quite likely",117,3,1,false
10,26,0,NONE,"7v3MjG4R","Piece of cake",77,2,,false
10,26,0,NONE,"a53GbhJX","Walk in the park",94,3,,false
10,26,0,NONE,"ZXllo2rZ","Walk in the park",60,3,,false
10,26,0,NONE,"INFS349B","Walk in the park",67,3,,false
10,26,0,NONE,"lIl8FgIi","Piece of cake",111,3,,false
10,26,0,NONE,"HQHQAghY","Hmmm....",117,4,,false
10,26,0,NONE,"f5lGOt8k","Quite likely",117,1,1,false
10,26,0,NONE,"bXWK8vNN","Sure thing",161,6,,true
10,26,0,NONE,"I1caIbPf","Gamble",156,3,1,false
10,26,0,NONE,"RJjAyN4N","Gamble",81,7,,false
10,28,0,NONE,"a53GbhJX","Walk in the park",94,1,,false
10,28,0,NONE,"ZXllo2rZ","Walk in the park",60,1,,false
10,28,0,NONE,"INFS349B","Walk in the park",67,1,,false
10,28,0,NONE,"lIl8FgIi","Piece of cake",111,1,,false
10,28,0,NONE,"HQHQAghY","Hmmm....",117,2,,false
10,28,0,NONE,"I1caIbPf","Gamble",156,1,1,true
10,28,0,NONE,"RJjAyN4N","Gamble",81,5,,false
10,28,0,NONE,"WsPLqAH3","Walk in the park",104,6,,false
10,28,0,NONE,"5MNzj9zA","Hmmm....",104,6,,false
10,28,0,NONE,"gD17FlCA","Gamble",147,2,1,false
10,29,0,NONE,"HQHQAghY","Hmmm....",117,1,,false
10,29,0,NONE,"RJjAyN4N","Gamble",81,4,,true
10,29,0,NONE,"WsPLqAH3","Walk in the park",104,5,,false
10,29,0,NONE,"5MNzj9zA","Hmmm....",104,5,,false
10,29,0,NONE,"gD17FlCA","Gamble",147,1,1,false
10,29,0,NONE,"VbL43xt5","Quite likely",104,7,,false
10,29,0,NONE,"7SD872kL","Risky",121,2,1,false
10,29,0,NONE,"B9aoITiY","Walk in the park",112,7,,false
10,29,0,NONE,"H7ZjmVhQ","Suicide mission",148,3,1,false
10,29,0,NONE,"jNmp1ds6","Suicide mission",145,3,1,false
10,30,0,NONE,"WsPLqAH3","Walk in the park",104,4,,false
10,30,0,NONE,"5MNzj9zA","Hmmm....",104,4,,false
10,30,0,NONE,"VbL43xt5","Quite likely",104,6,,false
10,30,0,NONE,"7SD872kL","Risky",121,1,1,false
10,30,0,NONE,"B9aoITiY","Walk in the park",112,6,,false
10,30,0,NONE,"H7ZjmVhQ","Suicide mission",148,2,1,false
10,30,0,NONE,"jNmp1ds6","Suicide mission",145,2,1,false
10,30,0,NONE,"pF8hhhrX","Walk in the park",92,7,,false
10,30,0,NONE,"CvcGBgJd","Piece of cake",104,7,,true
10,30,0,NONE,"sBwBrRJT","Rather detrimental",155,3,1,false
10,31,0,NONE,"WsPLqAH3","Walk in the park",104,3,,false
10,31,0,NONE,"5MNzj9zA","Hmmm....",104,3,,false
10,31,0,NONE,"VbL43xt5","Quite likely",104,5,,false
10,31,0,NONE,"B9aoITiY","Walk in the park",112,5,,true
10,31,0,NONE,"H7ZjmVhQ","Suicide mission",148,1,1,false
10,31,0,NONE,"jNmp1ds6","Suicide mission",145,1,1,false
10,31,0,NONE,"pF8hhhrX","Walk in the park",92,6,,false
10,31,0,NONE,"sBwBrRJT","Rather detrimental",155,2,1,false
10,31,0,NONE,"5t4kQjb2","Playing with fire",131,3,1,false
10,31,0,NONE,"LnftnNcz","Rather detrimental",136,2,1,false
10,33,0,NONE,"WsPLqAH3","Walk in the park",104,1,,false
10,33,0,NONE,"5MNzj9zA","Hmmm....",104,1,,false
10,33,0,NONE,"VbL43xt5","Quite likely",104,3,,false
10,33,0,NONE,"pF8hhhrX","Walk in the park",92,4,,false
10,33,0,NONE,"5t4kQjb2","Playing with fire",131,1,1,false
10,33,0,NONE,"rJgD9DGF","Suicide mission",137,2,1,false
10,33,0,NONE,"4M2ZAqSE","Suicide mission",141,2,1,false
10,33,0,NONE,"U5i0yrc1","Suicide mission",111,1,1,false
10,33,0,NONE,"xof1Mfd9","Playing with fire",108,3,1,true
10,33,0,NONE,"wWDVSvm0","Hmmm....",133,2,1,false
10,35,0,NONE,"VbL43xt5","Quite likely",104,1,,false
10,35,0,NONE,"pF8hhhrX","Walk in the park",92,2,,false
10,35,0,NONE,"itjMQBXO","Rather detrimental",101,6,,false
10,35,0,NONE,"nCjR9rxC","Hmmm....",134,2,1,false
10,35,0,NONE,"yl3YoZbs","Hmmm....",113,1,1,true
10,35,0,NONE,"NbEq5GiY","Hmmm....",76,6,,false
10,35,0,NONE,"OUYYCECr","Suicide mission",135,1,1,false
10,35,0,NONE,"jbswEMgQ","Risky",103,7,,false
10,35,0,NONE,"qPxW4fsg","Walk in the park",87,7,,false
10,35,0,NONE,"JD2wW5o0","Quite likely",108,7,,false
10,37,0,NONE,"itjMQBXO","Rather detrimental",101,4,,false
10,37,0,NONE,"NbEq5GiY","Hmmm....",76,4,,false
10,37,0,NONE,"jbswEMgQ","Risky",103,5,,false
10,37,0,NONE,"qPxW4fsg","Walk in the park",87,5,,true
10,37,0,NONE,"JD2wW5o0","Quite likely",108,5,,false
10,37,0,NONE,"CeuCyTXc","Hmmm....",90,6,,false
10,37,0,NONE,"2XWL7Gqb","Gamble",88,6,,false
10,37,0,NONE,"uhd5NSXW","Hmmm....",88,6,,false
10,37,0,NONE,"kgXOM6zb","Hmmm....",93,7,,false
10,37,0,NONE,"XSSOTaiw","Quite likely",96,7,,false
10,38,0,NONE,"itjMQBXO","Rather detrimental",101,3,,false
10,38,0,NONE,"NbEq5GiY","Hmmm....",76,3,,false
10,38,0,NONE,"jbswEMgQ","Risky",103,4,,false
10,38,0,NONE,"JD2wW5o0","Quite likely",108,4,,true
10,38,0,NONE,"CeuCyTXc","Hmmm....",90,5,,false
10,38,0,NONE,"2XWL7Gqb","Gamble",88,5,,false
10,38,0,NONE,"uhd5NSXW","Hmmm....",88,5,,false
10,38,0,NONE,"kgXOM6zb","Hmmm....",93,6,,false
10,38,0,NONE,"XSSOTaiw","Quite likely",96,6,,false
10,38,0,NONE,"TfuvGCuf","Rather detrimental",79,7,,false
10,40,0,NONE,"itjMQBXO","Rather detrimental",101,1,,true
10,40,0,NONE,"NbEq5GiY","Hmmm....",76,1,,false
10,40,0,NONE,"jbswEMgQ","Risky",103,2,,false
10,40,0,NONE,"CeuCyTXc","Hmmm....",90,3,,false
10,40,0,NONE,"2XWL7Gqb","Gamble",88,3,,false
10,40,0,NONE,"uhd5NSXW","Hmmm....",88,3,,false
10,40,0,NONE,"kgXOM6zb","Hmmm....",93,4,,false
10,40,0,NONE,"XSSOTaiw","Quite likely",96,4,,false
10,40,0,NONE,"TfuvGCuf","Rather detrimental",79,5,,false
10,40,0,NONE,"AlvlKguy","Walk in the park",60,6,,false
10,41,0,NONE,"jbswEMgQ","Risky",103,1,,false
10,41,0,NONE,"CeuCyTXc","Hmmm....",90,2,,false
10,41,0,NONE,"2XWL7Gqb","Gamble",88,2,,false
10,41,0,NONE,"uhd5NSXW","Hmmm....",88,2,,false
10,41,0,NONE,"kgXOM6zb","Hmmm....",93,3,,false
10,41,0,NONE,"XSSOTaiw","Quite likely",96,3,,false
10,41,0,NONE,"TfuvGCuf","Rather detrimental",79,4,,false
10,41,0,NONE,"AlvlKguy","Walk in the park",60,5,,true
10,41,0,NONE,"sTNLRVN8","Rather detrimental",79,7,,false
10,41,0,NONE,"7NOK6hT6","Playing with fire",87,7,,false
10,42,0,NONE,"CeuCyTXc","Hmmm....",90,1,,false
10,42,0,NONE,"2XWL7Gqb","Gamble",88,1,,false
10,42,0,NONE,"uhd5NSXW","Hmmm....",88,1,,false
10,42,0,NONE,"kgXOM6zb","Hmmm....",93,2,,false
10,42,0,NONE,"XSSOTaiw","Quite likely",96,2,,false
10,42,0,NONE,"TfuvGCuf","Rather detrimental",79,3,,false
10,42,0,NONE,"sTNLRVN8","Rather detrimental",79,6,,false
10,42,0,NONE,"7NOK6hT6","Playing with fire",87,6,,false
10,42,0,NONE,"5Wpuof74","Rather detrimental",76,7,,false
10,42,0,NONE,"AnR2okGQ","Gamble",89,7,,true
10,44,0,NONE,"TfuvGCuf","Rather detrimental",79,1,,true
10,44,0,NONE,"sTNLRVN8","Rather detrimental",79,4,,false
10,44,0,NONE,"7NOK6hT6","Playing with fire",87,4,,false
10,44,0,NONE,"5Wpuof74","Rather detrimental",76,5,,false
10,44,0,NONE,"htVrhBCM","Rather detrimental",82,6,,false
10,44,0,NONE,"8fH4fE8Y","Risky",96,6,,false
10,44,0,NONE,"IeBu5grk","Playing with fire",92,6,,false
10,44,0,NONE,"iLvonalV","Playing with fire",102,6,,false
10,44,0,NONE,"qvbtSzOX","Quite likely",92,7,,false
10,44,0,NONE,"wyvBY7iY","Playing with fire",80,7,,false
10,45,0,NONE,"sTNLRVN8","Rather detrimental",79,3,,false
10,45,0,NONE,"7NOK6hT6","Playing with fire",87,3,,false
10,45,0,NONE,"5Wpuof74","Rather detrimental",76,4,,false
10,45,0,NONE,"htVrhBCM","Rather detrimental",82,5,,false
10,45,0,NONE,"8fH4fE8Y","Risky",96,5,,false
10,45,0,NONE,"IeBu5grk","Playing with fire",92,5,,false
10,45,0,NONE,"iLvonalV","Playing with fire",102,5,,false
10,45,0,NONE,"qvbtSzOX","Quite likely",92,6,,true
10,45,0,NONE,"wyvBY7iY","Playing with fire",80,6,,false
10,45,0,NONE,"ej8jZLji","Rather detrimental",67,7,,false
10,46,0,NONE,"sTNLRVN8","Rather detrimental",79,2,,false
10,46,0,NONE,"7NOK6hT6","Playing with fire",87,2,,false
10,46,0,NONE,"5Wpuof74","Rather detrimental",76,3,,false
10,46,0,NONE,"htVrhBCM","Rather detrimental",82,4,,false
10,46,0,NONE,"8fH4fE8Y","Risky",96,4,,false
10,46,0,NONE,"IeBu5grk","Playing with fire",92,4,,false
10,46,0,NONE,"iLvonalV","Playing with fire",102,4,,false
10,46,0,NONE,"wyvBY7iY","Playing with fire",80,5,,false
10,46,0,NONE,"ej8jZLji","Rather detrimental",67,6,,false
10,46,0,NONE,"vUrbFMNB","Gamble",70,7,,true
10,47,0,NONE,"sTNLRVN8","Rather detrimental",79,1,,false
10,47,0,NONE,"7NOK6hT6","Playing with fire",87,1,,true
10,47,0,NONE,"5Wpuof74","Rather detrimental",76,2,,false
10,47,0,NONE,"htVrhBCM","Rather detrimental",82,3,,false
10,47,0,NONE,"8fH4fE8Y","Risky",96,3,,false
10,47,0,NONE,"IeBu5grk","Playing with fire",92,3,,false
10,47,0,NONE,"iLvonalV","Playing with fire",102,3,,false
10,47,0,NONE,"wyvBY7iY","Playing with fire",80,4,,false
10,47,0,NONE,"ej8jZLji","Rather detrimental",67,5,,false
10,47,0,NONE,"hwNKEhWo","Gamble",73,7,,false
10,49,0,NONE,"htVrhBCM","Rather detrimental",82,1,,false
10,49,0,NONE,"8fH4fE8Y","Risky",96,1,,false
10,49,0,NONE,"IeBu5grk","Playing with fire",92,1,,false
10,49,0,NONE,"iLvonalV","Playing with fire",102,1,,false
10,49,0,NONE,"wyvBY7iY","Playing with fire",80,2,,false
10,49,0,NONE,"ej8jZLji","Rather detrimental",67,3,,false
10,49,0,NONE,"hwNKEhWo","Gamble",73,5,,false
10,49,0,NONE,"94g3sDdA","Rather detrimental",70,6,,false
10,49,0,NONE,"rWwxWpgF","Rather detrimental",58,6,,false
10,49,0,NONE,"3uQ8ccX3","Playing with fire",58,7,,true
11,0,0,NONE,"TwanarfK","Sure thing",62,7,,true
11,0,0,NONE,"gbJSzPfa","Piece of cake",24,7,,false
11,0,0,NONE,"grvDLvS2","Hmmm....",24,7,,false
11,0,0,NONE,"vJdWZCbQ","Piece of cake",26,7,,false
11,0,0,NONE,"VPXANcZ7","Piece of cake",67,7,,false
11,0,0,NONE,"uA9hndtz","Gamble",25,7,,false
11,0,0,NONE,"UF2FW0QL","Piece of cake",6,7,,false
11,0,0,NONE,"oBDuLeAH","Gamble",71,7,,false
11,0,0,NONE,"yvjQUrwy","Sure thing",8,7,,false
11,0,0,NONE,"FP6ZQNyg","Piece of cake",14,7,,false
11,1,0,NONE,"gbJSzPfa","Piece of cake",24,6,,false
11,1,0,NONE,"grvDLvS2","Hmmm....",24,6,,false
11,1,0,NONE,"vJdWZCbQ","Piece of cake",26,6,,false
11,1,0,NONE,"VPXANcZ7","Piece of cake",67,6,,false
11,1,0,NONE,"uA9hndtz","Gamble",25,6,,false
11,1,0,NONE,"UF2FW0QL","Piece of cake",6,6,,false
11,1,0,NONE,"oBDuLeAH","Gamble",71,6,,false
11,1,0,NONE,"yvjQUrwy","Sure thing",8,6,,true
11,1,0,NONE,"FP6ZQNyg","Piece of cake",14,6,,false
11,1,0,NONE,"n5jHp0Xr","Walk in the park",25,7,,false
11,2,0,NONE,"gbJSzPfa","Piece of cake",24,5,,false
11,2,0,NONE,"grvDLvS2","Hmmm....",24,5,,false
11,2,0,NONE,"vJdWZCbQ","Piece of cake",26,5,,false
11,2,0,NONE,"VPXANcZ7","Piece of cake",67,5,,false
11,2,0,NONE,"uA9hndtz","Gamble",25,5,,false
11,2,0,NONE,"UF2FW0QL","Piece of cake",6,5,,false
11,2,0,NONE,"oBDuLeAH","Gamble",71,5,,false
11,2,0,NONE,"FP6ZQNyg","Piece of cake",14,5,,true
11,2,0,NONE,"n5jHp0Xr","Walk in the park",25,6,,false
11,2,0,NONE,"mbAS9w5i","Piece of cake",46,7,,false
11,3,0,NONE,"gbJSzPfa","Piece of cake",24,4,,false
11,3,0,NONE,"grvDLvS2","Hmmm....",24,4,,false
11,3,0,NONE,"vJdWZCbQ","Piece of cake",26,4,,false
11,3,0,NONE,"VPXANcZ7","Piece of cake",67,4,,false
11,3,0,NONE,"uA9hndtz","Gamble",25,4,,false
11,3,0,NONE,"UF2FW0QL","Piece of cake",6,4,,true
11,3,0,NONE,"oBDuLeAH","Gamble",71,4,,false
11,3,0,NONE,"n5jHp0Xr","Walk in the park",25,5,,false
11,3,0,NONE,"mbAS9w5i","Piece of cake",46,6,,false
11,3,0,NONE,"7Cf3woe3","Walk in the park",22,7,,false
11,4,0,NONE,"gbJSzPfa","Piece of cake",24,3,,false
11,4,0,NONE,"grvDLvS2","Hmmm....",24,3,,false
11,4,0,NONE,"vJdWZCbQ","Piece of cake",26,3,,false
11,4,0,NONE,"VPXANcZ7","Piece of cake",67,3,,true
11,4,0,NONE,"uA9hndtz","Gamble",25,3,,false
11,4,0,NONE,"oBDuLeAH","Gamble",71,3,,false
11,4,0,NONE,"n5jHp0Xr","Walk in the park",25,4,,false
11,4,0,NONE,"mbAS9w5i","Piece of cake",46,5,,false
11,4,0,NONE,"7Cf3woe3","Walk in the park",22,6,,false
11,4,0,NONE,"p2jXBCjw","Piece of cake",59,7,,false
11,5,0,NONE,"gbJSzPfa","Piece of cake",24,2,,true
11,5,0,NONE,"grvDLvS2","Hmmm....",24,2,,false
11,5,0,NONE,"vJdWZCbQ","Piece of cake",26,2,,false
11,5,0,NONE,"uA9hndtz","Gamble",25,2,,false
11,5,0,NONE,"oBDuLeAH","Gamble",71,2,,false
11,5,0,NONE,"n5jHp0Xr","Walk in the park",25,3,,false
11,5,0,NONE,"mbAS9w5i","Piece of cake",46,4,,false
11,5,0,NONE,"7Cf3woe3","Walk in the park",22,5,,false
11,5,0,NONE,"p2jXBCjw","Piece of cake",59,6,,false
11,5,0,NONE,"5Bkxg1sv","Walk in the park",14,7,,false
11,6,0,NONE,"grvDLvS2","Hmmm....",24,1,,false
11,6,0,NONE,"vJdWZCbQ","Piece of cake",26,1,,false
11,6,0,NONE,"uA9hndtz","Gamble",25,1,,false
11,6,0,NONE,"oBDuLeAH","Gamble",71,1,,false
11,6,0,NONE,"n5jHp0Xr","Walk in the park",25,2,,false
11,6,0,NONE,"mbAS9w5i","Piece of cake",46,3,,false
11,6,0,NONE,"7Cf3woe3","Walk in the park",22,4,,false
11,6,0,NONE,"p2jXBCjw","Piece of cake",59,5,,true
11,6,0,NONE,"5Bkxg1sv","Walk in the park",14,6,,false
11,6,0,NONE,"seSaSw8y","Walk in the park",17,7,,false
11,7,0,NONE,"n5jHp0Xr","Walk in the park",25,1,,false
11,7,0,NONE,"mbAS9w5i","Piece of cake",46,2,,false
11,7,0,NONE,"7Cf3woe3","Walk in the park",22,3,,false
11,7,0,NONE,"5Bkxg1sv","Walk in the park",14,5,,false
11,7,0,NONE,"seSaSw8y","Walk in the park",17,6,,false
11,7,0,NONE,"0YlaL9XE","Rather detrimental",45,7,,false
11,7,0,NONE,"CrqhprWu","Walk in the park",45,7,,true
11,7,0,NONE,"ZFIzT4uG","Piece of cake",61,7,,false
11,7,0,NONE,"WwfGlufU","Sure thing",12,7,,false
11,7,0,NONE,"cvvfStn7","Piece of cake",15,7,,false
11,8,0,NONE,"mbAS9w5i","Piece of cake",46,1,,false
11,8,0,NONE,"7Cf3woe3","Walk in the park",22,2,,false
11,8,0,NONE,"5Bkxg1sv","Walk in the park",14,4,,false
11,8,0,NONE,"seSaSw8y","Walk in the park",17,5,,false
11,8,0,NONE,"0YlaL9XE","Rather detrimental",45,6,,false
11,8,0,NONE,"ZFIzT4uG","Piece of cake",61,6,,false
11,8,0,NONE,"WwfGlufU","Sure thing",12,6,,false
11,8,0,NONE,"cvvfStn7","Piece of cake",15,6,,false
11,8,0,NONE,"ReQmI0aR","Hmmm....",38,7,,false
11,8,0,NONE,"hg058Hiw","Piece of cake",39,7,,true
11,9,0,NONE,"7Cf3woe3","Walk in the park",22,1,,false
11,9,0,NONE,"5Bkxg1sv","Walk in the park",14,3,,false
11,9,0,NONE,"seSaSw8y","Walk in the park",17,4,,false
11,9,0,NONE,"0YlaL9XE","Rather detrimental",45,5,,false
11,9,0,NONE,"ZFIzT4uG","Piece of cake",61,5,,false
11,9,0,NONE,"WwfGlufU","Sure thing",12,5,,false
11,9,0,NONE,"cvvfStn7","Piece of cake",15,5,,false
11,9,0,NONE,"ReQmI0aR","Hmmm....",38,6,,false
11,9,0,NONE,"JMk2S0dl","Sure thing",4,7,,false
11,9,0,NONE,"TQU8kFnP","Walk in the park",27,7,,true
11,10,0,NONE,"5Bkxg1sv","Walk in the park",14,2,,false
11,10,0,NONE,"seSaSw8y","Walk in the park",17,3,,false
11,10,0,NONE,"0YlaL9XE","Rather detrimental",45,4,,false
11,10,0,NONE,"ZFIzT4uG","Piece of cake",61,4,,false
11,10,0,NONE,"WwfGlufU","Sure thing",12,4,,false
11,10,0,NONE,"cvvfStn7","Piece of cake",15,4,,false
11,10,0,NONE,"ReQmI0aR","Hmmm....",38,5,,false
11,10,0,NONE,"JMk2S0dl","Sure thing",4,6,,true
11,10,0,NONE,"7pZNgh8J","Piece of cake",51,7,,false
11,10,0,NONE,"tpzK564O","Gamble",25,7,,false
11,11,0,NONE,"5Bkxg1sv","Walk in the park",14,1,,false
11,11,0,NONE,"seSaSw8y","Walk in the park",17,2,,false
11,11,0,NONE,"0YlaL9XE","Rather detrimental",45,3,,false
11,11,0,NONE,"ZFIzT4uG","Piece of cake",61,3,,false
11,11,0,NONE,"WwfGlufU","Sure thing",12,3,,false
11,11,0,NONE,"cvvfStn7","Piece of cake",15,3,,false
11,11,0,NONE,"ReQmI0aR","Hmmm....",38,4,,false
11,11,0,NONE,"7pZNgh8J","Piece of cake",51,6,,false
11,11,0,NONE,"tpzK564O","Gamble",25,6,,false
11,11,0,NONE,"nMArFN0C","Walk in the park",21,7,,true
11,12,0,NONE,"seSaSw8y","Walk in the park",17,1,,false
11,12,0,NONE,"0YlaL9XE","Rather detrimental",45,2,,false
11,12,0,NONE,"ZFIzT4uG","Piece of cake",61,2,,false
11,12,0,NONE,"WwfGlufU","Sure thing",12,2,,true
11,12,0,NONE,"cvvfStn7","Piece of cake",15,2,,false
11,12,0,NONE,"ReQmI0aR","Hmmm....",38,3,,false
11,12,0,NONE,"7pZNgh8J","Piece of cake",51,5,,false
11,12,0,NONE,"tpzK564O","Gamble",25,5,,false
11,12,0,NONE,"7LzE2uGU","Gamble",41,7,,false
11,12,0,NONE,"9CdSRPZx","Piece of cake",20,7,,false
11,13,0,NONE,"0YlaL9XE","Rather detrimental",45,1,,false
11,13,0,NONE,"ZFIzT4uG","Piece of cake",61,1,,true
11,13,0,NONE,"cvvfStn7","Piece of cake",15,1,,false
11,13,0,NONE,"ReQmI0aR","Hmmm....",38,2,,false
11,13,0,NONE,"7pZNgh8J","Piece of cake",51,4,,false
11,13,0,NONE,"tpzK564O","Gamble",25,4,,false
11,13,0,NONE,"7LzE2uGU","Gamble",41,6,,false
11,13,0,NONE,"9CdSRPZx","Piece of cake",20,6,,false
11,13,0,NONE,"mFSMLpcu","Gamble",29,7,,false
11,13,0,NONE,"f2AKBUen","Piece of cake",42,7,,false
11,14,0,NONE,"ReQmI0aR","Hmmm....",38,1,,true
11,14,0,NONE,"7pZNgh8J","Piece of cake",51,3,,false
11,14,0,NONE,"tpzK564O","Gamble",25,3,,false
11,14,0,NONE,"7LzE2uGU","Gamble",41,5,,false
11,14,0,NONE,"9CdSRPZx","Piece of cake",20,5,,false
11,14,0,NONE,"mFSMLpcu","Gamble",29,6,,false
11,14,0,NONE,"f2AKBUen","Piece of cake",42,6,,false
11,14,0,NONE,"hMTsADI5","Hmmm....",65,7,,false
11,14,0,NONE,"qOqIn8iC","Piece of cake",30,7,,false
11,14,0,NONE,"40uSza6D","Gamble",36,7,,false
11,16,0,NONE,"7pZNgh8J","Piece of cake",51,1,,false
11,16,0,NONE,"tpzK564O","Gamble",25,1,,true
11,16,0,NONE,"7LzE2uGU","Gamble",41,3,,false
11,16,0,NONE,"9CdSRPZx","Piece of cake",20,3,,false
11,16,0,NONE,"mFSMLpcu","Gamble",29,4,,false
11,16,0,NONE,"f2AKBUen","Piece of cake",42,4,,false
11,16,0,NONE,"hMTsADI5","Hmmm....",65,5,,false
11,16,0,NONE,"qOqIn8iC","Piece of cake",30,5,,false
11,16,0,NONE,"40uSza6D","Gamble",36,5,,false
11,16,0,NONE,"taEulq2i","Piece of cake",55,6,,false
11,18,0,NONE,"7LzE2uGU","Gamble",41,1,,true
11,18,0,NONE,"9CdSRPZx","Piece of cake",20,1,,false
11,18,0,NONE,"mFSMLpcu","Gamble",29,2,,false
11,18,0,NONE,"f2AKBUen","Piece of cake",42,2,,false
11,18,0,NONE,"hMTsADI5","Hmmm....",65,3,,false
11,18,0,NONE,"qOqIn8iC","Piece of cake",30,3,,false
11,18,0,NONE,"40uSza6D","Gamble",36,3,,false
11,18,0,NONE,"taEulq2i","Piece of cake",55,4,,false
11,18,0,NONE,"5D1SsEih","Hmmm....",42,6,,false
11,18,0,NONE,"cVLZXHKS","Piece of cake",63,6,,false
11,20,0,NONE,"hMTsADI5","Hmmm....",65,1,,true
11,20,0,NONE,"qOqIn8iC","Piece of cake",30,1,,false
11,20,0,NONE,"40uSza6D","Gamble",36,1,,false
11,20,0,NONE,"taEulq2i","Piece of cake",55,2,,false
11,20,0,NONE,"5D1SsEih","Hmmm....",42,4,,false
11,20,0,NONE,"cVLZXHKS","Piece of cake",63,4,,false
11,20,0,NONE,"S89u8Cbu","Playing with fire",154,2,1,false
11,20,0,NONE,"wRbeHfjn","Risky",44,6,,false
11,20,0,NONE,"kdwq3HKy","Playing with fire",156,2,1,false
11,20,0,NONE,"gEud90iJ","Walk in the park",55,7,,false
11,21,0,NONE,"taEulq2i","Piece of cake",55,1,,false
11,21,0,NONE,"5D1SsEih","Hmmm....",42,3,,false
11,21,0,NONE,"cVLZXHKS","Piece of cake",63,3,,true
11,21,0,NONE,"S89u8Cbu","Playing with fire",154,1,1,false
11,21,0,NONE,"wRbeHfjn","Risky",44,5,,false
11,21,0,NONE,"kdwq3HKy","Playing with fire",156,1,1,false
11,21,0,NONE,"gEud90iJ","Walk in the park",55,6,,false
11,21,0,NONE,"Q7EH4Gbs","Walk in the park",62,7,,false
11,21,0,NONE,"Is0C9uFr","Suicide mission",132,2,1,false
11,21,0,NONE,"K91PJrqD","Hmmm....",154,2,1,false
11,22,0,NONE,"5D1SsEih","Hmmm....",42,2,,false
11,22,0,NONE,"wRbeHfjn","Risky",44,4,,false
11,22,0,NONE,"gEud90iJ","Walk in the park",55,5,,false
11,22,0,NONE,"Q7EH4Gbs","Walk in the park",62,6,,false
11,22,0,NONE,"Is0C9uFr","Suicide mission",132,1,1,false
11,22,0,NONE,"K91PJrqD","Hmmm....",154,1,1,false
11,22,0,NONE,"GM0l78XT","Hmmm....",142,2,1,false
11,22,0,NONE,"xQS0485h","Risky",124,2,1,false
11,22,0,NONE,"m8UGEq3J","Walk in the park",65,7,,false
11,22,0,NONE,"o4cwIwxe","Suicide mission",125,3,1,true
11,24,0,NONE,"wRbeHfjn","Risky",44,2,,false
11,24,0,NONE,"gEud90iJ","Walk in the park",55,3,,false
11,24,0,NONE,"Q7EH4Gbs","Walk in the park",62,4,,false
11,24,0,NONE,"m8UGEq3J","Walk in the park",65,5,,false
11,24,0,NONE,"tvBfEPUc","Suicide mission",137,1,1,false
11,24,0,NONE,"u3LHBCpp","Rather detrimental",129,1,1,false
11,24,0,NONE,"9fbDf4lJ","Sure thing",123,6,,true
11,24,0,NONE,"y72nnubH","Quite likely",41,7,,false
11,24,0,NONE,"UfAak0k3","Quite likely",106,7,,false
11,24,0,NONE,"g0i4SYVD","Suicide mission",159,2,1,false
11,25,0,NONE,"wRbeHfjn","Risky",44,1,,false
11,25,0,NONE,"gEud90iJ","Walk in the park",55,2,,false
11,25,0,NONE,"Q7EH4Gbs","Walk in the park",62,3,,true
11,25,0,NONE,"m8UGEq3J","Walk in the park",65,4,,false
11,25,0,NONE,"y72nnubH","Quite likely",41,6,,false
11,25,0,NONE,"UfAak0k3","Quite likely",106,6,,false
11,25,0,NONE,"g0i4SYVD","Suicide mission",159,1,1,false
11,25,0,NONE,"z7ioCKpL","Playing with fire",145,2,1,false
11,25,0,NONE,"yTdau3Bm","Rather detrimental",109,7,,false
11,25,0,NONE,"unshcK6b","Hmmm....",89,7,,false
11,26,0,NONE,"gEud90iJ","Walk in the park",55,1,,false
11,26,0,NONE,"m8UGEq3J","Walk in the park",65,3,,false
11,26,0,NONE,"y72nnubH","Quite likely",41,5,,false
11,26,0,NONE,"UfAak0k3","Quite likely",106,5,,false
11,26,0,NONE,"z7ioCKpL","Playing with fire",145,1,1,false
11,26,0,NONE,"yTdau3Bm","Rather detrimental",109,6,,false
11,26,0,NONE,"unshcK6b","Hmmm....",89,6,,false
11,26,0,NONE,"KjSf4iIt","Walk in the park",123,7,,true
11,26,0,NONE,"xmu5NjSo","Walk in the park",121,7,,false
11,26,0,NONE,"yduK8jtp","Gamble",149,3,1,false
11,27,0,NONE,"m8UGEq3J","Walk in the park",65,2,,true
11,27,0,NONE,"y72nnubH","Quite likely",41,4,,false
11,27,0,NONE,"UfAak0k3","Quite likely",106,4,,false
11,27,0,NONE,"yTdau3Bm","Rather detrimental",109,5,,false
11,27,0,NONE,"unshcK6b","Hmmm....",89,5,,false
11,27,0,NONE,"xmu5NjSo","Walk in the park",121,6,,false
11,27,0,NONE,"yduK8jtp","Gamble",149,2,1,false
11,27,0,NONE,"8r0lmfrL","Rather detrimental",134,2,1,false
11,27,0,NONE,"Gl3W3gNd","Risky",132,2,1,false
11,27,0,NONE,"H8DPwMxr","Playing with fire",102,2,1,false
11,28,0,NONE,"y72nnubH","Quite likely",41,3,,false
11,28,0,NONE,"UfAak0k3","Quite likely",106,3,,false
11,28,0,NONE,"yTdau3Bm","Rather detrimental",109,4,,true
11,28,0,NONE,"unshcK6b","Hmmm....",89,4,,false
11,28,0,NONE,"xmu5NjSo","Walk in the park",121,5,,false
11,28,0,NONE,"yduK8jtp","Gamble",149,1,1,false
11,28,0,NONE,"8r0lmfrL","Rather detrimental",134,1,1,false
11,28,0,NONE,"Gl3W3gNd","Risky",132,1,1,false
11,28,0,NONE,"H8DPwMxr","Playing with fire",102,1,1,false
11,28,0,NONE,"pRY3rlRd","Suicide mission",136,2,2,false
11,29,0,NONE,"y72nnubH","Quite likely",41,2,,false
11,29,0,NONE,"UfAak0k3","Quite likely",106,2,,false
11,29,0,NONE,"unshcK6b","Hmmm....",89,3,,false
11,29,0,NONE,"xmu5NjSo","Walk in the park",121,4,,false
11,29,0,NONE,"pRY3rlRd","Suicide mission",136,1,2,true
11,29,0,NONE,"cCkG242b","Playing with fire",139,2,1,false
11,29,0,NONE,"1g444CvB","Walk in the park",94,7,,false
11,29,0,NONE,"Mw026fB9","Suicide mission",117,3,1,false
11,29,0,NONE,"FRoey9P1","Quite likely",167,2,1,false
11,29,0,NONE,"AY0Uximg","Suicide mission",132,3,1,false
11,31,0,NONE,"unshcK6b","Hmmm....",89,1,,false
11,31,0,NONE,"xmu5NjSo","Walk in the park",121,2,,false
11,31,0,NONE,"1g444CvB","Walk in the park",94,5,,false
11,31,0,NONE,"Mw026fB9","Suicide mission",117,1,1,false
11,31,0,NONE,"AY0Uximg","Suicide mission",132,1,1,true
11,31,0,NONE,"mgxs1pPj","Suicide mission",132,2,1,false
11,31,0,NONE,"0VhHpR94","Suicide mission",120,2,1,false
11,31,0,NONE,"yMmC6csy","Suicide mission",150,3,1,false
11,31,0,NONE,"qdto5O8s","Suicide mission",131,2,1,false
11,31,0,NONE,"nEh9zOGg","Suicide mission",140,3,1,false
11,33,0,NONE,"1g444CvB","Walk in the park",94,3,,false
11,33,0,NONE,"yMmC6csy","Suicide mission",150,1,1,false
11,33,0,NONE,"nEh9zOGg","Suicide mission",140,1,1,false
11,33,0,NONE,"Ne2sqbyn","Quite likely",78,6,,false
11,33,0,NONE,"Wa8SBGjX","Hmmm....",85,6,,false
11,33,0,NONE,"mg66kG8f","Suicide mission",128,1,1,true
11,33,0,NONE,"P5ppexGM","Suicide mission",135,3,1,false
11,33,0,NONE,"qwGDlOKM","Hmmm....",96,7,,false
11,33,0,NONE,"CVJycbY3","Rather detrimental",151,3,1,false
11,33,0,NONE,"pKySLEou","Suicide mission",154,3,1,false
11,35,0,NONE,"1g444CvB","Walk in the park",94,1,,true
11,35,0,NONE,"Ne2sqbyn","Quite likely",78,4,,false
11,35,0,NONE,"Wa8SBGjX","Hmmm....",85,4,,false
11,35,0,NONE,"P5ppexGM","Suicide mission",135,1,1,false
11,35,0,NONE,"qwGDlOKM","Hmmm....",96,5,,false
11,35,0,NONE,"CVJycbY3","Rather detrimental",151,1,1,false
11,35,0,NONE,"pKySLEou","Suicide mission",154,1,1,false
11,35,0,NONE,"tiGEiAuE","Playing with fire",104,1,1,false
11,35,0,NONE,"K4qHGkSG","Gamble",106,6,,false
11,35,0,NONE,"7zSLI24i","Quite likely",90,6,,false
11,36,0,NONE,"Ne2sqbyn","Quite likely",78,3,,false
11,36,0,NONE,"Wa8SBGjX","Hmmm....",85,3,,false
11,36,0,NONE,"qwGDlOKM","Hmmm....",96,4,,false
11,36,0,NONE,"K4qHGkSG","Gamble",106,5,,false
11,36,0,NONE,"7zSLI24i","Quite likely",90,5,,true
11,36,0,NONE,"y7RTxl3Z","Playing with fire",98,7,,false
11,36,0,NONE,"Evcjvsaa","Hmmm....",87,7,,false
11,36,0,NONE,"LmfE1v0E","Risky",102,7,,false
11,36,0,NONE,"TnOoUNCK","Gamble",81,7,,false
11,36,0,NONE,"KHIZ57lr","Risky",77,7,,false
11,37,0,NONE,"Ne2sqbyn","Quite likely",78,2,,false
11,37,0,NONE,"Wa8SBGjX","Hmmm....",85,2,,false
11,37,0,NONE,"qwGDlOKM","Hmmm....",96,3,,false
11,37,0,NONE,"K4qHGkSG","Gamble",106,4,,false
11,37,0,NONE,"y7RTxl3Z","Playing with fire",98,6,,false
11,37,0,NONE,"Evcjvsaa","Hmmm....",87,6,,false
11,37,0,NONE,"LmfE1v0E","Risky",102,6,,false
11,37,0,NONE,"TnOoUNCK","Gamble",81,6,,false
11,37,0,NONE,"KHIZ57lr","Risky",77,6,,false
11,37,0,NONE,"iokOtOmh","Piece of cake",97,7,,true
11,38,0,NONE,"Ne2sqbyn","Quite likely",78,1,,false
11,38,0,NONE,"Wa8SBGjX","Hmmm....",85,1,,true
11,38,0,NONE,"qwGDlOKM","Hmmm....",96,2,,false
11,38,0,NONE,"K4qHGkSG","Gamble",106,3,,false
11,38,0,NONE,"y7RTxl3Z","Playing with fire",98,5,,false
11,38,0,NONE,"Evcjvsaa","Hmmm....",87,5,,false
11,38,0,NONE,"LmfE1v0E","Risky",102,5,,false
11,38,0,NONE,"TnOoUNCK","Gamble",81,5,,false
11,38,0,NONE,"KHIZ57lr","Risky",77,5,,false
11,38,0,NONE,"gJnzFsAc","Hmmm....",91,7,,false
11,40,0,NONE,"K4qHGkSG","Gamble",106,1,,true
11,40,0,NONE,"y7RTxl3Z","Playing with fire",98,3,,false
11,40,0,NONE,"Evcjvsaa","Hmmm....",87,3,,false
11,40,0,NONE,"LmfE1v0E","Risky",102,3,,false
11,40,0,NONE,"TnOoUNCK","Gamble",81,3,,false
11,40,0,NONE,"KHIZ57lr","Risky",77,3,,false
11,40,0,NONE,"gJnzFsAc","Hmmm....",91,5,,false
11,40,0,NONE,"Vnx9gNDs","Quite likely",78,6,,false
11,40,0,NONE,"LdaTbq6j","Gamble",108,6,,false
11,40,0,NONE,"KrLfEazr","Hmmm....",77,7,,false
11,42,0,NONE,"y7RTxl3Z","Playing with fire",98,1,,false
11,42,0,NONE,"Evcjvsaa","Hmmm....",87,1,,false
11,42,0,NONE,"LmfE1v0E","Risky",102,1,,false
11,42,0,NONE,"TnOoUNCK","Gamble",81,1,,false
11,42,0,NONE,"KHIZ57lr","Risky",77,1,,false
11,42,0,NONE,"gJnzFsAc","Hmmm....",91,3,,false
11,42,0,NONE,"Vnx9gNDs","Quite likely",78,4,,false
11,42,0,NONE,"LdaTbq6j","Gamble",108,4,,true
11,42,0,NONE,"KrLfEazr","Hmmm....",77,5,,false
11,42,0,NONE,"nCj5s4qV","Piece of cake",68,6,,false
11,43,0,NONE,"gJnzFsAc","Hmmm....",91,2,,false
11,43,0,NONE,"Vnx9gNDs","Quite likely",78,3,,false
11,43,0,NONE,"KrLfEazr","Hmmm....",77,4,,false
11,43,0,NONE,"nCj5s4qV","Piece of cake",68,5,,false
11,43,0,NONE,"kHCagiRE","Piece of cake",66,7,,true
11,43,0,NONE,"ahQqE1ud","Playing with fire",81,7,,false
11,43,0,NONE,"yVBgQt9g","Quite likely",84,7,,false
11,43,0,NONE,"i9WYDCqP","Playing with fire",97,7,,false
11,43,0,NONE,"X7ys9JjO","Hmmm....",100,7,,false
11,43,0,NONE,"BX1V7J3w","Quite likely",85,7,,false
11,44,0,NONE,"gJnzFsAc","Hmmm....",91,1,,true
11,44,0,NONE,"Vnx9gNDs","Quite likely",78,2,,false
11,44,0,NONE,"KrLfEazr","Hmmm....",77,3,,false
11,44,0,NONE,"nCj5s4qV","Piece of cake",68,4,,false
11,44,0,NONE,"ahQqE1ud","Playing with fire",81,6,,false
11,44,0,NONE,"yVBgQt9g","Quite likely",84,6,,false
11,44,0,NONE,"i9WYDCqP","Playing with fire",97,6,,false
11,44,0,NONE,"X7ys9JjO","Hmmm....",100,6,,false
11,44,0,NONE,"BX1V7J3w","Quite likely",85,6,,false
11,44,0,NONE,"M9hJCS93","Quite likely",95,7,,false
11,45,0,NONE,"Vnx9gNDs","Quite likely",78,1,,true
11,45,0,NONE,"KrLfEazr","Hmmm....",77,2,,false
11,45,0,NONE,"nCj5s4qV","Piece of cake",68,3,,false
11,45,0,NONE,"ahQqE1ud","Playing with fire",81,5,,false
11,45,0,NONE,"yVBgQt9g","Quite likely",84,5,,false
11,45,0,NONE,"i9WYDCqP","Playing with fire",97,5,,false
11,45,0,NONE,"X7ys9JjO","Hmmm....",100,5,,false
11,45,0,NONE,"BX1V7J3w","Quite likely",85,5,,false
11,45,0,NONE,"M9hJCS93","Quite likely",95,6,,false
11,45,0,NONE,"yIHL7ERY","Rather detrimental",83,7,,false
11,46,0,NONE,"KrLfEazr","Hmmm....",77,1,,false
11,46,0,NONE,"nCj5s4qV","Piece of cake",68,2,,false
11,46,0,NONE,"ahQqE1ud","Playing with fire",81,4,,false
11,46,0,NONE,"yVBgQt9g","Quite likely",84,4,,false
11,46,0,NONE,"i9WYDCqP","Playing with fire",97,4,,false
11,46,0,NONE,"X7ys9JjO","Hmmm....",100,4,,true
11,46,0,NONE,"BX1V7J3w","Quite likely",85,4,,false
11,46,0,NONE,"M9hJCS93","Quite likely",95,5,,false
11,46,0,NONE,"yIHL7ERY","Rather detrimental",83,6,,false
11,46,0,NONE,"0ps9ZItJ","Piece of cake",63,7,,false
11,47,0,NONE,"nCj5s4qV","Piece of cake",68,1,,true
11,47,0,NONE,"ahQqE1ud","Playing with fire",81,3,,false
11,47,0,NONE,"yVBgQt9g","Quite likely",84,3,,false
11,47,0,NONE,"i9WYDCqP","Playing with fire",97,3,,false
11,47,0,NONE,"BX1V7J3w","Quite likely",85,3,,false
11,47,0,NONE,"M9hJCS93","Quite likely",95,4,,false
11,47,0,NONE,"yIHL7ERY","Rather detrimental",83,5,,false
11,47,0,NONE,"0ps9ZItJ","Piece of cake",63,6,,false
11,47,0,NONE,"WNWFeu4O","Rather detrimental",60,7,,false
11,47,0,NONE,"baFE3oy7","Risky",95,7,,false
11,48,0,NONE,"ahQqE1ud","Playing with fire",81,2,,false
11,48,0,NONE,"yVBgQt9g","Quite likely",84,2,,false
11,48,0,NONE,"i9WYDCqP","Playing with fire",97,2,,false
11,48,0,NONE,"BX1V7J3w","Quite likely",85,2,,false
11,48,0,NONE,"M9hJCS93","Quite likely",95,3,,false
11,48,0,NONE,"yIHL7ERY","Rather detrimental",83,4,,false
11,48,0,NONE,"0ps9ZItJ","Piece of cake",63,5,,true
11,48,0,NONE,"WNWFeu4O","Rather detrimental",60,6,,false
11,48,0,NONE,"baFE3oy7","Risky",95,6,,false
11,48,0,NONE,"ZniuDG1g","Gamble",83,7,,false
11,49,0,NONE,"ahQqE1ud","Playing with fire",81,1,,false
11,49,0,NONE,"yVBgQt9g","Quite likely",84,1,,false
11,49,0,NONE,"i9WYDCqP","Playing with fire",97,1,,false
11,49,0,NONE,"BX1V7J3w","Quite likely",85,1,,true
11,49,0,NONE,"M9hJCS93","Quite likely",95,2,,false
11,49,0,NONE,"yIHL7ERY","Rather detrimental",83,3,,false
11,49,0,NONE,"WNWFeu4O","Rather detrimental",60,5,,false
11,49,0,NONE,"baFE3oy7","Risky",95,5,,false
11,49,0,NONE,"ZniuDG1g","Gamble",83,6,,false
11,49,0,NONE,"ExY7JFo6","Risky",75,7,,false
12,0,0,NONE,"hhSRQnSt","Piece of cake",27,7,,false
12,0,0,NONE,"T9FNMwd8","Risky",18,7,,false
12,0,0,NONE,"ZoitZD2m","Piece of cake",3,7,,false
12,0,0,NONE,"GTlNCsYb","Piece of cake",60,7,,true
12,0,0,NONE,"zS0VDGJR","Walk in the park",25,7,,false
12,0,0,NONE,"iIxKAUUm","Piece of cake",14,7,,false
12,0,0,NONE,"SHPrm6Ol","Hmmm....",1,7,,false
12,0,0,NONE,"LTeiR4IE","Piece of cake",55,7,,false
12,0,0,NONE,"zpmR8yqc","Piece of cake",4,7,,false
12,0,0,NONE,"waGTOKi4","Quite likely",7,7,,false
12,1,0,NONE,"hhSRQnSt","Piece of cake",27,6,,false
12,1,0,NONE,"T9FNMwd8","Risky",18,6,,false
12,1,0,NONE,"ZoitZD2m","Piece of cake",3,6,,false
12,1,0,NONE,"zS0VDGJR","Walk in the park",25,6,,false
12,1,0,NONE,"iIxKAUUm","Piece of cake",14,6,,false
12,1,0,NONE,"SHPrm6Ol","Hmmm....",1,6,,false
12,1,0,NONE,"LTeiR4IE","Piece of cake",55,6,,true
12,1,0,NONE,"zpmR8yqc","Piece of cake",4,6,,false
12,1,0,NONE,"waGTOKi4","Quite likely",7,6,,false
12,1,0,NONE,"gnnDeGB7","Rather detrimental",17,7,,false
12,2,0,NONE,"hhSRQnSt","Piece of cake",27,5,,false
12,2,0,NONE,"T9FNMwd8","Risky",18,5,,false
12,2,0,NONE,"ZoitZD2m","Piece of cake",3,5,,true
12,2,0,NONE,"zS0VDGJR","Walk in the park",25,5,,false
12,2,0,NONE,"iIxKAUUm","Piece of cake",14,5,,false
12,2,0,NONE,"SHPrm6Ol","Hmmm....",1,5,,false
12,2,0,NONE,"zpmR8yqc","Piece of cake",4,5,,false
12,2,0,NONE,"waGTOKi4","Quite likely",7,5,,false
12,2,0,NONE,"gnnDeGB7","Rather detrimental",17,6,,false
12,2,0,NONE,"3OCeYJOE","Gamble",23,7,,false
12,3,0,NONE,"hhSRQnSt","Piece of cake",27,4,,true
12,3,0,NONE,"T9FNMwd8","Risky",18,4,,false
12,3,0,NONE,"zS0VDGJR","Walk in the park",25,4,,false
12,3,0,NONE,"iIxKAUUm","Piece of cake",14,4,,false
12,3,0,NONE,"SHPrm6Ol","Hmmm....",1,4,,false
12,3,0,NONE,"zpmR8yqc","Piece of cake",4,4,,false
12,3,0,NONE,"waGTOKi4","Quite likely",7,4,,false
12,3,0,NONE,"gnnDeGB7","Rather detrimental",17,5,,false
12,3,0,NONE,"3OCeYJOE","Gamble",23,6,,false
12,3,0,NONE,"mXbymQSJ","Piece of cake",21,7,,false
12,4,0,NONE,"T9FNMwd8","Risky",18,3,,false
12,4,0,NONE,"zS0VDGJR","Walk in the park",25,3,,false
12,4,0,NONE,"iIxKAUUm","Piece of cake",14,3,,false
12,4,0,NONE,"SHPrm6Ol","Hmmm....",1,3,,false
12,4,0,NONE,"zpmR8yqc","Piece of cake",4,3,,false
12,4,0,NONE,"waGTOKi4","Quite likely",7,3,,false
12,4,0,NONE,"gnnDeGB7","Rather detrimental",17,4,,false
12,4,0,NONE,"3OCeYJOE","Gamble",23,5,,false
12,4,0,NONE,"mXbymQSJ","Piece of cake",21,6,,false
12,4,0,NONE,"8bJMx5m5","Sure thing",3,7,,true
12,5,0,NONE,"T9FNMwd8","Risky",18,2,,false
12,5,0,NONE,"zS0VDGJR","Walk in the park",25,2,,false
12,5,0,NONE,"iIxKAUUm","Piece of cake",14,2,,true
12,5,0,NONE,"SHPrm6Ol","Hmmm....",1,2,,false
12,5,0,NONE,"zpmR8yqc","Piece of cake",4,2,,false
12,5,0,NONE,"waGTOKi4","Quite likely",7,2,,false
12,5,0,NONE,"gnnDeGB7","Rather detrimental",17,3,,false
12,5,0,NONE,"3OCeYJOE","Gamble",23,4,,false
12,5,0,NONE,"mXbymQSJ","Piece of cake",21,5,,false
12,5,0,NONE,"jVbGwa9m","Quite likely",54,7,,false
12,6,0,NONE,"T9FNMwd8","Risky",18,1,,false
12,6,0,NONE,"zS0VDGJR","Walk in the park",25,1,,false
12,6,0,NONE,"SHPrm6Ol","Hmmm....",1,1,,false
12,6,0,NONE,"zpmR8yqc","Piece of cake",4,1,,false
12,6,0,NONE,"waGTOKi4","Quite likely",7,1,,true
12,6,0,NONE,"gnnDeGB7","Rather detrimental",17,2,,false
12,6,0,NONE,"3OCeYJOE","Gamble",23,3,,false
12,6,0,NONE,"mXbymQSJ","Piece of cake",21,4,,false
12,6,0,NONE,"jVbGwa9m","Quite likely",54,6,,false
12,6,0,NONE,"QTEtp6aO","Gamble",29,7,,false
12,7,0,NONE,"gnnDeGB7","Rather detrimental",17,1,,true
12,7,0,NONE,"3OCeYJOE","Gamble",23,2,,false
12,7,0,NONE,"mXbymQSJ","Piece of cake",21,3,,false
12,7,0,NONE,"jVbGwa9m","Quite likely",54,5,,false
12,7,0,NONE,"QTEtp6aO","Gamble",29,6,,false
12,7,0,NONE,"K6PYn5DP","Walk in the park",45,7,,false
12,7,0,NONE,"1SYuiLod","Gamble",16,7,,false
12,7,0,NONE,"GX6vubBM","Walk in the park",18,7,,false
12,7,0,NONE,"CMZnEklq","Walk in the park",11,7,,false
12,7,0,NONE,"JfStBhsb","Rather detrimental",46,7,,false
12,8,0,NONE,"3OCeYJOE","Gamble",23,1,,false
12,8,0,NONE,"mXbymQSJ","Piece of cake",21,2,,false
12,8,0,NONE,"jVbGwa9m","Quite likely",54,4,,false
12,8,0,NONE,"QTEtp6aO","Gamble",29,5,,false
12,8,0,NONE,"K6PYn5DP","Walk in the park",45,6,,false
12,8,0,NONE,"1SYuiLod","Gamble",16,6,,true
12,8,0,NONE,"GX6vubBM","Walk in the park",18,6,,false
12,8,0,NONE,"CMZnEklq","Walk in the park",11,6,,false
12,8,0,NONE,"JfStBhsb","Rather detrimental",46,6,,false
12,8,0,NONE,"rvdl7rKb","Piece of cake",21,7,,false
12,9,0,NONE,"mXbymQSJ","Piece of cake",21,1,,false
12,9,0,NONE,"jVbGwa9m","Quite likely",54,3,,false
12,9,0,NONE,"QTEtp6aO","Gamble",29,4,,false
12,9,0,NONE,"K6PYn5DP","Walk in the park",45,5,,false
12,9,0,NONE,"GX6vubBM","Walk in the park",18,5,,false
12,9,0,NONE,"CMZnEklq","Walk in the park",11,5,,false
12,9,0,NONE,"JfStBhsb","Rather detrimental",46,5,,false
12,9,0,NONE,"rvdl7rKb","Piece of cake",21,6,,true
12,9,0,NONE,"euiWi8hD","Hmmm....",56,7,,false
12,9,0,NONE,"jjCm75j5","Walk in the park",29,7,,false
12,10,0,NONE,"jVbGwa9m","Quite likely",54,2,,false
12,10,0,NONE,"QTEtp6aO","Gamble",29,3,,false
12,10,0,NONE,"K6PYn5DP","Walk in the park",45,4,,false
12,10,0,NONE,"GX6vubBM","Walk in the park",18,4,,false
12,10,0,NONE,"CMZnEklq","Walk in the park",11,4,,false
12,10,0,NONE,"JfStBhsb","Rather detrimental",46,4,,false
12,10,0,NONE,"euiWi8hD","Hmmm....",56,6,,false
12,10,0,NONE,"jjCm75j5","Walk in the park",29,6,,false
12,10,0,NONE,"Xoeikodx","Walk in the park",40,7,,false
12,10,0,NONE,"5er1O1JJ","Piece of cake",74,7,,true
12,11,0,NONE,"jVbGwa9m","Quite likely",54,1,,false
12,11,0,NONE,"QTEtp6aO","Gamble",29,2,,false
12,11,0,NONE,"K6PYn5DP","Walk in the park",45,3,,false
12,11,0,NONE,"GX6vubBM","Walk in the park",18,3,,false
12,11,0,NONE,"CMZnEklq","Walk in the park",11,3,,false
12,11,0,NONE,"JfStBhsb","Rather detrimental",46,3,,false
12,11,0,NONE,"euiWi8hD","Hmmm....",56,5,,false
12,11,0,NONE,"jjCm75j5","Walk in the park",29,5,,false
12,11,0,NONE,"Xoeikodx","Walk in the park",40,6,,false
12,11,0,NONE,"ji9Lypkz","Piece of cake",27,7,,true
12,12,0,NONE,"QTEtp6aO","Gamble",29,1,,false
12,12,0,NONE,"K6PYn5DP","Walk in the park",45,2,,false
12,12,0,NONE,"GX6vubBM","Walk in the park",18,2,,false
12,12,0,NONE,"CMZnEklq","Walk in the park",11,2,,false
12,12,0,NONE,"JfStBhsb","Rather detrimental",46,2,,false
12,12,0,NONE,"euiWi8hD","Hmmm....",56,4,,false
12,12,0,NONE,"jjCm75j5","Walk in the park",29,4,,false
12,12,0,NONE,"Xoeikodx","Walk in the park",40,5,,false
12,12,0,NONE,"eMGJuG0l","Piece of cake",42,7,,true
12,12,0,NONE,"DGqsqNWf","Risky",24,7,,false
12,13,0,NONE,"K6PYn5DP","Walk in the park",45,1,,false
12,13,0,NONE,"GX6vubBM","Walk in the park",18,1,,false
12,13,0,NONE,"CMZnEklq","Walk in the park",11,1,,true
12,13,0,NONE,"JfStBhsb","Rather detrimental",46,1,,false
12,13,0,NONE,"euiWi8hD","Hmmm....",56,3,,false
12,13,0,NONE,"jjCm75j5","Walk in the park",29,3,,false
12,13,0,NONE,"Xoeikodx","Walk in the park",40,4,,false
12,13,0,NONE,"DGqsqNWf","Risky",24,6,,false
12,13,0,NONE,"2mpy1cwP","Piece of cake",50,7,,false
12,13,0,NONE,"t0Ryekn2","Hmmm....",36,7,,false
12,15,0,NONE,"euiWi8hD","Hmmm....",56,1,,true
12,15,0,NONE,"jjCm75j5","Walk in the park",29,1,,false
12,15,0,NONE,"Xoeikodx","Walk in the park",40,2,,false
12,15,0,NONE,"DGqsqNWf","Risky",24,4,,false
12,15,0,NONE,"2mpy1cwP","Piece of cake",50,5,,false
12,15,0,NONE,"t0Ryekn2","Hmmm....",36,5,,false
12,15,0,NONE,"cRHz0Srk","Hmmm....",22,6,,false
12,15,0,NONE,"z096EU9y","Piece of cake",17,6,,false
12,15,0,NONE,"sK6oWqI6","Sure thing",48,6,,false
12,15,0,NONE,"pORJ7AXU","Playing with fire",25,6,,false
12,16,0,NONE,"Xoeikodx","Walk in the park",40,1,,false
12,16,0,NONE,"DGqsqNWf","Risky",24,3,,false
12,16,0,NONE,"2mpy1cwP","Piece of cake",50,4,,false
12,16,0,NONE,"t0Ryekn2","Hmmm....",36,4,,false
12,16,0,NONE,"cRHz0Srk","Hmmm....",22,5,,false
12,16,0,NONE,"z096EU9y","Piece of cake",17,5,,false
12,16,0,NONE,"sK6oWqI6","Sure thing",48,5,,false
12,16,0,NONE,"pORJ7AXU","Playing with fire",25,5,,false
12,16,0,NONE,"HVA6Ywb3","Hmmm....",159,3,1,false
12,16,0,NONE,"XSGfUJyl","Walk in the park",80,7,,true
12,17,0,NONE,"DGqsqNWf","Risky",24,2,,false
12,17,0,NONE,"2mpy1cwP","Piece of cake",50,3,,false
12,17,0,NONE,"t0Ryekn2","Hmmm....",36,3,,false
12,17,0,NONE,"cRHz0Srk","Hmmm....",22,4,,false
12,17,0,NONE,"z096EU9y","Piece of cake",17,4,,false
12,17,0,NONE,"sK6oWqI6","Sure thing",48,4,,false
12,17,0,NONE,"pORJ7AXU","Playing with fire",25,4,,false
12,17,0,NONE,"HVA6Ywb3","Hmmm....",159,2,1,false
12,17,0,NONE,"HeUG2e4S","Sure thing",60,7,,true
12,17,0,NONE,"hjckdlCJ","Sure thing",53,7,,false
12,18,0,NONE,"DGqsqNWf","Risky",24,1,,false
12,18,0,NONE,"2mpy1cwP","Piece of cake",50,2,,false
12,18,0,NONE,"t0Ryekn2","Hmmm....",36,2,,false
12,18,0,NONE,"cRHz0Srk","Hmmm....",22,3,,false
12,18,0,NONE,"z096EU9y","Piece of cake",17,3,,false
12,18,0,NONE,"sK6oWqI6","Sure thing",48,3,,false
12,18,0,NONE,"pORJ7AXU","Playing with fire",25,3,,false
12,18,0,NONE,"HVA6Ywb3","Hmmm....",159,1,1,true
12,18,0,NONE,"hjckdlCJ","Sure thing",53,6,,false
12,18,0,NONE,"9TNDtLuA","Hmmm....",72,7,,false
12,19,0,NONE,"2mpy1cwP","Piece of cake",50,1,,false
12,19,0,NONE,"t0Ryekn2","Hmmm....",36,1,,false
12,19,0,NONE,"cRHz0Srk","Hmmm....",22,2,,false
12,19,0,NONE,"z096EU9y","Piece of cake",17,2,,false
12,19,0,NONE,"sK6oWqI6","Sure thing",48,2,,false
12,19,0,NONE,"pORJ7AXU","Playing with fire",25,2,,false
12,19,0,NONE,"hjckdlCJ","Sure thing",53,5,,false
12,19,0,NONE,"9TNDtLuA","Hmmm....",72,6,,true
12,19,0,NONE,"L9nEXNJZ","Risky",70,7,,false
12,19,0,NONE,"Knkq0HLs","Playing with fire",133,2,1,false
12,20,0,NONE,"cRHz0Srk","Hmmm....",22,1,,false
12,20,0,NONE,"z096EU9y","Piece of cake",17,1,,false
12,20,0,NONE,"sK6oWqI6","Sure thing",48,1,,false
12,20,0,NONE,"pORJ7AXU","Playing with fire",25,1,,false
12,20,0,NONE,"hjckdlCJ","Sure thing",53,4,,true
12,20,0,NONE,"L9nEXNJZ","Risky",70,6,,false
12,20,0,NONE,"Knkq0HLs","Playing with fire",133,1,1,false
12,20,0,NONE,"ggtB5gLh","Rather detrimental",110,3,1,false
12,20,0,NONE,"1ejhbjbO","Playing with fire",69,7,,false
12,20,0,NONE,"YQ3XDg4H","Piece of cake",57,7,,false
12,21,0,NONE,"L9nEXNJZ","Risky",70,5,,false
12,21,0,NONE,"ggtB5gLh","Rather detrimental",110,2,1,false
12,21,0,NONE,"1ejhbjbO","Playing with fire",69,6,,false
12,21,0,NONE,"YQ3XDg4H","Piece of cake",57,6,,true
12,21,0,NONE,"1ZmL9arB","Walk in the park",142,7,,false
12,21,0,NONE,"PPQdxQfD","Walk in the park",103,7,,false
12,21,0,NONE,"wasWtAcX","Hmmm....",68,7,,false
12,21,0,NONE,"6o5BuB10","Gamble",62,7,,false
12,21,0,NONE,"aWzitS4C","Piece of cake",111,7,,false
12,21,0,NONE,"YiQWimmr","Piece of cake",133,7,,false
12,22,0,NONE,"L9nEXNJZ","Risky",70,4,,false
12,22,0,NONE,"ggtB5gLh","Rather detrimental",110,1,1,false
12,22,0,NONE,"1ejhbjbO","Playing with fire",69,5,,false
12,22,0,NONE,"1ZmL9arB","Walk in the park",142,6,,false
12,22,0,NONE,"PPQdxQfD","Walk in the park",103,6,,false
12,22,0,NONE,"wasWtAcX","Hmmm....",68,6,,false
12,22,0,NONE,"6o5BuB10","Gamble",62,6,,false
12,22,0,NONE,"aWzitS4C","Piece of cake",111,6,,false
12,22,0,NONE,"YiQWimmr","Piece of cake",133,6,,false
12,22,0,NONE,"3FkDEbua","Sure thing",95,7,,true
12,23,0,NONE,"L9nEXNJZ","Risky",70,3,,false
12,23,0,NONE,"1ejhbjbO","Playing with fire",69,4,,false
12,23,0,NONE,"1ZmL9arB","Walk in the park",142,5,,false
12,23,0,NONE,"PPQdxQfD","Walk in the park",103,5,,false
12,23,0,NONE,"wasWtAcX","Hmmm....",68,5,,false
12,23,0,NONE,"6o5BuB10","Gamble",62,5,,false
12,23,0,NONE,"aWzitS4C","Piece of cake",111,5,,false
12,23,0,NONE,"YiQWimmr","Piece of cake",133,5,,true
12,23,0,NONE,"WWiq2MRA","Risky",155,2,1,false
12,23,0,NONE,"mlum920q","Hmmm....",73,7,,false
12,24,0,NONE,"L9nEXNJZ","Risky",70,2,,false
12,24,0,NONE,"1ejhbjbO","Playing with fire",69,3,,false
12,24,0,NONE,"1ZmL9arB","Walk in the park",142,4,,false
12,24,0,NONE,"PPQdxQfD","Walk in the park",103,4,,false
12,24,0,NONE,"wasWtAcX","Hmmm....",68,4,,false
12,24,0,NONE,"6o5BuB10","Gamble",62,4,,false
12,24,0,NONE,"aWzitS4C","Piece of cake",111,4,,false
12,24,0,NONE,"WWiq2MRA","Risky",155,1,1,false
12,24,0,NONE,"mlum920q","Hmmm....",73,6,,false
12,24,0,NONE,"iHA5IEI8","Risky",43,7,,true
12,26,0,NONE,"1ejhbjbO","Playing with fire",69,1,,false
12,26,0,NONE,"1ZmL9arB","Walk in the park",142,2,,false
12,26,0,NONE,"PPQdxQfD","Walk in the park",103,2,,false
12,26,0,NONE,"wasWtAcX","Hmmm....",68,2,,false
12,26,0,NONE,"6o5BuB10","Gamble",62,2,,false
12,26,0,NONE,"aWzitS4C","Piece of cake",111,2,,true
12,26,0,NONE,"mlum920q","Hmmm....",73,4,,false
12,26,0,NONE,"paFfblgf","Gamble",105,2,1,false
12,26,0,NONE,"JxeItJbU","Playing with fire",132,1,1,false
12,26,0,NONE,"Wbh13WtI","Playing with fire",137,2,1,false
12,27,0,NONE,"1ZmL9arB","Walk in the park",142,1,,false
12,27,0,NONE,"PPQdxQfD","Walk in the park",103,1,,false
12,27,0,NONE,"wasWtAcX","Hmmm....",68,1,,false
12,27,0,NONE,"6o5BuB10","Gamble",62,1,,false
12,27,0,NONE,"mlum920q","Hmmm....",73,3,,true
12,27,0,NONE,"paFfblgf","Gamble",105,1,1,false
12,27,0,NONE,"Wbh13WtI","Playing with fire",137,1,1,false
12,27,0,NONE,"hThFaQNy","Suicide mission",105,2,2,false
12,27,0,NONE,"BksSjtbP","Suicide mission",141,2,1,false
12,27,0,NONE,"OZsvdtpU","Quite likely",120,7,,false
12,29,0,NONE,"OZsvdtpU","Quite likely",120,5,,true
12,29,0,NONE,"XVPaCrx1","Suicide mission",166,2,1,false
12,29,0,NONE,"CJdIkrHo","Suicide mission",101,1,2,false
12,29,0,NONE,"vIcbag2F","Gamble",128,2,1,false
12,29,0,NONE,"gpfyfNUL","Impossible",104,1,2,false
12,29,0,NONE,"GzsLzA0f","Suicide mission",121,2,1,false
12,29,0,NONE,"SH0doJDg","Suicide mission",131,1,1,false
12,29,0,NONE,"8cm9XAzr","Gamble",129,2,1,false
12,29,0,NONE,"SkUWJNjh","Quite likely",91,7,,false
12,29,0,NONE,"eZpW02WY","Impossible",127,2,2,false
12,31,0,NONE,"SkUWJNjh","Quite likely",91,5,,false
12,31,0,NONE,"yTpCdIbO","Suicide mission",156,2,1,false
12,31,0,NONE,"riBsTYuE","Sure thing",92,6,,true
12,31,0,NONE,"tPzSMYRb","Suicide mission",139,2,1,false
12,31,0,NONE,"PHdUuGnK","Gamble",144,2,1,false
12,31,0,NONE,"j3p9HEdl","Playing with fire",145,3,1,false
12,31,0,NONE,"nT0JNxTE","Risky",124,2,1,false
12,31,0,NONE,"uJ7eWqFf","Playing with fire",130,3,1,false
12,31,0,NONE,"TWHvJkIS","Risky",147,3,1,false
12,31,0,NONE,"LR6eHgH4","Walk in the park",117,7,,false
12,32,0,NONE,"SkUWJNjh","Quite likely",91,4,,false
12,32,0,NONE,"yTpCdIbO","Suicide mission",156,1,1,false
12,32,0,NONE,"tPzSMYRb","Suicide mission",139,1,1,false
12,32,0,NONE,"PHdUuGnK","Gamble",144,1,1,false
12,32,0,NONE,"j3p9HEdl","Playing with fire",145,2,1,false
12,32,0,NONE,"nT0JNxTE","Risky",124,1,1,false
12,32,0,NONE,"uJ7eWqFf","Playing with fire",130,2,1,false
12,32,0,NONE,"TWHvJkIS","Risky",147,2,1,false
12,32,0,NONE,"LR6eHgH4","Walk in the park",117,6,,true
12,32,0,NONE,"2v8CN3LG","Quite likely",126,2,1,false
12,33,0,NONE,"SkUWJNjh","Quite likely",91,3,,false
12,33,0,NONE,"j3p9HEdl","Playing with fire",145,1,1,true
12,33,0,NONE,"uJ7eWqFf","Playing with fire",130,1,1,false
12,33,0,NONE,"TWHvJkIS","Risky",147,1,1,false
12,33,0,NONE,"2v8CN3LG","Quite likely",126,1,1,false
12,33,0,NONE,"lK7uCSPM","Playing with fire",99,7,,false
12,33,0,NONE,"x8BR900c","Rather detrimental",135,3,1,false
12,33,0,NONE,"ulqzPVZK","Piece of cake",93,7,,false
12,33,0,NONE,"4tmf6LBO","Walk in the park",86,7,,false
12,33,0,NONE,"du2mA19u","Suicide mission",140,3,1,false
12,35,0,NONE,"SkUWJNjh","Quite likely",91,1,,false
12,35,0,NONE,"lK7uCSPM","Playing with fire",99,5,,false
12,35,0,NONE,"x8BR900c","Rather detrimental",135,1,1,false
12,35,0,NONE,"ulqzPVZK","Piece of cake",93,5,,false
12,35,0,NONE,"4tmf6LBO","Walk in the park",86,5,,false
12,35,0,NONE,"du2mA19u","Suicide mission",140,1,1,false
12,35,0,NONE,"wb64a0dD","Suicide mission",138,1,1,false
12,35,0,NONE,"TtE77atF","Suicide mission",143,1,1,false
12,35,0,NONE,"MIUg8uia","Walk in the park",106,6,,false
12,35,0,NONE,"supEZd8v","Playing with fire",136,1,1,true
12,36,0,NONE,"lK7uCSPM","Playing with fire",99,4,,false
12,36,0,NONE,"ulqzPVZK","Piece of cake",93,4,,false
12,36,0,NONE,"4tmf6LBO","Walk in the park",86,4,,false
12,36,0,NONE,"MIUg8uia","Walk in the park",106,5,,false
12,36,0,NONE,"zkIg7ngO","Rather detrimental",90,7,,false
12,36,0,NONE,"Ag6aeBpN","Piece of cake",87,7,,true
12,36,0,NONE,"pQEMBoA5","Risky",93,7,,false
12,36,0,NONE,"qBAtcdB8","Quite likely",106,7,,false
12,36,0,NONE,"lg2Dxrza","Quite likely",84,7,,false
12,36,0,NONE,"zmlGyig3","Hmmm....",74,7,,false
12,37,0,NONE,"lK7uCSPM","Playing with fire",99,3,,false
12,37,0,NONE,"ulqzPVZK","Piece of cake",93,3,,true
12,37,0,NONE,"4tmf6LBO","Walk in the park",86,3,,false
12,37,0,NONE,"MIUg8uia","Walk in the park",106,4,,false
12,37,0,NONE,"zkIg7ngO","Rather detrimental",90,6,,false
12,37,0,NONE,"pQEMBoA5","Risky",93,6,,false
12,37,0,NONE,"qBAtcdB8","Quite likely",106,6,,false
12,37,0,NONE,"lg2Dxrza","Quite likely",84,6,,false
12,37,0,NONE,"zmlGyig3","Hmmm....",74,6,,false
12,37,0,NONE,"HlndTYiE","Quite likely",86,7,,false
12,38,0,NONE,"lK7uCSPM","Playing with fire",99,2,,false
12,38,0,NONE,"4tmf6LBO","Walk in the park",86,2,,true
12,38,0,NONE,"MIUg8uia","Walk in the park",106,3,,false
12,38,0,NONE,"zkIg7ngO","Rather detrimental",90,5,,false
12,38,0,NONE,"pQEMBoA5","Risky",93,5,,false
12,38,0,NONE,"qBAtcdB8","Quite likely",106,5,,false
12,38,0,NONE,"lg2Dxrza","Quite likely",84,5,,false
12,38,0,NONE,"zmlGyig3","Hmmm....",74,5,,false
12,38,0,NONE,"HlndTYiE","Quite likely",86,6,,false
12,38,0,NONE,"2p61I111","Gamble",87,7,,false
12,39,0,NONE,"lK7uCSPM","Playing with fire",99,1,,false
12,39,0,NONE,"MIUg8uia","Walk in the park",106,2,,true
12,39,0,NONE,"zkIg7ngO","Rather detrimental",90,4,,false
12,39,0,NONE,"pQEMBoA5","Risky",93,4,,false
12,39,0,NONE,"qBAtcdB8","Quite likely",106,4,,false
12,39,0,NONE,"lg2Dxrza","Quite likely",84,4,,false
12,39,0,NONE,"zmlGyig3","Hmmm....",74,4,,false
12,39,0,NONE,"HlndTYiE","Quite likely",86,5,,false
12,39,0,NONE,"2p61I111","Gamble",87,6,,false
12,39,0,NONE,"mFZnrJBZ","Gamble",114,7,,false
12,41,0,NONE,"zkIg7ngO","Rather detrimental",90,2,,false
12,41,0,NONE,"pQEMBoA5","Risky",93,2,,false
12,41,0,NONE,"qBAtcdB8","Quite likely",106,2,,false
12,41,0,NONE,"lg2Dxrza","Quite likely",84,2,,false
12,41,0,NONE,"zmlGyig3","Hmmm....",74,2,,false
12,41,0,NONE,"HlndTYiE","Quite likely",86,3,,false
12,41,0,NONE,"2p61I111","Gamble",87,4,,false
12,41,0,NONE,"mFZnrJBZ","Gamble",114,5,,false
12,41,0,NONE,"xrpFrxei","Walk in the park",100,6,,true
12,41,0,NONE,"ZwxpHuox","Suicide mission",85,6,,false
12,42,0,NONE,"zkIg7ngO","Rather detrimental",90,1,,false
12,42,0,NONE,"pQEMBoA5","Risky",93,1,,false
12,42,0,NONE,"qBAtcdB8","Quite likely",106,1,,false
12,42,0,NONE,"lg2Dxrza","Quite likely",84,1,,false
12,42,0,NONE,"zmlGyig3","Hmmm....",74,1,,false
12,42,0,NONE,"HlndTYiE","Quite likely",86,2,,false
12,42,0,NONE,"2p61I111","Gamble",87,3,,false
12,42,0,NONE,"mFZnrJBZ","Gamble",114,4,,false
12,42,0,NONE,"ZwxpHuox","Suicide mission",85,5,,false
12,42,0,NONE,"38QQLgks","Walk in the park",87,7,,true
12,43,0,NONE,"HlndTYiE","Quite likely",86,1,,true
12,43,0,NONE,"2p61I111","Gamble",87,2,,false
12,43,0,NONE,"mFZnrJBZ","Gamble",114,3,,false
12,43,0,NONE,"ZwxpHuox","Suicide mission",85,4,,false
12,43,0,NONE,"e35MHrEz","Walk in the park",87,7,,false
12,43,0,NONE,"WZ5q6Vdj","Walk in the park",77,7,,false
12,43,0,NONE,"TSLlara8","Risky",86,7,,false
12,43,0,NONE,"K8XLCHdG","Walk in the park",95,7,,false
12,43,0,NONE,"7k8JwZbP","Quite likely",53,7,,false
12,43,0,NONE,"RtusuHaH","Risky",81,7,,false
12,44,0,NONE,"2p61I111","Gamble",87,1,,false
12,44,0,NONE,"mFZnrJBZ","Gamble",114,2,,false
12,44,0,NONE,"ZwxpHuox","Suicide mission",85,3,,false
12,44,0,NONE,"e35MHrEz","Walk in the park",87,6,,false
12,44,0,NONE,"WZ5q6Vdj","Walk in the park",77,6,,false
12,44,0,NONE,"TSLlara8","Risky",86,6,,false
12,44,0,NONE,"K8XLCHdG","Walk in the park",95,6,,true
12,44,0,NONE,"7k8JwZbP","Quite likely",53,6,,false
12,44,0,NONE,"RtusuHaH","Risky",81,6,,false
12,44,0,NONE,"sN90C4zh","Hmmm....",82,7,,false
12,45,0,NONE,"mFZnrJBZ","Gamble",114,1,,false
12,45,0,NONE,"ZwxpHuox","Suicide mission",85,2,,false
12,45,0,NONE,"e35MHrEz","Walk in the park",87,5,,false
12,45,0,NONE,"WZ5q6Vdj","Walk in the park",77,5,,true
12,45,0,NONE,"TSLlara8","Risky",86,5,,false
12,45,0,NONE,"7k8JwZbP","Quite likely",53,5,,false
12,45,0,NONE,"RtusuHaH","Risky",81,5,,false
12,45,0,NONE,"sN90C4zh","Hmmm....",82,6,,false
12,45,0,NONE,"qDBDfXNl","Hmmm....",59,7,,false
12,45,0,NONE,"TUriz9Iz","Playing with fire",85,7,,false
12,46,0,NONE,"ZwxpHuox","Suicide mission",85,1,,false
12,46,0,NONE,"e35MHrEz","Walk in the park",87,4,,true
12,46,0,NONE,"TSLlara8","Risky",86,4,,false
12,46,0,NONE,"7k8JwZbP","Quite likely",53,4,,false
12,46,0,NONE,"RtusuHaH","Risky",81,4,,false
12,46,0,NONE,"sN90C4zh","Hmmm....",82,5,,false
12,46,0,NONE,"qDBDfXNl","Hmmm....",59,6,,false
12,46,0,NONE,"TUriz9Iz","Playing with fire",85,6,,false
12,46,0,NONE,"WFDOlgg6","Hmmm....",82,7,,false
12,46,0,NONE,"hYG2tQ9E","Quite likely",75,7,,false
12,48,0,NONE,"TSLlara8","Risky",86,2,,false
12,48,0,NONE,"7k8JwZbP","Quite likely",53,2,,true
12,48,0,NONE,"RtusuHaH","Risky",81,2,,false
12,48,0,NONE,"sN90C4zh","Hmmm....",82,3,,false
12,48,0,NONE,"qDBDfXNl","Hmmm....",59,4,,false
12,48,0,NONE,"TUriz9Iz","Playing with fire",85,4,,false
12,48,0,NONE,"WFDOlgg6","Hmmm....",82,5,,false
12,48,0,NONE,"hYG2tQ9E","Quite likely",75,5,,false
12,48,0,NONE,"rU9I2Rcj","Suicide mission",65,6,,false
12,48,0,NONE,"YhybNFE9","Rather detrimental",76,6,,false
13,0,0,NONE,"OseblzFq","Hmmm....",18,7,,false
13,0,0,NONE,"8hZyFHji","Walk in the park",57,7,,false
13,0,0,NONE,"N7v8dhOs","Piece of cake",15,7,,false
13,0,0,NONE,"3JH8ID3c","Suicide mission",34,7,,false
13,0,0,NONE,"yypMcBDt","Rather detrimental",36,7,,false
13,0,0,NONE,"cujloBeY","Hmmm....",68,7,,false
13,0,0,NONE,"W2X7kM4U","Sure thing",7,7,,true
13,0,0,NONE,"MkAoGqi9","Piece of cake",17,7,,false
13,0,0,NONE,"eDvrk6j5","Sure thing",54,7,,false
13,0,0,NONE,"Ce4mX3LH","Piece of cake",10,7,,false
13,1,0,NONE,"OseblzFq","Hmmm....",18,6,,false
13,1,0,NONE,"8hZyFHji","Walk in the park",57,6,,false
13,1,0,NONE,"N7v8dhOs","Piece of cake",15,6,,false
13,1,0,NONE,"3JH8ID3c","Suicide mission",34,6,,false
13,1,0,NONE,"yypMcBDt","Rather detrimental",36,6,,false
13,1,0,NONE,"cujloBeY","Hmmm....",68,6,,false
13,1,0,NONE,"MkAoGqi9","Piece of cake",17,6,,false
13,1,0,NONE,"eDvrk6j5","Sure thing",54,6,,true
13,1,0,NONE,"Ce4mX3LH","Piece of cake",10,6,,false
13,1,0,NONE,"PaCR3dAC","Quite likely",42,7,,false
13,2,0,NONE,"OseblzFq","Hmmm....",18,5,,false
13,2,0,NONE,"8hZyFHji","Walk in the park",57,5,,false
13,2,0,NONE,"N7v8dhOs","Piece of cake",15,5,,false
13,2,0,NONE,"3JH8ID3c","Suicide mission",34,5,,false
13,2,0,NONE,"yypMcBDt","Rather detrimental",36,5,,false
13,2,0,NONE,"cujloBeY","Hmmm....",68,5,,false
13,2,0,NONE,"MkAoGqi9","Piece of cake",17,5,,false
13,2,0,NONE,"Ce4mX3LH","Piece of cake",10,5,,true
13,2,0,NONE,"PaCR3dAC","Quite likely",42,6,,false
13,2,0,NONE,"2QyKcyWe","Walk in the park",9,7,,false
13,3,0,NONE,"OseblzFq","Hmmm....",18,4,,false
13,3,0,NONE,"8hZyFHji","Walk in the park",57,4,,false
13,3,0,NONE,"N7v8dhOs","Piece of cake",15,4,,false
13,3,0,NONE,"3JH8ID3c","Suicide mission",34,4,,false
13,3,0,NONE,"yypMcBDt","Rather detrimental",36,4,,false
13,3,0,NONE,"cujloBeY","Hmmm....",68,4,,false
13,3,0,NONE,"MkAoGqi9","Piece of cake",17,4,,true
13,3,0,NONE,"PaCR3dAC","Quite likely",42,5,,false
13,3,0,NONE,"2QyKcyWe","Walk in the park",9,6,,false
13,3,0,NONE,"mGvt4uqZ","Piece of cake",4,7,,false
13,4,0,NONE,"OseblzFq","Hmmm....",18,3,,false
13,4,0,NONE,"8hZyFHji","Walk in the park",57,3,,false
13,4,0,NONE,"N7v8dhOs","Piece of cake",15,3,,true
13,4,0,NONE,"3JH8ID3c","Suicide mission",34,3,,false
13,4,0,NONE,"yypMcBDt","Rather detrimental",36,3,,false
13,4,0,NONE,"cujloBeY","Hmmm....",68,3,,false
13,4,0,NONE,"PaCR3dAC","Quite likely",42,4,,false
13,4,0,NONE,"2QyKcyWe","Walk in the park",9,5,,false
13,4,0,NONE,"mGvt4uqZ","Piece of cake",4,6,,false
13,4,0,NONE,"KRXx8PRy","Gamble",37,7,,false
13,5,0,NONE,"OseblzFq","Hmmm....",18,2,,false
13,5,0,NONE,"8hZyFHji","Walk in the park",57,2,,false
13,5,0,NONE,"3JH8ID3c","Suicide mission",34,2,,false
13,5,0,NONE,"yypMcBDt","Rather detrimental",36,2,,false
13,5,0,NONE,"cujloBeY","Hmmm....",68,2,,false
13,5,0,NONE,"PaCR3dAC","Quite likely",42,3,,false
13,5,0,NONE,"2QyKcyWe","Walk in the park",9,4,,false
13,5,0,NONE,"mGvt4uqZ","Piece of cake",4,5,,false
13,5,0,NONE,"KRXx8PRy","Gamble",37,6,,false
13,5,0,NONE,"QfSnncAm","Sure thing",67,7,,true
13,6,0,NONE,"OseblzFq","Hmmm....",18,1,,false
13,6,0,NONE,"8hZyFHji","Walk in the park",57,1,,false
13,6,0,NONE,"3JH8ID3c","Suicide mission",34,1,,true
13,6,0,NONE,"yypMcBDt","Rather detrimental",36,1,,false
13,6,0,NONE,"cujloBeY","Hmmm....",68,1,,false
13,6,0,NONE,"PaCR3dAC","Quite likely",42,2,,false
13,6,0,NONE,"2QyKcyWe","Walk in the park",9,3,,false
13,6,0,NONE,"mGvt4uqZ","Piece of cake",4,4,,false
13,6,0,NONE,"KRXx8PRy","Gamble",37,5,,false
13,6,0,NONE,"cqI179X9","Suicide mission",37,7,,false
13,7,0,NONE,"PaCR3dAC","Quite likely",42,1,,false
13,7,0,NONE,"2QyKcyWe","Walk in the park",9,2,,false
13,7,0,NONE,"mGvt4uqZ","Piece of cake",4,3,,false
13,7,0,NONE,"KRXx8PRy","Gamble",37,4,,false
13,7,0,NONE,"cqI179X9","Suicide mission",37,6,,false
13,7,0,NONE,"PVBL06P0","Quite likely",33,7,,true
13,7,0,NONE,"G74BOWuN","Piece of cake",47,7,,false
13,7,0,NONE,"QruISWoz","Piece of cake",41,7,,false
13,7,0,NONE,"AYgWkzvy","Piece of cake",67,7,,false
13,7,0,NONE,"SbsKt6mp","Playing with fire",43,7,,false
13,8,0,NONE,"2QyKcyWe","Walk in the park",9,1,,false
13,8,0,NONE,"mGvt4uqZ","Piece of cake",4,2,,false
13,8,0,NONE,"KRXx8PRy","Gamble",37,3,,false
13,8,0,NONE,"cqI179X9","Suicide mission",37,5,,false
13,8,0,NONE,"G74BOWuN","Piece of cake",47,6,,false
13,8,0,NONE,"QruISWoz","Piece of cake",41,6,,false
13,8,0,NONE,"AYgWkzvy","Piece of cake",67,6,,false
13,8,0,NONE,"SbsKt6mp","Playing with fire",43,6,,false
13,8,0,NONE,"11sVcYzP","Walk in the park",24,7,,true
13,8,0,NONE,"CHBx1hCl","Playing with fire",18,7,,false
13,9,0,NONE,"mGvt4uqZ","Piece of cake",4,1,,true
13,9,0,NONE,"KRXx8PRy","Gamble",37,2,,false
13,9,0,NONE,"cqI179X9","Suicide mission",37,4,,false
13,9,0,NONE,"G74BOWuN","Piece of cake",47,5,,false
13,9,0,NONE,"QruISWoz","Piece of cake",41,5,,false
13,9,0,NONE,"AYgWkzvy","Piece of cake",67,5,,false
13,9,0,NONE,"SbsKt6mp","Playing with fire",43,5,,false
13,9,0,NONE,"CHBx1hCl","Playing with fire",18,6,,false
13,9,0,NONE,"oZ6NXEUR","Piece of cake",20,7,,false
13,9,0,NONE,"7aAEj4Np","Risky",21,7,,false
13,10,0,NONE,"KRXx8PRy","Gamble",37,1,,false
13,10,0,NONE,"cqI179X9","Suicide mission",37,3,,false
13,10,0,NONE,"G74BOWuN","Piece of cake",47,4,,false
13,10,0,NONE,"QruISWoz","Piece of cake",41,4,,false
13,10,0,NONE,"AYgWkzvy","Piece of cake",67,4,,true
13,10,0,NONE,"SbsKt6mp","Playing with fire",43,4,,false
13,10,0,NONE,"CHBx1hCl","Playing with fire",18,5,,false
13,10,0,NONE,"oZ6NXEUR","Piece of cake",20,6,,false
13,10,0,NONE,"7aAEj4Np","Risky",21,6,,false
13,10,0,NONE,"MyqrIbyV","Piece of cake",59,7,,false
13,11,0,NONE,"cqI179X9","Suicide mission",37,2,,false
13,11,0,NONE,"G74BOWuN","Piece of cake",47,3,,false
13,11,0,NONE,"QruISWoz","Piece of cake",41,3,,false
13,11,0,NONE,"SbsKt6mp","Playing with fire",43,3,,false
13,11,0,NONE,"CHBx1hCl","Playing with fire",18,4,,false
13,11,0,NONE,"oZ6NXEUR","Piece of cake",20,5,,false
13,11,0,NONE,"7aAEj4Np","Risky",21,5,,false
13,11,0,NONE,"MyqrIbyV","Piece of cake",59,6,,false
13,11,0,NONE,"URKcXVJ9","Sure thing",63,7,,true
13,11,0,NONE,"gI0HWEhY","Quite likely",75,7,,false
13,12,0,NONE,"cqI179X9","Suicide mission",37,1,,true
13,12,0,NONE,"G74BOWuN","Piece of cake",47,2,,false
13,12,0,NONE,"QruISWoz","Piece of cake",41,2,,false
13,12,0,NONE,"SbsKt6mp","Playing with fire",43,2,,false
13,12,0,NONE,"CHBx1hCl","Playing with fire",18,3,,false
13,12,0,NONE,"oZ6NXEUR","Piece of cake",20,4,,false
13,12,0,NONE,"7aAEj4Np","Risky",21,4,,false
13,12,0,NONE,"MyqrIbyV","Piece of cake",59,5,,false
13,12,0,NONE,"gI0HWEhY","Quite likely",75,6,,false
13,12,0,NONE,"DgmaED6v","Suicide mission",42,7,,false
13,14,0,NONE,"CHBx1hCl","Playing with fire",18,1,,false
13,14,0,NONE,"oZ6NXEUR","Piece of cake",20,2,,false
13,14,0,NONE,"7aAEj4Np","Risky",21,2,,false
13,14,0,NONE,"MyqrIbyV","Piece of cake",59,3,,true
13,14,0,NONE,"gI0HWEhY","Quite likely",75,4,,false
13,14,0,NONE,"DgmaED6v","Suicide mission",42,5,,false
13,14,0,NONE,"aeJpsGU9","Hmmm....",18,6,,false
13,14,0,NONE,"ShZUHdyP","Walk in the park",32,7,,false
13,14,0,NONE,"e5benQ3g","Hmmm....",20,7,,false
13,14,0,NONE,"l2vOWFCY","Suicide mission",42,7,,false
13,15,0,NONE,"oZ6NXEUR","Piece of cake",20,1,,true
13,15,0,NONE,"7aAEj4Np","Risky",21,1,,false
13,15,0,NONE,"gI0HWEhY","Quite likely",75,3,,false
13,15,0,NONE,"DgmaED6v","Suicide mission",42,4,,false
13,15,0,NONE,"aeJpsGU9","Hmmm....",18,5,,false
13,15,0,NONE,"ShZUHdyP","Walk in the park",32,6,,false
13,15,0,NONE,"e5benQ3g","Hmmm....",20,6,,false
13,15,0,NONE,"l2vOWFCY","Suicide mission",42,6,,false
13,15,0,NONE,"wBEtamDO","Quite likely",18,7,,false
13,15,0,NONE,"g4FRPNzB","Suicide mission",35,7,,false
13,16,0,NONE,"gI0HWEhY","Quite likely",75,2,,false
13,16,0,NONE,"DgmaED6v","Suicide mission",42,3,,false
13,16,0,NONE,"aeJpsGU9","Hmmm....",18,4,,false
13,16,0,NONE,"ShZUHdyP","Walk in the park",32,5,,true
13,16,0,NONE,"e5benQ3g","Hmmm....",20,5,,false
13,16,0,NONE,"l2vOWFCY","Suicide mission",42,5,,false
13,16,0,NONE,"wBEtamDO","Quite likely",18,6,,false
13,16,0,NONE,"g4FRPNzB","Suicide mission",35,6,,false
13,16,0,NONE,"ySfjdDi4","Quite likely",38,7,,false
13,16,0,NONE,"v9SHSmRm","Rather detrimental",123,3,1,false
13,17,0,NONE,"gI0HWEhY","Quite likely",75,1,,true
13,17,0,NONE,"DgmaED6v","Suicide mission",42,2,,false
13,17,0,NONE,"aeJpsGU9","Hmmm....",18,3,,false
13,17,0,NONE,"e5benQ3g","Hmmm....",20,4,,false
13,17,0,NONE,"l2vOWFCY","Suicide mission",42,4,,false
13,17,0,NONE,"wBEtamDO","Quite likely",18,5,,false
13,17,0,NONE,"g4FRPNzB","Suicide mission",35,5,,false
13,17,0,NONE,"ySfjdDi4","Quite likely",38,6,,false
13,17,0,NONE,"v9SHSmRm","Rather detrimental",123,2,1,false
13,17,0,NONE,"rSDwFrwY","Risky",27,7,,false
13,18,0,NONE,"DgmaED6v","Suicide mission",42,1,,false
13,18,0,NONE,"aeJpsGU9","Hmmm....",18,2,,false
13,18,0,NONE,"e5benQ3g","Hmmm....",20,3,,false
13,18,0,NONE,"l2vOWFCY","Suicide mission",42,3,,false
13,18,0,NONE,"wBEtamDO","Quite likely",18,4,,false
13,18,0,NONE,"g4FRPNzB","Suicide mission",35,4,,false
13,18,0,NONE,"ySfjdDi4","Quite likely",38,5,,false
13,18,0,NONE,"v9SHSmRm","Rather detrimental",123,1,1,true
13,18,0,NONE,"rSDwFrwY","Risky",27,6,,false
13,18,0,NONE,"ngeb7u21","Rather detrimental",26,7,,false
13,20,0,NONE,"e5benQ3g","Hmmm....",20,1,,false
13,20,0,NONE,"l2vOWFCY","Suicide mission",42,1,,false
13,20,0,NONE,"wBEtamDO","Quite likely",18,2,,true
13,20,0,NONE,"g4FRPNzB","Suicide mission",35,2,,false
13,20,0,NONE,"ySfjdDi4","Quite likely",38,3,,false
13,20,0,NONE,"rSDwFrwY","Risky",27,4,,false
13,20,0,NONE,"ngeb7u21","Rather detrimental",26,5,,false
13,20,0,NONE,"7jY9Q8NG","Rather detrimental",136,2,1,false
13,20,0,NONE,"rwS6JVq1","Suicide mission",139,1,1,false
13,20,0,NONE,"DRLAduoo","Rather detrimental",160,2,1,false
13,21,0,NONE,"g4FRPNzB","Suicide mission",35,1,,false
13,21,0,NONE,"ySfjdDi4","Quite likely",38,2,,false
13,21,0,NONE,"rSDwFrwY","Risky",27,3,,false
13,21,0,NONE,"ngeb7u21","Rather detrimental",26,4,,true
13,21,0,NONE,"7jY9Q8NG","Rather detrimental",136,1,1,false
13,21,0,NONE,"DRLAduoo","Rather detrimental",160,1,1,false
13,21,0,NONE,"1c3KvdCL","Quite likely",67,7,,false
13,21,0,NONE,"qidIUlbn","Suicide mission",138,3,1,false
13,21,0,NONE,"a6MijTJt","Piece of cake",69,7,,false
13,21,0,NONE,"1veVzYA2","Piece of cake",70,7,,false
13,22,0,NONE,"ySfjdDi4","Quite likely",38,1,,true
13,22,0,NONE,"rSDwFrwY","Risky",27,2,,false
13,22,0,NONE,"1c3KvdCL","Quite likely",67,6,,false
13,22,0,NONE,"qidIUlbn","Suicide mission",138,2,1,false
13,22,0,NONE,"a6MijTJt","Piece of cake",69,6,,false
13,22,0,NONE,"1veVzYA2","Piece of cake",70,6,,false
13,22,0,NONE,"634FSJZx","Suicide mission",153,3,1,false
13,22,0,NONE,"vlSOY8h0","Walk in the park",72,7,,false
13,22,0,NONE,"ocmVy4fI","Piece of cake",88,7,,false
13,22,0,NONE,"CsnVswLk","Piece of cake",67,7,,false
13,24,0,NONE,"1c3KvdCL","Quite likely",67,4,,false
13,24,0,NONE,"a6MijTJt","Piece of cake",69,4,,false
13,24,0,NONE,"1veVzYA2","Piece of cake",70,4,,true
13,24,0,NONE,"634FSJZx","Suicide mission",153,1,1,false
13,24,0,NONE,"vlSOY8h0","Walk in the park",72,5,,false
13,24,0,NONE,"ocmVy4fI","Piece of cake",88,5,,false
13,24,0,NONE,"CsnVswLk","Piece of cake",67,5,,false
13,24,0,NONE,"r2VHDsrT","Hmmm....",89,6,,false
13,24,0,NONE,"FlglI9by","Risky",114,2,1,false
13,24,0,NONE,"lmXSR9jE","Walk in the park",105,7,,false
13,25,0,NONE,"1c3KvdCL","Quite likely",67,3,,false
13,25,0,NONE,"a6MijTJt","Piece of cake",69,3,,false
13,25,0,NONE,"vlSOY8h0","Walk in the park",72,4,,false
13,25,0,NONE,"ocmVy4fI","Piece of cake",88,4,,false
13,25,0,NONE,"CsnVswLk","Piece of cake",67,4,,true
13,25,0,NONE,"r2VHDsrT","Hmmm....",89,5,,false
13,25,0,NONE,"FlglI9by","Risky",114,1,1,false
13,25,0,NONE,"lmXSR9jE","Walk in the park",105,6,,false
13,25,0,NONE,"WV6mmLep","Suicide mission",128,2,1,false
13,25,0,NONE,"XnOd6mjX","Walk in the park",85,7,,false
13,26,0,NONE,"1c3KvdCL","Quite likely",67,2,,false
13,26,0,NONE,"a6MijTJt","Piece of cake",69,2,,true
13,26,0,NONE,"vlSOY8h0","Walk in the park",72,3,,false
13,26,0,NONE,"ocmVy4fI","Piece of cake",88,3,,false
13,26,0,NONE,"r2VHDsrT","Hmmm....",89,4,,false
13,26,0,NONE,"lmXSR9jE","Walk in the park",105,5,,false
13,26,0,NONE,"WV6mmLep","Suicide mission",128,1,1,false
13,26,0,NONE,"XnOd6mjX","Walk in the park",85,6,,false
13,26,0,NONE,"wWiD5WsZ","Risky",155,3,1,false
13,26,0,NONE,"KDF6dDwY","Suicide mission",140,2,1,false
13,27,0,NONE,"1c3KvdCL","Quite likely",67,1,,false
13,27,0,NONE,"vlSOY8h0","Walk in the park",72,2,,false
13,27,0,NONE,"ocmVy4fI","Piece of cake",88,2,,false
13,27,0,NONE,"r2VHDsrT","Hmmm....",89,3,,false
13,27,0,NONE,"lmXSR9jE","Walk in the park",105,4,,false
13,27,0,NONE,"XnOd6mjX","Walk in the park",85,5,,false
13,27,0,NONE,"wWiD5WsZ","Risky",155,2,1,false
13,27,0,NONE,"KDF6dDwY","Suicide mission",140,1,1,false
13,27,0,NONE,"hs2Rdz9H","Sure thing",107,7,,true
13,27,0,NONE,"gRdZIkVv","Gamble",128,3,1,false
13,28,0,NONE,"vlSOY8h0","Walk in the park",72,1,,true
13,28,0,NONE,"ocmVy4fI","Piece of cake",88,1,,false
13,28,0,NONE,"r2VHDsrT","Hmmm....",89,2,,false
13,28,0,NONE,"lmXSR9jE","Walk in the park",105,3,,false
13,28,0,NONE,"XnOd6mjX","Walk in the park",85,4,,false
13,28,0,NONE,"wWiD5WsZ","Risky",155,1,1,false
13,28,0,NONE,"gRdZIkVv","Gamble",128,2,1,false
13,28,0,NONE,"lJQddRFh","Suicide mission",144,2,1,false
13,28,0,NONE,"hkRAevwC","Gamble",92,7,,false
13,28,0,NONE,"fIXP5Qby","Walk in the park",65,7,,false
13,29,0,NONE,"r2VHDsrT","Hmmm....",89,1,,false
13,29,0,NONE,"lmXSR9jE","Walk in the park",105,2,,false
13,29,0,NONE,"XnOd6mjX","Walk in the park",85,3,,false
13,29,0,NONE,"gRdZIkVv","Gamble",128,1,1,true
13,29,0,NONE,"lJQddRFh","Suicide mission",144,1,1,false
13,29,0,NONE,"hkRAevwC","Gamble",92,6,,false
13,29,0,NONE,"fIXP5Qby","Walk in the park",65,6,,false
13,29,0,NONE,"Lg5KigPg","Walk in the park",92,7,,false
13,29,0,NONE,"3N1PyswV","Impossible",137,3,1,false
13,29,0,NONE,"NgjpNTYF","Gamble",158,2,1,false
13,30,0,NONE,"lmXSR9jE","Walk in the park",105,1,,false
13,30,0,NONE,"XnOd6mjX","Walk in the park",85,2,,false
13,30,0,NONE,"hkRAevwC","Gamble",92,5,,false
13,30,0,NONE,"fIXP5Qby","Walk in the park",65,5,,false
13,30,0,NONE,"Lg5KigPg","Walk in the park",92,6,,false
13,30,0,NONE,"3N1PyswV","Impossible",137,2,1,false
13,30,0,NONE,"NgjpNTYF","Gamble",158,1,1,true
13,30,0,NONE,"SBIs6Ofg","Gamble",126,3,1,false
13,30,0,NONE,"6uG68Vxd","Walk in the park",110,7,,false
13,30,0,NONE,"m52ENXJp","Suicide mission",170,2,1,false
13,31,0,NONE,"XnOd6mjX","Walk in the park",85,1,,false
13,31,0,NONE,"hkRAevwC","Gamble",92,4,,false
13,31,0,NONE,"fIXP5Qby","Walk in the park",65,4,,false
13,31,0,NONE,"Lg5KigPg","Walk in the park",92,5,,false
13,31,0,NONE,"3N1PyswV","Impossible",137,1,1,false
13,31,0,NONE,"SBIs6Ofg","Gamble",126,2,1,false
13,31,0,NONE,"6uG68Vxd","Walk in the park",110,6,,true
13,31,0,NONE,"m52ENXJp","Suicide mission",170,1,1,false
13,31,0,NONE,"RdZCP8E0","Suicide mission",123,2,1,false
13,31,0,NONE,"RAE3WTti","Suicide mission",148,2,1,false
13,32,0,NONE,"hkRAevwC","Gamble",92,3,,true
13,32,0,NONE,"fIXP5Qby","Walk in the park",65,3,,false
13,32,0,NONE,"Lg5KigPg","Walk in the park",92,4,,false
13,32,0,NONE,"SBIs6Ofg","Gamble",126,1,1,false
13,32,0,NONE,"RdZCP8E0","Suicide mission",123,1,1,false
13,32,0,NONE,"RAE3WTti","Suicide mission",148,1,1,false
13,32,0,NONE,"0KkBouDi","Risky",131,3,1,false
13,32,0,NONE,"31P4hsa8","Rather detrimental",136,2,1,false
13,32,0,NONE,"2QwMnecS","Playing with fire",152,3,1,false
13,32,0,NONE,"kCRmx6ir","Suicide mission",145,2,1,false
13,33,0,NONE,"fIXP5Qby","Walk in the park",65,2,,false
13,33,0,NONE,"Lg5KigPg","Walk in the park",92,3,,false
13,33,0,NONE,"0KkBouDi","Risky",131,2,1,false
13,33,0,NONE,"31P4hsa8","Rather detrimental",136,1,1,false
13,33,0,NONE,"2QwMnecS","Playing with fire",152,2,1,false
13,33,0,NONE,"kCRmx6ir","Suicide mission",145,1,1,false
13,33,0,NONE,"R5xaAadB","Suicide mission",155,2,1,false
13,33,0,NONE,"9r2S414B","Hmmm....",105,7,,false
13,33,0,NONE,"5gaZ8PrW","Piece of cake",78,7,,true
13,33,0,NONE,"VwgBh5cc","Gamble",138,3,1,false
13,34,0,NONE,"fIXP5Qby","Walk in the park",65,1,,false
13,34,0,NONE,"Lg5KigPg","Walk in the park",92,2,,false
13,34,0,NONE,"0KkBouDi","Risky",131,1,1,false
13,34,0,NONE,"2QwMnecS","Playing with fire",152,1,1,false
13,34,0,NONE,"R5xaAadB","Suicide mission",155,1,1,false
13,34,0,NONE,"9r2S414B","Hmmm....",105,6,,false
13,34,0,NONE,"VwgBh5cc","Gamble",138,2,1,false
13,34,0,NONE,"SKKjC6HC","Risky",108,7,,true
13,34,0,NONE,"jQwAEa2s","Hmmm....",147,3,1,false
13,34,0,NONE,"2PvBK5jg","Risky",144,2,1,false
13,36,0,NONE,"9r2S414B","Hmmm....",105,4,,false
13,36,0,NONE,"jQwAEa2s","Hmmm....",147,1,1,true
13,36,0,NONE,"xBfIKe0p","Piece of cake",87,6,,false
13,36,0,NONE,"aSiIVSBX","Piece of cake",98,6,,false
13,36,0,NONE,"RNGg6TK8","Risky",110,6,,false
13,36,0,NONE,"fMm8BrfH","Quite likely",108,6,,false
13,36,0,NONE,"cK6a1nwH","Playing with fire",107,6,,false
13,36,0,NONE,"7jX32e7D","Sure thing",109,7,,false
13,36,0,NONE,"gpacy8RB","Rather detrimental",74,7,,false
13,36,0,NONE,"aMNp00cp","Gamble",72,7,,false
13,37,0,NONE,"9r2S414B","Hmmm....",105,3,,false
13,37,0,NONE,"xBfIKe0p","Piece of cake",87,5,,false
13,37,0,NONE,"aSiIVSBX","Piece of cake",98,5,,false
13,37,0,NONE,"RNGg6TK8","Risky",110,5,,false
13,37,0,NONE,"fMm8BrfH","Quite likely",108,5,,false
13,37,0,NONE,"cK6a1nwH","Playing with fire",107,5,,false
13,37,0,NONE,"7jX32e7D","Sure thing",109,6,,true
13,37,0,NONE,"gpacy8RB","Rather detrimental",74,6,,false
13,37,0,NONE,"aMNp00cp","Gamble",72,6,,false
13,37,0,NONE,"WNufHuIc","Piece of cake",96,7,,false
13,38,0,NONE,"9r2S414B","Hmmm....",105,2,,false
13,38,0,NONE,"xBfIKe0p","Piece of cake",87,4,,false
13,38,0,NONE,"aSiIVSBX","Piece of cake",98,4,,false
13,38,0,NONE,"RNGg6TK8","Risky",110,4,,false
13,38,0,NONE,"fMm8BrfH","Quite likely",108,4,,false
13,38,0,NONE,"cK6a1nwH","Playing with fire",107,4,,false
13,38,0,NONE,"gpacy8RB","Rather detrimental",74,5,,false
13,38,0,NONE,"aMNp00cp","Gamble",72,5,,false
13,38,0,NONE,"WNufHuIc","Piece of cake",96,6,,true
13,38,0,NONE,"dd5p96mn","Quite likely",83,7,,false
13,39,0,NONE,"9r2S414B","Hmmm....",105,1,,false
13,39,0,NONE,"xBfIKe0p","Piece of cake",87,3,,false
13,39,0,NONE,"aSiIVSBX","Piece of cake",98,3,,true
13,39,0,NONE,"RNGg6TK8","Risky",110,3,,false
13,39,0,NONE,"fMm8BrfH","Quite likely",108,3,,false
13,39,0,NONE,"cK6a1nwH","Playing with fire",107,3,,false
13,39,0,NONE,"gpacy8RB","Rather detrimental",74,4,,false
13,39,0,NONE,"aMNp00cp","Gamble",72,4,,false
13,39,0,NONE,"dd5p96mn","Quite likely",83,6,,false
13,39,0,NONE,"CIOXuf77","Walk in the park",71,7,,false
13,40,0,NONE,"xBfIKe0p","Piece of cake",87,2,,true
13,40,0,NONE,"RNGg6TK8","Risky",110,2,,false
13,40,0,NONE,"fMm8BrfH","Quite likely",108,2,,false
13,40,0,NONE,"cK6a1nwH","Playing with fire",107,2,,false
13,40,0,NONE,"gpacy8RB","Rather detrimental",74,3,,false
13,40,0,NONE,"aMNp00cp","Gamble",72,3,,false
13,40,0,NONE,"dd5p96mn","Quite likely",83,5,,false
13,40,0,NONE,"CIOXuf77","Walk in the park",71,6,,false
13,40,0,NONE,"nDNwV5gW","Quite likely",84,7,,false
13,40,0,NONE,"z0MgQOeS","Rather detrimental",85,7,,false
13,41,0,NONE,"RNGg6TK8","Risky",110,1,,false
13,41,0,NONE,"fMm8BrfH","Quite likely",108,1,,true
13,41,0,NONE,"cK6a1nwH","Playing with fire",107,1,,false
13,41,0,NONE,"gpacy8RB","Rather detrimental",74,2,,false
13,41,0,NONE,"aMNp00cp","Gamble",72,2,,false
13,41,0,NONE,"dd5p96mn","Quite likely",83,4,,false
13,41,0,NONE,"CIOXuf77","Walk in the park",71,5,,false
13,41,0,NONE,"nDNwV5gW","Quite likely",84,6,,false
13,41,0,NONE,"z0MgQOeS","Rather detrimental",85,6,,false
13,41,0,NONE,"fUjtqv75","Hmmm....",113,7,,false
13,42,0,NONE,"gpacy8RB","Rather detrimental",74,1,,false
13,42,0,NONE,"aMNp00cp","Gamble",72,1,,false
13,42,0,NONE,"dd5p96mn","Quite likely",83,3,,false
13,42,0,NONE,"CIOXuf77","Walk in the park",71,4,,false
13,42,0,NONE,"nDNwV5gW","Quite likely",84,5,,false
13,42,0,NONE,"z0MgQOeS","Rather detrimental",85,5,,true
13,42,0,NONE,"fUjtqv75","Hmmm....",113,6,,false
13,42,0,NONE,"yAUJt77i","Risky",92,7,,false
13,42,0,NONE,"waXmolcj","Quite likely",78,7,,false
13,42,0,NONE,"LiZbf1fa","Suicide mission",83,7,,false
13,44,0,NONE,"dd5p96mn","Quite likely",83,1,,false
13,44,0,NONE,"CIOXuf77","Walk in the park",71,2,,false
13,44,0,NONE,"nDNwV5gW","Quite likely",84,3,,false
13,44,0,NONE,"fUjtqv75","Hmmm....",113,4,,false
13,44,0,NONE,"yAUJt77i","Risky",92,5,,false
13,44,0,NONE,"waXmolcj","Quite likely",78,5,,false
13,44,0,NONE,"LiZbf1fa","Suicide mission",83,5,,false
13,44,0,NONE,"Wp1UzvAF","Quite likely",77,6,,true
13,44,0,NONE,"3l3izMKA","Gamble",92,6,,false
13,44,0,NONE,"4PFViCVl","Gamble",64,6,,false
13,45,0,NONE,"CIOXuf77","Walk in the park",71,1,,true
13,45,0,NONE,"nDNwV5gW","Quite likely",84,2,,false
13,45,0,NONE,"fUjtqv75","Hmmm....",113,3,,false
13,45,0,NONE,"yAUJt77i","Risky",92,4,,false
13,45,0,NONE,"waXmolcj","Quite likely",78,4,,false
13,45,0,NONE,"LiZbf1fa","Suicide mission",83,4,,false
13,45,0,NONE,"3l3izMKA","Gamble",92,5,,false
13,45,0,NONE,"4PFViCVl","Gamble",64,5,,false
13,45,0,NONE,"XCNQhlZM","Suicide mission",85,7,,false
13,45,0,NONE,"rSxeNcRj","Quite likely",55,7,,false
13,47,0,NONE,"fUjtqv75","Hmmm....",113,1,,false
13,47,0,NONE,"yAUJt77i","Risky",92,2,,false
13,47,0,NONE,"waXmolcj","Quite likely",78,2,,false
13,47,0,NONE,"LiZbf1fa","Suicide mission",83,2,,false
13,47,0,NONE,"3l3izMKA","Gamble",92,3,,false
13,47,0,NONE,"4PFViCVl","Gamble",64,3,,false
13,47,0,NONE,"XCNQhlZM","Suicide mission",85,5,,false
13,47,0,NONE,"rSxeNcRj","Quite likely",55,5,,false
13,47,0,NONE,"2oIvv5SJ","Walk in the park",84,6,,true
13,47,0,NONE,"WePSiUJN","Suicide mission",81,7,,false
13,48,0,NONE,"yAUJt77i","Risky",92,1,,true
13,48,0,NONE,"waXmolcj","Quite likely",78,1,,false
13,48,0,NONE,"LiZbf1fa","Suicide mission",83,1,,false
13,48,0,NONE,"3l3izMKA","Gamble",92,2,,false
13,48,0,NONE,"4PFViCVl","Gamble",64,2,,false
13,48,0,NONE,"XCNQhlZM","Suicide mission",85,4,,false
13,48,0,NONE,"rSxeNcRj","Quite likely",55,4,,false
13,48,0,NONE,"WePSiUJN","Suicide mission",81,6,,false
13,48,0,NONE,"zrC4kp4a","Walk in the park",82,7,,false
13,48,0,NONE,"Enc8QsST","Risky",60,7,,false
13,49,0,NONE,"3l3izMKA","Gamble",92,1,,false
13,49,0,NONE,"4PFViCVl","Gamble",64,1,,false
13,49,0,NONE,"XCNQhlZM","Suicide mission",85,3,,false
13,49,0,NONE,"rSxeNcRj","Quite likely",55,3,,false
13,49,0,NONE,"WePSiUJN","Suicide mission",81,5,,false
13,49,0,NONE,"zrC4kp4a","Walk in the park",82,6,,false
13,49,0,NONE,"Enc8QsST","Risky",60,6,,false
13,49,0,NONE,"LnhArLPm","Gamble",72,7,,true
13,49,0,NONE,"V1r6hnkQ","Suicide mission",72,7,,false
13,49,0,NONE,"dfX1vaDE","Suicide mission",67,7,,false
14,0,0,NONE,"PgUjbRSw","Sure thing",13,7,,true
14,0,0,NONE,"aiNSnbr6","Quite likely",32,7,,false
14,0,0,NONE,"Y25hTiY7","Suicide mission",33,7,,false
14,0,0,NONE,"DmPHWaGD","Quite likely",38,7,,false
14,0,0,NONE,"8np0mBBE","Quite likely",33,7,,false
14,0,0,NONE,"LwSjMm4P","Walk in the park",13,7,,false
14,0,0,NONE,"kjLs3GWb","Gamble",36,7,,false
14,0,0,NONE,"WgjJ2FIv","Piece of cake",16,7,,false
14,0,0,NONE,"SdASiy3V","Piece of cake",40,7,,false
14,0,0,NONE,"paHezBco","Piece of cake",30,7,,false
14,1,0,NONE,"aiNSnbr6","Quite likely",32,6,,false
14,1,0,NONE,"Y25hTiY7","Suicide mission",33,6,,false
14,1,0,NONE,"DmPHWaGD","Quite likely",38,6,,false
14,1,0,NONE,"8np0mBBE","Quite likely",33,6,,false
14,1,0,NONE,"LwSjMm4P","Walk in the park",13,6,,false
14,1,0,NONE,"kjLs3GWb","Gamble",36,6,,false
14,1,0,NONE,"WgjJ2FIv","Piece of cake",16,6,,false
14,1,0,NONE,"SdASiy3V","Piece of cake",40,6,,true
14,1,0,NONE,"paHezBco","Piece of cake",30,6,,false
14,1,0,NONE,"gek1Qqq8","Piece of cake",4,7,,false
14,2,0,NONE,"aiNSnbr6","Quite likely",32,5,,false
14,2,0,NONE,"Y25hTiY7","Suicide mission",33,5,,false
14,2,0,NONE,"DmPHWaGD","Quite likely",38,5,,false
14,2,0,NONE,"8np0mBBE","Quite likely",33,5,,false
14,2,0,NONE,"LwSjMm4P","Walk in the park",13,5,,false
14,2,0,NONE,"kjLs3GWb","Gamble",36,5,,false
14,2,0,NONE,"WgjJ2FIv","Piece of cake",16,5,,true
14,2,0,NONE,"paHezBco","Piece of cake",30,5,,false
14,2,0,NONE,"gek1Qqq8","Piece of cake",4,6,,false
14,2,0,NONE,"viKDpuPp","Piece of cake",6,7,,false
14,3,0,NONE,"aiNSnbr6","Quite likely",32,4,,false
14,3,0,NONE,"Y25hTiY7","Suicide mission",33,4,,false
14,3,0,NONE,"DmPHWaGD","Quite likely",38,4,,false
14,3,0,NONE,"8np0mBBE","Quite likely",33,4,,false
14,3,0,NONE,"LwSjMm4P","Walk in the park",13,4,,false
14,3,0,NONE,"kjLs3GWb","Gamble",36,4,,false
14,3,0,NONE,"paHezBco","Piece of cake",30,4,,false
14,3,0,NONE,"gek1Qqq8","Piece of cake",4,5,,false
14,3,0,NONE,"viKDpuPp","Piece of cake",6,6,,false
14,3,0,NONE,"YK5UJkS1","Piece of cake",1,7,,true
14,4,0,NONE,"aiNSnbr6","Quite likely",32,3,,false
14,4,0,NONE,"Y25hTiY7","Suicide mission",33,3,,false
14,4,0,NONE,"DmPHWaGD","Quite likely",38,3,,false
14,4,0,NONE,"8np0mBBE","Quite likely",33,3,,false
14,4,0,NONE,"LwSjMm4P","Walk in the park",13,3,,false
14,4,0,NONE,"kjLs3GWb","Gamble",36,3,,false
14,4,0,NONE,"paHezBco","Piece of cake",30,3,,false
14,4,0,NONE,"gek1Qqq8","Piece of cake",4,4,,false
14,4,0,NONE,"viKDpuPp","Piece of cake",6,5,,false
14,4,0,NONE,"f17m8hyX","Piece of cake",34,7,,true
14,5,0,NONE,"aiNSnbr6","Quite likely",32,2,,false
14,5,0,NONE,"Y25hTiY7","Suicide mission",33,2,,false
14,5,0,NONE,"DmPHWaGD","Quite likely",38,2,,false
14,5,0,NONE,"8np0mBBE","Quite likely",33,2,,false
14,5,0,NONE,"LwSjMm4P","Walk in the park",13,2,,false
14,5,0,NONE,"kjLs3GWb","Gamble",36,2,,false
14,5,0,NONE,"paHezBco","Piece of cake",30,2,,false
14,5,0,NONE,"gek1Qqq8","Piece of cake",4,3,,false
14,5,0,NONE,"viKDpuPp","Piece of cake",6,4,,false
14,5,0,NONE,"NY9HyMmq","Piece of cake",58,7,,true
14,6,0,NONE,"aiNSnbr6","Quite likely",32,1,,false
14,6,0,NONE,"Y25hTiY7","Suicide mission",33,1,,false
14,6,0,NONE,"DmPHWaGD","Quite likely",38,1,,false
14,6,0,NONE,"8np0mBBE","Quite likely",33,1,,false
14,6,0,NONE,"LwSjMm4P","Walk in the park",13,1,,false
14,6,0,NONE,"kjLs3GWb","Gamble",36,1,,false
14,6,0,NONE,"paHezBco","Piece of cake",30,1,,true
14,6,0,NONE,"gek1Qqq8","Piece of cake",4,2,,false
14,6,0,NONE,"viKDpuPp","Piece of cake",6,3,,false
14,6,0,NONE,"IY3ssALM","Quite likely",33,7,,false
14,7,0,NONE,"gek1Qqq8","Piece of cake",4,1,,false
14,7,0,NONE,"viKDpuPp","Piece of cake",6,2,,false
14,7,0,NONE,"IY3ssALM","Quite likely",33,6,,false
14,7,0,NONE,"bPexTHR8","Walk in the park",25,7,,false
14,7,0,NONE,"Ku86JTYt","Risky",20,7,,false
14,7,0,NONE,"ksHTSFQY","Piece of cake",34,7,,false
14,7,0,NONE,"NQPyqcpj","Walk in the park",37,7,,false
14,7,0,NONE,"UzPaDH7b","Quite likely",31,7,,false
14,7,0,NONE,"Jwjq24Xt","Piece of cake",41,7,,true
14,7,0,NONE,"aElbq2S8","Quite likely",10,7,,false
14,8,0,NONE,"viKDpuPp","Piece of cake",6,1,,false
14,8,0,NONE,"IY3ssALM","Quite likely",33,5,,false
14,8,0,NONE,"bPexTHR8","Walk in the park",25,6,,false
14,8,0,NONE,"Ku86JTYt","Risky",20,6,,false
14,8,0,NONE,"ksHTSFQY","Piece of cake",34,6,,true
14,8,0,NONE,"NQPyqcpj","Walk in the park",37,6,,false
14,8,0,NONE,"UzPaDH7b","Quite likely",31,6,,false
14,8,0,NONE,"aElbq2S8","Quite likely",10,6,,false
14,8,0,NONE,"cPmt081t","Quite likely",16,7,,false
14,8,0,NONE,"qo3i4nRI","Quite likely",33,7,,false
14,9,0,NONE,"IY3ssALM","Quite likely",33,4,,false
14,9,0,NONE,"bPexTHR8","Walk in the park",25,5,,false
14,9,0,NONE,"Ku86JTYt","Risky",20,5,,false
14,9,0,NONE,"NQPyqcpj","Walk in the park",37,5,,false
14,9,0,NONE,"UzPaDH7b","Quite likely",31,5,,false
14,9,0,NONE,"aElbq2S8","Quite likely",10,5,,false
14,9,0,NONE,"cPmt081t","Quite likely",16,6,,false
14,9,0,NONE,"qo3i4nRI","Quite likely",33,6,,false
14,9,0,NONE,"XqzdcdBW","Piece of cake",37,7,,true
14,9,0,NONE,"ssZAcu31","Gamble",45,7,,false
14,10,0,NONE,"IY3ssALM","Quite likely",33,3,,false
14,10,0,NONE,"bPexTHR8","Walk in the park",25,4,,false
14,10,0,NONE,"Ku86JTYt","Risky",20,4,,false
14,10,0,NONE,"NQPyqcpj","Walk in the park",37,4,,true
14,10,0,NONE,"UzPaDH7b","Quite likely",31,4,,false
14,10,0,NONE,"aElbq2S8","Quite likely",10,4,,false
14,10,0,NONE,"cPmt081t","Quite likely",16,5,,false
14,10,0,NONE,"qo3i4nRI","Quite likely",33,5,,false
14,10,0,NONE,"ssZAcu31","Gamble",45,6,,false
14,10,0,NONE,"z6Qe1Joh","Quite likely",33,7,,false
14,11,0,NONE,"IY3ssALM","Quite likely",33,2,,false
14,11,0,NONE,"bPexTHR8","Walk in the park",25,3,,true
14,11,0,NONE,"Ku86JTYt","Risky",20,3,,false
14,11,0,NONE,"UzPaDH7b","Quite likely",31,3,,false
14,11,0,NONE,"aElbq2S8","Quite likely",10,3,,false
14,11,0,NONE,"cPmt081t","Quite likely",16,4,,false
14,11,0,NONE,"qo3i4nRI","Quite likely",33,4,,false
14,11,0,NONE,"ssZAcu31","Gamble",45,5,,false
14,11,0,NONE,"z6Qe1Joh","Quite likely",33,6,,false
14,11,0,NONE,"zmBzvoRX","Quite likely",23,7,,false
14,12,0,NONE,"IY3ssALM","Quite likely",33,1,,true
14,12,0,NONE,"Ku86JTYt","Risky",20,2,,false
14,12,0,NONE,"UzPaDH7b","Quite likely",31,2,,false
14,12,0,NONE,"aElbq2S8","Quite likely",10,2,,false
14,12,0,NONE,"cPmt081t","Quite likely",16,3,,false
14,12,0,NONE,"qo3i4nRI","Quite likely",33,3,,false
14,12,0,NONE,"ssZAcu31","Gamble",45,4,,false
14,12,0,NONE,"z6Qe1Joh","Quite likely",33,5,,false
14,12,0,NONE,"zmBzvoRX","Quite likely",23,6,,false
14,12,0,NONE,"KFOoYMN8","Gamble",39,7,,false
14,13,0,NONE,"Ku86JTYt","Risky",20,1,,false
14,13,0,NONE,"UzPaDH7b","Quite likely",31,1,,true
14,13,0,NONE,"aElbq2S8","Quite likely",10,1,,false
14,13,0,NONE,"cPmt081t","Quite likely",16,2,,false
14,13,0,NONE,"qo3i4nRI","Quite likely",33,2,,false
14,13,0,NONE,"ssZAcu31","Gamble",45,3,,false
14,13,0,NONE,"z6Qe1Joh","Quite likely",33,4,,false
14,13,0,NONE,"zmBzvoRX","Quite likely",23,5,,false
14,13,0,NONE,"KFOoYMN8","Gamble",39,6,,false
14,13,0,NONE,"ileV3EPv","Hmmm....",18,7,,false
14,14,0,NONE,"cPmt081t","Quite likely",16,1,,true
14,14,0,NONE,"qo3i4nRI","Quite likely",33,1,,false
14,14,0,NONE,"ssZAcu31","Gamble",45,2,,false
14,14,0,NONE,"z6Qe1Joh","Quite likely",33,3,,false
14,14,0,NONE,"zmBzvoRX","Quite likely",23,4,,false
14,14,0,NONE,"KFOoYMN8","Gamble",39,5,,false
14,14,0,NONE,"ileV3EPv","Hmmm....",18,6,,false
14,14,0,NONE,"HWH4fy5o","Hmmm....",26,7,,false
14,14,0,NONE,"BdbuJI7M","Quite likely",32,7,,false
14,14,0,NONE,"3h2uezUM","Walk in the park",40,7,,false
14,16,0,NONE,"z6Qe1Joh","Quite likely",33,1,,false
14,16,0,NONE,"zmBzvoRX","Quite likely",23,2,,false
14,16,0,NONE,"KFOoYMN8","Gamble",39,3,,false
14,16,0,NONE,"ileV3EPv","Hmmm....",18,4,,false
14,16,0,NONE,"HWH4fy5o","Hmmm....",26,5,,false
14,16,0,NONE,"BdbuJI7M","Quite likely",32,5,,true
14,16,0,NONE,"3h2uezUM","Walk in the park",40,5,,false
14,16,0,NONE,"UDjWUjiC","Walk in the park",35,6,,false
14,16,0,NONE,"HiJSOUAD","Piece of cake",57,6,,false
14,16,0,NONE,"gsKwx0fN","Suicide mission",127,3,1,false
14,17,0,NONE,"zmBzvoRX","Quite likely",23,1,,false
14,17,0,NONE,"KFOoYMN8","Gamble",39,2,,false
14,17,0,NONE,"ileV3EPv","Hmmm....",18,3,,false
14,17,0,NONE,"HWH4fy5o","Hmmm....",26,4,,false
14,17,0,NONE,"3h2uezUM","Walk in the park",40,4,,false
14,17,0,NONE,"UDjWUjiC","Walk in the park",35,5,,false
14,17,0,NONE,"HiJSOUAD","Piece of cake",57,5,,true
14,17,0,NONE,"gsKwx0fN","Suicide mission",127,2,1,false
14,17,0,NONE,"DQYuyUiU","Suicide mission",121,2,1,false
14,17,0,NONE,"S5Wzlwfn","Risky",46,7,,false
14,18,0,NONE,"KFOoYMN8","Gamble",39,1,,false
14,18,0,NONE,"ileV3EPv","Hmmm....",18,2,,false
14,18,0,NONE,"HWH4fy5o","Hmmm....",26,3,,false
14,18,0,NONE,"3h2uezUM","Walk in the park",40,3,,false
14,18,0,NONE,"UDjWUjiC","Walk in the park",35,4,,false
14,18,0,NONE,"gsKwx0fN","Suicide mission",127,1,1,false
14,18,0,NONE,"DQYuyUiU","Suicide mission",121,1,1,false
14,18,0,NONE,"S5Wzlwfn","Risky",46,6,,false
14,18,0,NONE,"rEeZxHMc","Quite likely",36,7,,false
14,18,0,NONE,"zvHSvwfc","Piece of cake",37,7,,true
14,19,0,NONE,"ileV3EPv","Hmmm....",18,1,,false
14,19,0,NONE,"HWH4fy5o","Hmmm....",26,2,,false
14,19,0,NONE,"3h2uezUM","Walk in the park",40,2,,false
14,19,0,NONE,"UDjWUjiC","Walk in the park",35,3,,false
14,19,0,NONE,"S5Wzlwfn","Risky",46,5,,false
14,19,0,NONE,"rEeZxHMc","Quite likely",36,6,,false
14,19,0,NONE,"mJNUsM7Z","Sure thing",52,7,,true
14,19,0,NONE,"XnTlX0IM","Gamble",34,7,,false
14,19,0,NONE,"TyDpTBof","Quite likely",35,7,,false
14,19,0,NONE,"FFNGjp0M","Walk in the park",25,7,,false
14,20,0,NONE,"HWH4fy5o","Hmmm....",26,1,,false
14,20,0,NONE,"3h2uezUM","Walk in the park",40,1,,false
14,20,0,NONE,"UDjWUjiC","Walk in the park",35,2,,false
14,20,0,NONE,"S5Wzlwfn","Risky",46,4,,false
14,20,0,NONE,"rEeZxHMc","Quite likely",36,5,,false
14,20,0,NONE,"XnTlX0IM","Gamble",34,6,,false
14,20,0,NONE,"TyDpTBof","Quite likely",35,6,,false
14,20,0,NONE,"FFNGjp0M","Walk in the park",25,6,,true
14,20,0,NONE,"jAIEi2zk","Suicide mission",156,3,1,false
14,20,0,NONE,"kqgj8fXS","Playing with fire",156,2,1,false
14,22,0,NONE,"S5Wzlwfn","Risky",46,2,,false
14,22,0,NONE,"rEeZxHMc","Quite likely",36,3,,false
14,22,0,NONE,"XnTlX0IM","Gamble",34,4,,false
14,22,0,NONE,"TyDpTBof","Quite likely",35,4,,false
14,22,0,NONE,"jAIEi2zk","Suicide mission",156,1,1,false
14,22,0,NONE,"nWJJoL9w","Risky",60,6,,false
14,22,0,NONE,"1xuEHlBI","Gamble",151,2,1,false
14,22,0,NONE,"BoprFEPy","Walk in the park",172,6,,false
14,22,0,NONE,"44pmZipw","Rather detrimental",132,3,1,false
14,22,0,NONE,"yauOHg2U","Sure thing",178,7,,true
14,24,0,NONE,"rEeZxHMc","Quite likely",36,1,,false
14,24,0,NONE,"XnTlX0IM","Gamble",34,2,,false
14,24,0,NONE,"TyDpTBof","Quite likely",35,2,,false
14,24,0,NONE,"nWJJoL9w","Risky",60,4,,false
14,24,0,NONE,"BoprFEPy","Walk in the park",172,4,,false
14,24,0,NONE,"44pmZipw","Rather detrimental",132,1,1,false
14,24,0,NONE,"2CxGSCk6","Piece of cake",91,6,,true
14,24,0,NONE,"RQRbdeIg","Hmmm....",140,2,1,false
14,24,0,NONE,"rYHKhzHw","Impossible",143,2,1,false
14,24,0,NONE,"1FkFrN9S","Suicide mission",147,2,1,false
14,25,0,NONE,"XnTlX0IM","Gamble",34,1,,false
14,25,0,NONE,"TyDpTBof","Quite likely",35,1,,false
14,25,0,NONE,"nWJJoL9w","Risky",60,3,,false
14,25,0,NONE,"BoprFEPy","Walk in the park",172,3,,false
14,25,0,NONE,"RQRbdeIg","Hmmm....",140,1,1,false
14,25,0,NONE,"rYHKhzHw","Impossible",143,1,1,false
14,25,0,NONE,"1FkFrN9S","Suicide mission",147,1,1,false
14,25,0,NONE,"t0glMbtS","Playing with fire",116,3,1,false
14,25,0,NONE,"kPochJZ4","Sure thing",174,7,,true
14,25,0,NONE,"Uh9xQGCW","Piece of cake",189,7,,false
14,27,0,NONE,"nWJJoL9w","Risky",60,1,,false
14,27,0,NONE,"BoprFEPy","Walk in the park",172,1,,false
14,27,0,NONE,"t0glMbtS","Playing with fire",116,1,1,false
14,27,0,NONE,"Uh9xQGCW","Piece of cake",189,5,,true
14,27,0,NONE,"f0mwdwjB","Quite likely",119,6,,false
14,27,0,NONE,"EuxIgCcd","Suicide mission",115,1,2,false
14,27,0,NONE,"MJDfAMao","Suicide mission",165,1,1,false
14,27,0,NONE,"mU3QRYEn","Quite likely",109,6,,false
14,27,0,NONE,"bF5cEk4A","Piece of cake",118,6,,false
14,27,0,NONE,"3VoJ1dW2","Suicide mission",103,1,2,false
14,29,0,NONE,"f0mwdwjB","Quite likely",119,4,,false
14,29,0,NONE,"mU3QRYEn","Quite likely",109,4,,false
14,29,0,NONE,"bF5cEk4A","Piece of cake",118,4,,false
14,29,0,NONE,"wvKS3fYq","Walk in the park",106,6,,false
14,29,0,NONE,"KgoOIVbQ","Rather detrimental",143,1,1,false
14,29,0,NONE,"qlehiYbt","Piece of cake",97,6,,false
14,29,0,NONE,"afH5fazO","Piece of cake",181,6,,true
14,29,0,NONE,"RJLze173","Gamble",130,1,1,false
14,29,0,NONE,"KwrVmgh6","Walk in the park",111,6,,false
14,29,0,NONE,"e8C3WaX8","Quite likely",100,6,,false
14,31,0,NONE,"f0mwdwjB","Quite likely",119,2,,false
14,31,0,NONE,"mU3QRYEn","Quite likely",109,2,,false
14,31,0,NONE,"bF5cEk4A","Piece of cake",118,2,,false
14,31,0,NONE,"wvKS3fYq","Walk in the park",106,4,,false
14,31,0,NONE,"qlehiYbt","Piece of cake",97,4,,false
14,31,0,NONE,"KwrVmgh6","Walk in the park",111,4,,false
14,31,0,NONE,"e8C3WaX8","Quite likely",100,4,,false
14,31,0,NONE,"KHcsgmg9","Risky",110,1,1,false
14,31,0,NONE,"SrHOIDiK","Sure thing",167,6,,true
14,31,0,NONE,"1KeTXvTh","Piece of cake",176,6,,false
14,33,0,NONE,"wvKS3fYq","Walk in the park",106,2,,false
14,33,0,NONE,"qlehiYbt","Piece of cake",97,2,,false
14,33,0,NONE,"KwrVmgh6","Walk in the park",111,2,,false
14,33,0,NONE,"e8C3WaX8","Quite likely",100,2,,false
14,33,0,NONE,"1KeTXvTh","Piece of cake",176,4,,false
14,33,0,NONE,"D2yTDBFP","Gamble",95,6,,false
14,33,0,NONE,"PVNl9vHa","Piece of cake",126,6,,false
14,33,0,NONE,"wBUDiqng","Piece of cake",192,7,,false
14,33,0,NONE,"V7DXcQHb","Sure thing",178,7,,true
14,33,0,NONE,"jdv7KOxn","Impossible",129,3,1,false
14,35,0,NONE,"1KeTXvTh","Piece of cake",176,2,,false
14,35,0,NONE,"D2yTDBFP","Gamble",95,4,,false
14,35,0,NONE,"PVNl9vHa","Piece of cake",126,4,,false
14,35,0,NONE,"wBUDiqng","Piece of cake",192,5,,false
14,35,0,NONE,"jdv7KOxn","Impossible",129,1,1,false
14,35,0,NONE,"hkJNQc9D","Hmmm....",92,6,,false
14,35,0,NONE,"Ye1rvqqk","Piece of cake",181,7,,false
14,35,0,NONE,"Kllv5yEn","Rather detrimental",115,7,,false
14,35,0,NONE,"MPB9rQic","Piece of cake",174,7,,false
14,35,0,NONE,"qjAajsSp","Sure thing",169,7,,true
14,37,0,NONE,"D2yTDBFP","Gamble",95,2,,false
14,37,0,NONE,"PVNl9vHa","Piece of cake",126,2,,false
14,37,0,NONE,"wBUDiqng","Piece of cake",192,3,,false
14,37,0,NONE,"hkJNQc9D","Hmmm....",92,4,,false
14,37,0,NONE,"Ye1rvqqk","Piece of cake",181,5,,false
14,37,0,NONE,"Kllv5yEn","Rather detrimental",115,5,,false
14,37,0,NONE,"MPB9rQic","Piece of cake",174,5,,false
14,37,0,NONE,"TblBVpTW","Piece of cake",89,6,,false
14,37,0,NONE,"tPFTC4WC","Piece of cake",86,6,,false
14,37,0,NONE,"5AWxAKpz","Piece of cake",125,7,,true
14,39,0,NONE,"wBUDiqng","Piece of cake",192,1,,false
14,39,0,NONE,"hkJNQc9D","Hmmm....",92,2,,false
14,39,0,NONE,"Ye1rvqqk","Piece of cake",181,3,,false
14,39,0,NONE,"Kllv5yEn","Rather detrimental",115,3,,false
14,39,0,NONE,"MPB9rQic","Piece of cake",174,3,,false
14,39,0,NONE,"TblBVpTW","Piece of cake",89,4,,true
14,39,0,NONE,"tPFTC4WC","Piece of cake",86,4,,false
14,39,0,NONE,"q6QU735t","Sure thing",150,6,,false
14,39,0,NONE,"efzGLIIc","Playing with fire",79,7,,false
14,39,0,NONE,"F5cxgwJW","Sure thing",139,7,,false
14,40,0,NONE,"hkJNQc9D","Hmmm....",92,1,,false
14,40,0,NONE,"Ye1rvqqk","Piece of cake",181,2,,false
14,40,0,NONE,"Kllv5yEn","Rather detrimental",115,2,,false
14,40,0,NONE,"MPB9rQic","Piece of cake",174,2,,false
14,40,0,NONE,"tPFTC4WC","Piece of cake",86,3,,false
14,40,0,NONE,"q6QU735t","Sure thing",150,5,,false
14,40,0,NONE,"efzGLIIc","Playing with fire",79,6,,false
14,40,0,NONE,"F5cxgwJW","Sure thing",139,6,,true
14,40,0,NONE,"JbxUbQil","Piece of cake",107,7,,false
14,40,0,NONE,"q0yum9LS","Risky",91,7,,false
14,42,0,NONE,"tPFTC4WC","Piece of cake",86,1,,false
14,42,0,NONE,"q6QU735t","Sure thing",150,3,,false
14,42,0,NONE,"efzGLIIc","Playing with fire",79,4,,false
14,42,0,NONE,"JbxUbQil","Piece of cake",107,5,,false
14,42,0,NONE,"q0yum9LS","Risky",91,5,,false
14,42,0,NONE,"g8GyCWOp","Quite likely",95,6,,false
14,42,0,NONE,"5bVbt59j","Sure thing",171,6,,false
14,42,0,NONE,"MWWaSPqx","Piece of cake",87,7,,true
14,42,0,NONE,"s7nHMuZe","Sure thing",160,7,,false
14,42,0,NONE,"qSKplzZd","Piece of cake",188,7,,false
14,43,0,NONE,"q6QU735t","Sure thing",150,2,,false
14,43,0,NONE,"efzGLIIc","Playing with fire",79,3,,false
14,43,0,NONE,"JbxUbQil","Piece of cake",107,4,,false
14,43,0,NONE,"q0yum9LS","Risky",91,4,,false
14,43,0,NONE,"g8GyCWOp","Quite likely",95,5,,false
14,43,0,NONE,"5bVbt59j","Sure thing",171,5,,true
14,43,0,NONE,"s7nHMuZe","Sure thing",160,6,,false
14,43,0,NONE,"qSKplzZd","Piece of cake",188,6,,false
14,43,0,NONE,"n13NTWDJ","Piece of cake",168,7,,false
14,43,0,NONE,"eI20Ez65","Hmmm....",98,7,,false
14,45,0,NONE,"efzGLIIc","Playing with fire",79,1,,true
14,45,0,NONE,"JbxUbQil","Piece of cake",107,2,,false
14,45,0,NONE,"q0yum9LS","Risky",91,2,,false
14,45,0,NONE,"g8GyCWOp","Quite likely",95,3,,false
14,45,0,NONE,"s7nHMuZe","Sure thing",160,4,,false
14,45,0,NONE,"qSKplzZd","Piece of cake",188,4,,false
14,45,0,NONE,"n13NTWDJ","Piece of cake",168,5,,false
14,45,0,NONE,"eI20Ez65","Hmmm....",98,5,,false
14,45,0,NONE,"qnIdo8pY","Gamble",82,6,,false
14,45,0,NONE,"7P2qmeQM","Playing with fire",65,7,,false
14,47,0,NONE,"g8GyCWOp","Quite likely",95,1,,false
14,47,0,NONE,"s7nHMuZe","Sure thing",160,2,,true
14,47,0,NONE,"qSKplzZd","Piece of cake",188,2,,false
14,47,0,NONE,"n13NTWDJ","Piece of cake",168,3,,false
14,47,0,NONE,"eI20Ez65","Hmmm....",98,3,,false
14,47,0,NONE,"qnIdo8pY","Gamble",82,4,,false
14,47,0,NONE,"7P2qmeQM","Playing with fire",65,5,,false
14,47,0,NONE,"3kBymZIn","Gamble",81,6,,false
14,47,0,NONE,"qtS2Eqrx","Suicide mission",77,7,,false
14,47,0,NONE,"T2bY1HFs","Gamble",89,7,,false
14,49,0,NONE,"n13NTWDJ","Piece of cake",168,1,,false
14,49,0,NONE,"eI20Ez65","Hmmm....",98,1,,true
14,49,0,NONE,"qnIdo8pY","Gamble",82,2,,false
14,49,0,NONE,"7P2qmeQM","Playing with fire",65,3,,false
14,49,0,NONE,"3kBymZIn","Gamble",81,4,,false
14,49,0,NONE,"qtS2Eqrx","Suicide mission",77,5,,false
14,49,0,NONE,"T2bY1HFs","Gamble",89,5,,false
14,49,0,NONE,"T6hKYatI","Sure thing",176,6,,false
14,49,0,NONE,"5kF3uaOD","Playing with fire",82,6,,false
14,49,0,NONE,"VtzHIhOf","Hmmm....",92,7,,false
15,0,0,NONE,"uqy9Dmc3","Piece of cake",11,7,,false
15,0,0,NONE,"bMaMPUrk","Suicide mission",31,7,,false
15,0,0,NONE,"pldMrEEN","Walk in the park",74,7,,false
15,0,0,NONE,"Xf57Hnso","Piece of cake",2,7,,false
15,0,0,NONE,"7fEt6k1a","Hmmm....",36,7,,false
15,0,0,NONE,"CcEqQk2K","Piece of cake",1,7,,false
15,0,0,NONE,"U03LiB9i","Sure thing",58,7,,true
15,0,0,NONE,"uJ6oBXPs","Piece of cake",29,7,,false
15,0,0,NONE,"TozJlESv","Risky",24,7,,false
15,0,0,NONE,"GK91TvQq","Piece of cake",24,7,,false
15,1,0,NONE,"uqy9Dmc3","Piece of cake",11,6,,false
15,1,0,NONE,"bMaMPUrk","Suicide mission",31,6,,false
15,1,0,NONE,"pldMrEEN","Walk in the park",74,6,,false
15,1,0,NONE,"Xf57Hnso","Piece of cake",2,6,,false
15,1,0,NONE,"7fEt6k1a","Hmmm....",36,6,,false
15,1,0,NONE,"CcEqQk2K","Piece of cake",1,6,,true
15,1,0,NONE,"uJ6oBXPs","Piece of cake",29,6,,false
15,1,0,NONE,"TozJlESv","Risky",24,6,,false
15,1,0,NONE,"GK91TvQq","Piece of cake",24,6,,false
15,1,0,NONE,"GhsTYEiv","Piece of cake",5,7,,false
15,2,0,NONE,"uqy9Dmc3","Piece of cake",11,5,,false
15,2,0,NONE,"bMaMPUrk","Suicide mission",31,5,,false
15,2,0,NONE,"pldMrEEN","Walk in the park",74,5,,false
15,2,0,NONE,"Xf57Hnso","Piece of cake",2,5,,false
15,2,0,NONE,"7fEt6k1a","Hmmm....",36,5,,false
15,2,0,NONE,"uJ6oBXPs","Piece of cake",29,5,,false
15,2,0,NONE,"TozJlESv","Risky",24,5,,false
15,2,0,NONE,"GK91TvQq","Piece of cake",24,5,,true
15,2,0,NONE,"GhsTYEiv","Piece of cake",5,6,,false
15,2,0,NONE,"f0nYfrrB","Hmmm....",41,7,,false
15,3,0,NONE,"uqy9Dmc3","Piece of cake",11,4,,false
15,3,0,NONE,"bMaMPUrk","Suicide mission",31,4,,false
15,3,0,NONE,"pldMrEEN","Walk in the park",74,4,,false
15,3,0,NONE,"Xf57Hnso","Piece of cake",2,4,,false
15,3,0,NONE,"7fEt6k1a","Hmmm....",36,4,,false
15,3,0,NONE,"uJ6oBXPs","Piece of cake",29,4,,false
15,3,0,NONE,"TozJlESv","Risky",24,4,,false
15,3,0,NONE,"GhsTYEiv","Piece of cake",5,5,,true
15,3,0,NONE,"f0nYfrrB","Hmmm....",41,6,,false
15,3,0,NONE,"v1rcDJ0a","Walk in the park",20,7,,false
15,4,0,NONE,"uqy9Dmc3","Piece of cake",11,3,,false
15,4,0,NONE,"bMaMPUrk","Suicide mission",31,3,,false
15,4,0,NONE,"pldMrEEN","Walk in the park",74,3,,false
15,4,0,NONE,"Xf57Hnso","Piece of cake",2,3,,false
15,4,0,NONE,"7fEt6k1a","Hmmm....",36,3,,false
15,4,0,NONE,"uJ6oBXPs","Piece of cake",29,3,,false
15,4,0,NONE,"TozJlESv","Risky",24,3,,false
15,4,0,NONE,"f0nYfrrB","Hmmm....",41,5,,false
15,4,0,NONE,"v1rcDJ0a","Walk in the park",20,6,,false
15,4,0,NONE,"7SofOotQ","Piece of cake",2,7,,true
15,5,0,NONE,"uqy9Dmc3","Piece of cake",11,2,,false
15,5,0,NONE,"bMaMPUrk","Suicide mission",31,2,,false
15,5,0,NONE,"pldMrEEN","Walk in the park",74,2,,false
15,5,0,NONE,"Xf57Hnso","Piece of cake",2,2,,true
15,5,0,NONE,"7fEt6k1a","Hmmm....",36,2,,false
15,5,0,NONE,"uJ6oBXPs","Piece of cake",29,2,,false
15,5,0,NONE,"TozJlESv","Risky",24,2,,false
15,5,0,NONE,"f0nYfrrB","Hmmm....",41,4,,false
15,5,0,NONE,"v1rcDJ0a","Walk in the park",20,5,,false
15,5,0,NONE,"c6j0jmTb","Piece of cake",32,7,,false
15,6,0,NONE,"uqy9Dmc3","Piece of cake",11,1,,false
15,6,0,NONE,"bMaMPUrk","Suicide mission",31,1,,true
15,6,0,NONE,"pldMrEEN","Walk in the park",74,1,,false
15,6,0,NONE,"7fEt6k1a","Hmmm....",36,1,,false
15,6,0,NONE,"uJ6oBXPs","Piece of cake",29,1,,false
15,6,0,NONE,"TozJlESv","Risky",24,1,,false
15,6,0,NONE,"f0nYfrrB","Hmmm....",41,3,,false
15,6,0,NONE,"v1rcDJ0a","Walk in the park",20,4,,false
15,6,0,NONE,"c6j0jmTb","Piece of cake",32,6,,false
15,6,0,NONE,"rXom6u9D","Suicide mission",32,7,,false
15,7,0,NONE,"f0nYfrrB","Hmmm....",41,2,,false
15,7,0,NONE,"v1rcDJ0a","Walk in the park",20,3,,false
15,7,0,NONE,"c6j0jmTb","Piece of cake",32,5,,false
15,7,0,NONE,"rXom6u9D","Suicide mission",32,6,,false
15,7,0,NONE,"fUF52Wcc","Piece of cake",13,7,,false
15,7,0,NONE,"5mZKj5lm","Risky",41,7,,false
15,7,0,NONE,"BLStF5kx","Walk in the park",63,7,,false
15,7,0,NONE,"5J0mf34y","Piece of cake",48,7,,true
15,7,0,NONE,"hCrStMjE","Walk in the park",4,7,,false
15,7,0,NONE,"CpKrGp5K","Hmmm....",34,7,,false
15,8,0,NONE,"f0nYfrrB","Hmmm....",41,1,,true
15,8,0,NONE,"v1rcDJ0a","Walk in the park",20,2,,false
15,8,0,NONE,"c6j0jmTb","Piece of cake",32,4,,false
15,8,0,NONE,"rXom6u9D","Suicide mission",32,5,,false
15,8,0,NONE,"fUF52Wcc","Piece of cake",13,6,,false
15,8,0,NONE,"5mZKj5lm","Risky",41,6,,false
15,8,0,NONE,"BLStF5kx","Walk in the park",63,6,,false
15,8,0,NONE,"hCrStMjE","Walk in the park",4,6,,false
15,8,0,NONE,"CpKrGp5K","Hmmm....",34,6,,false
15,8,0,NONE,"S9FXVG3m","Piece of cake",54,7,,false
15,9,0,NONE,"v1rcDJ0a","Walk in the park",20,1,,true
15,9,0,NONE,"c6j0jmTb","Piece of cake",32,3,,false
15,9,0,NONE,"rXom6u9D","Suicide mission",32,4,,false
15,9,0,NONE,"fUF52Wcc","Piece of cake",13,5,,false
15,9,0,NONE,"5mZKj5lm","Risky",41,5,,false
15,9,0,NONE,"BLStF5kx","Walk in the park",63,5,,false
15,9,0,NONE,"hCrStMjE","Walk in the park",4,5,,false
15,9,0,NONE,"CpKrGp5K","Hmmm....",34,5,,false
15,9,0,NONE,"S9FXVG3m","Piece of cake",54,6,,false
15,9,0,NONE,"YLypzhuP","Sure thing",21,7,,false
15,10,0,NONE,"c6j0jmTb","Piece of cake",32,2,,false
15,10,0,NONE,"rXom6u9D","Suicide mission",32,3,,false
15,10,0,NONE,"fUF52Wcc","Piece of cake",13,4,,false
15,10,0,NONE,"5mZKj5lm","Risky",41,4,,false
15,10,0,NONE,"BLStF5kx","Walk in the park",63,4,,false
15,10,0,NONE,"hCrStMjE","Walk in the park",4,4,,false
15,10,0,NONE,"CpKrGp5K","Hmmm....",34,4,,false
15,10,0,NONE,"S9FXVG3m","Piece of cake",54,5,,false
15,10,0,NONE,"YLypzhuP","Sure thing",21,6,,false
15,10,0,NONE,"XNmCSf08","Sure thing",52,7,,true
15,11,0,NONE,"c6j0jmTb","Piece of cake",32,1,,true
15,11,0,NONE,"rXom6u9D","Suicide mission",32,2,,false
15,11,0,NONE,"fUF52Wcc","Piece of cake",13,3,,false
15,11,0,NONE,"5mZKj5lm","Risky",41,3,,false
15,11,0,NONE,"BLStF5kx","Walk in the park",63,3,,false
15,11,0,NONE,"hCrStMjE","Walk in the park",4,3,,false
15,11,0,NONE,"CpKrGp5K","Hmmm....",34,3,,false
15,11,0,NONE,"S9FXVG3m","Piece of cake",54,4,,false
15,11,0,NONE,"YLypzhuP","Sure thing",21,5,,false
15,11,0,NONE,"zXACLOV9","Gamble",44,7,,false
15,12,0,NONE,"rXom6u9D","Suicide mission",32,1,,false
15,12,0,NONE,"fUF52Wcc","Piece of cake",13,2,,false
15,12,0,NONE,"5mZKj5lm","Risky",41,2,,false
15,12,0,NONE,"BLStF5kx","Walk in the park",63,2,,false
15,12,0,NONE,"hCrStMjE","Walk in the park",4,2,,false
15,12,0,NONE,"CpKrGp5K","Hmmm....",34,2,,false
15,12,0,NONE,"S9FXVG3m","Piece of cake",54,3,,false
15,12,0,NONE,"YLypzhuP","Sure thing",21,4,,true
15,12,0,NONE,"zXACLOV9","Gamble",44,6,,false
15,12,0,NONE,"c1wQEHRx","Rather detrimental",29,7,,false
15,13,0,NONE,"fUF52Wcc","Piece of cake",13,1,,false
15,13,0,NONE,"5mZKj5lm","Risky",41,1,,false
15,13,0,NONE,"BLStF5kx","Walk in the park",63,1,,false
15,13,0,NONE,"hCrStMjE","Walk in the park",4,1,,false
15,13,0,NONE,"CpKrGp5K","Hmmm....",34,1,,false
15,13,0,NONE,"S9FXVG3m","Piece of cake",54,2,,false
15,13,0,NONE,"zXACLOV9","Gamble",44,5,,false
15,13,0,NONE,"c1wQEHRx","Rather detrimental",29,6,,false
15,13,0,NONE,"nRky49RV","Walk in the park",26,7,,true
15,13,0,NONE,"Q1egpzdC","Gamble",41,7,,false
15,14,0,NONE,"S9FXVG3m","Piece of cake",54,1,,false
15,14,0,NONE,"zXACLOV9","Gamble",44,4,,false
15,14,0,NONE,"c1wQEHRx","Rather detrimental",29,5,,false
15,14,0,NONE,"Q1egpzdC","Gamble",41,6,,false
15,14,0,NONE,"S3m0GcCW","Quite likely",51,7,,false
15,14,0,NONE,"yMOfrkHH","Quite likely",11,7,,false
15,14,0,NONE,"licB5QJ1","Walk in the park",70,7,,false
15,14,0,NONE,"HpbSRbum","Sure thing",50,7,,true
15,14,0,NONE,"3DwPPmEA","Quite likely",18,7,,false
15,14,0,NONE,"jSDPZctv","Hmmm....",28,7,,false
15,15,0,NONE,"zXACLOV9","Gamble",44,3,,false
15,15,0,NONE,"c1wQEHRx","Rather detrimental",29,4,,false
15,15,0,NONE,"Q1egpzdC","Gamble",41,5,,false
15,15,0,NONE,"S3m0GcCW","Quite likely",51,6,,false
15,15,0,NONE,"yMOfrkHH","Quite likely",11,6,,false
15,15,0,NONE,"licB5QJ1","Walk in the park",70,6,,true
15,15,0,NONE,"3DwPPmEA","Quite likely",18,6,,false
15,15,0,NONE,"jSDPZctv","Hmmm....",28,6,,false
15,15,0,NONE,"1jWxFeWJ","Hmmm....",85,7,,false
15,15,0,NONE,"fHoMvt8x","Risky",39,7,,false
15,16,0,NONE,"zXACLOV9","Gamble",44,2,,false
15,16,0,NONE,"c1wQEHRx","Rather detrimental",29,3,,false
15,16,0,NONE,"Q1egpzdC","Gamble",41,4,,false
15,16,0,NONE,"S3m0GcCW","Quite likely",51,5,,false
15,16,0,NONE,"yMOfrkHH","Quite likely",11,5,,false
15,16,0,NONE,"3DwPPmEA","Quite likely",18,5,,true
15,16,0,NONE,"jSDPZctv","Hmmm....",28,5,,false
15,16,0,NONE,"1jWxFeWJ","Hmmm....",85,6,,false
15,16,0,NONE,"fHoMvt8x","Risky",39,6,,false
15,16,0,NONE,"O4hjwDLS","Hmmm....",71,7,,false
15,17,0,NONE,"zXACLOV9","Gamble",44,1,,false
15,17,0,NONE,"c1wQEHRx","Rather detrimental",29,2,,false
15,17,0,NONE,"Q1egpzdC","Gamble",41,3,,true
15,17,0,NONE,"S3m0GcCW","Quite likely",51,4,,false
15,17,0,NONE,"yMOfrkHH","Quite likely",11,4,,false
15,17,0,NONE,"jSDPZctv","Hmmm....",28,4,,false
15,17,0,NONE,"1jWxFeWJ","Hmmm....",85,5,,false
15,17,0,NONE,"fHoMvt8x","Risky",39,5,,false
15,17,0,NONE,"O4hjwDLS","Hmmm....",71,6,,false
15,17,0,NONE,"2hU9ctl2","Hmmm....",57,7,,false
15,19,0,NONE,"S3m0GcCW","Quite likely",51,2,,false
15,19,0,NONE,"yMOfrkHH","Quite likely",11,2,,false
15,19,0,NONE,"jSDPZctv","Hmmm....",28,2,,false
15,19,0,NONE,"1jWxFeWJ","Hmmm....",85,3,,false
15,19,0,NONE,"fHoMvt8x","Risky",39,3,,false
15,19,0,NONE,"O4hjwDLS","Hmmm....",71,4,,false
15,19,0,NONE,"2hU9ctl2","Hmmm....",57,5,,false
15,19,0,NONE,"1TEmfGEt","Piece of cake",45,6,,true
15,19,0,NONE,"38ePiZqW","Risky",64,6,,false
15,19,0,NONE,"EZtiwzKP","Rather detrimental",33,7,,false
15,20,0,NONE,"S3m0GcCW","Quite likely",51,1,,false
15,20,0,NONE,"yMOfrkHH","Quite likely",11,1,,false
15,20,0,NONE,"jSDPZctv","Hmmm....",28,1,,false
15,20,0,NONE,"1jWxFeWJ","Hmmm....",85,2,,false
15,20,0,NONE,"fHoMvt8x","Risky",39,2,,false
15,20,0,NONE,"O4hjwDLS","Hmmm....",71,3,,false
15,20,0,NONE,"2hU9ctl2","Hmmm....",57,4,,true
15,20,0,NONE,"38ePiZqW","Risky",64,5,,false
15,20,0,NONE,"EZtiwzKP","Rather detrimental",33,6,,false
15,20,0,NONE,"zYjL0Kqh","Sure thing",165,7,,false
15,21,0,NONE,"1jWxFeWJ","Hmmm....",85,1,,false
15,21,0,NONE,"fHoMvt8x","Risky",39,1,,true
15,21,0,NONE,"O4hjwDLS","Hmmm....",71,2,,false
15,21,0,NONE,"38ePiZqW","Risky",64,4,,false
15,21,0,NONE,"EZtiwzKP","Rather detrimental",33,5,,false
15,21,0,NONE,"zYjL0Kqh","Sure thing",165,6,,false
15,21,0,NONE,"u7tBtJ4O","Suicide mission",157,2,1,false
15,21,0,NONE,"ltfj3Bpe","Gamble",125,3,1,false
15,21,0,NONE,"9KYdy05T","Risky",150,3,1,false
15,21,0,NONE,"SjXmTz9J","Sure thing",166,7,,false
15,23,0,NONE,"38ePiZqW","Risky",64,2,,false
15,23,0,NONE,"EZtiwzKP","Rather detrimental",33,3,,false
15,23,0,NONE,"zYjL0Kqh","Sure thing",165,4,,false
15,23,0,NONE,"ltfj3Bpe","Gamble",125,1,1,false
15,23,0,NONE,"9KYdy05T","Risky",150,1,1,false
15,23,0,NONE,"SjXmTz9J","Sure thing",166,5,,true
15,23,0,NONE,"DM22aQD5","Rather detrimental",123,2,1,false
15,23,0,NONE,"X6KlQjKt","Piece of cake",102,6,,false
15,23,0,NONE,"sYw5JcCz","Suicide mission",156,3,1,false
15,23,0,NONE,"DwSiJGtl","Piece of cake",111,7,,false
15,25,0,NONE,"EZtiwzKP","Rather detrimental",33,1,,false
15,25,0,NONE,"zYjL0Kqh","Sure thing",165,2,,false
15,25,0,NONE,"X6KlQjKt","Piece of cake",102,4,,false
15,25,0,NONE,"sYw5JcCz","Suicide mission",156,1,1,false
15,25,0,NONE,"DwSiJGtl","Piece of cake",111,5,,false
15,25,0,NONE,"fuRGQPfV","Suicide mission",150,2,1,false
15,25,0,NONE,"r6hQAdPb","Gamble",63,6,,false
15,25,0,NONE,"gJmwkJcD","Piece of cake",102,6,,false
15,25,0,NONE,"sgd1jdWm","Sure thing",157,7,,false
15,25,0,NONE,"UsrUC4iS","Sure thing",165,7,,true
15,27,0,NONE,"X6KlQjKt","Piece of cake",102,2,,false
15,27,0,NONE,"DwSiJGtl","Piece of cake",111,3,,false
15,27,0,NONE,"r6hQAdPb","Gamble",63,4,,false
15,27,0,NONE,"gJmwkJcD","Piece of cake",102,4,,false
15,27,0,NONE,"sgd1jdWm","Sure thing",157,5,,false
15,27,0,NONE,"LQfErW4M","Risky",110,2,1,false
15,27,0,NONE,"y7dgwo0D","Piece of cake",112,6,,false
15,27,0,NONE,"gUDFtnSb","Gamble",159,2,1,false
15,27,0,NONE,"HB58pNJ5","Piece of cake",185,7,,false
15,27,0,NONE,"NGoNOCZr","Sure thing",169,7,,true
15,29,0,NONE,"DwSiJGtl","Piece of cake",111,1,,true
15,29,0,NONE,"r6hQAdPb","Gamble",63,2,,false
15,29,0,NONE,"gJmwkJcD","Piece of cake",102,2,,false
15,29,0,NONE,"sgd1jdWm","Sure thing",157,3,,false
15,29,0,NONE,"y7dgwo0D","Piece of cake",112,4,,false
15,29,0,NONE,"HB58pNJ5","Piece of cake",185,5,,false
15,29,0,NONE,"80aPKpT8","Suicide mission",115,1,2,false
15,29,0,NONE,"waaeXcpw","Suicide mission",112,2,2,false
15,29,0,NONE,"UYsiyfDj","Piece of cake",101,7,,false
15,29,0,NONE,"DVWUsHYn","Sure thing",169,7,,false
15,30,0,NONE,"r6hQAdPb","Gamble",63,1,,true
15,30,0,NONE,"gJmwkJcD","Piece of cake",102,1,,false
15,30,0,NONE,"sgd1jdWm","Sure thing",157,2,,false
15,30,0,NONE,"y7dgwo0D","Piece of cake",112,3,,false
15,30,0,NONE,"HB58pNJ5","Piece of cake",185,4,,false
15,30,0,NONE,"waaeXcpw","Suicide mission",112,1,2,false
15,30,0,NONE,"UYsiyfDj","Piece of cake",101,6,,false
15,30,0,NONE,"DVWUsHYn","Sure thing",169,6,,false
15,30,0,NONE,"DRjqCIe7","Gamble",97,7,,false
15,30,0,NONE,"bE8764pL","Walk in the park",82,7,,false
15,31,0,NONE,"sgd1jdWm","Sure thing",157,1,,false
15,31,0,NONE,"y7dgwo0D","Piece of cake",112,2,,false
15,31,0,NONE,"HB58pNJ5","Piece of cake",185,3,,false
15,31,0,NONE,"UYsiyfDj","Piece of cake",101,5,,false
15,31,0,NONE,"DVWUsHYn","Sure thing",169,5,,false
15,31,0,NONE,"DRjqCIe7","Gamble",97,6,,false
15,31,0,NONE,"bE8764pL","Walk in the park",82,6,,false
15,31,0,NONE,"kc18uSVU","Piece of cake",114,7,,false
15,31,0,NONE,"V5xyuy0K","Piece of cake",112,7,,false
15,31,0,NONE,"CZyNRykc","Sure thing",185,7,,true
15,33,0,NONE,"HB58pNJ5","Piece of cake",185,1,,true
15,33,0,NONE,"UYsiyfDj","Piece of cake",101,3,,false
15,33,0,NONE,"DVWUsHYn","Sure thing",169,3,,false
15,33,0,NONE,"DRjqCIe7","Gamble",97,4,,false
15,33,0,NONE,"bE8764pL","Walk in the park",82,4,,false
15,33,0,NONE,"kc18uSVU","Piece of cake",114,5,,false
15,33,0,NONE,"V5xyuy0K","Piece of cake",112,5,,false
15,33,0,NONE,"tRkKlSkJ","Hmmm....",134,2,1,false
15,33,0,NONE,"Pl08zmCe","Hmmm....",129,1,1,false
15,33,0,NONE,"2KoPG5oS","Piece of cake",95,7,,false
15,35,0,NONE,"UYsiyfDj","Piece of cake",101,1,,true
15,35,0,NONE,"DVWUsHYn","Sure thing",169,1,,false
15,35,0,NONE,"DRjqCIe7","Gamble",97,2,,false
15,35,0,NONE,"bE8764pL","Walk in the park",82,2,,false
15,35,0,NONE,"kc18uSVU","Piece of cake",114,3,,false
15,35,0,NONE,"V5xyuy0K","Piece of cake",112,3,,false
15,35,0,NONE,"2KoPG5oS","Piece of cake",95,5,,false
15,35,0,NONE,"peyZKFr6","Rather detrimental",85,6,,false
15,35,0,NONE,"aHyhXOxb","Playing with fire",135,1,1,false
15,35,0,NONE,"EkabV4Nv","Quite likely",99,7,,false
15,36,0,NONE,"DRjqCIe7","Gamble",97,1,,false
15,36,0,NONE,"bE8764pL","Walk in the park",82,1,,false
15,36,0,NONE,"kc18uSVU","Piece of cake",114,2,,false
15,36,0,NONE,"V5xyuy0K","Piece of cake",112,2,,false
15,36,0,NONE,"2KoPG5oS","Piece of cake",95,4,,false
15,36,0,NONE,"peyZKFr6","Rather detrimental",85,5,,false
15,36,0,NONE,"EkabV4Nv","Quite likely",99,6,,false
15,36,0,NONE,"aYjlPdSc","Sure thing",146,7,,false
15,36,0,NONE,"rOFoK3Kf","Gamble",86,7,,true
15,36,0,NONE,"itetvOzL","Sure thing",143,7,,false
15,37,0,NONE,"kc18uSVU","Piece of cake",114,1,,false
15,37,0,NONE,"V5xyuy0K","Piece of cake",112,1,,false
15,37,0,NONE,"2KoPG5oS","Piece of cake",95,3,,false
15,37,0,NONE,"peyZKFr6","Rather detrimental",85,4,,false
15,37,0,NONE,"EkabV4Nv","Quite likely",99,5,,false
15,37,0,NONE,"aYjlPdSc","Sure thing",146,6,,false
15,37,0,NONE,"itetvOzL","Sure thing",143,6,,false
15,37,0,NONE,"U1fwtmhz","Sure thing",175,7,,false
15,37,0,NONE,"Tv3bD1Lf","Piece of cake",181,7,,false
15,37,0,NONE,"Iq4Fg5qG","Piece of cake",191,7,,true
15,39,0,NONE,"2KoPG5oS","Piece of cake",95,1,,false
15,39,0,NONE,"peyZKFr6","Rather detrimental",85,2,,false
15,39,0,NONE,"EkabV4Nv","Quite likely",99,3,,false
15,39,0,NONE,"aYjlPdSc","Sure thing",146,4,,false
15,39,0,NONE,"itetvOzL","Sure thing",143,4,,false
15,39,0,NONE,"U1fwtmhz","Sure thing",175,5,,false
15,39,0,NONE,"Tv3bD1Lf","Piece of cake",181,5,,true
15,39,0,NONE,"AZrQg2Da","Quite likely",78,6,,false
15,39,0,NONE,"1Csu14zf","Rather detrimental",82,6,,false
15,39,0,NONE,"JYlisq0K","Rather detrimental",112,6,,false
15,41,0,NONE,"EkabV4Nv","Quite likely",99,1,,true
15,41,0,NONE,"aYjlPdSc","Sure thing",146,2,,false
15,41,0,NONE,"itetvOzL","Sure thing",143,2,,false
15,41,0,NONE,"U1fwtmhz","Sure thing",175,3,,false
15,41,0,NONE,"AZrQg2Da","Quite likely",78,4,,false
15,41,0,NONE,"1Csu14zf","Rather detrimental",82,4,,false
15,41,0,NONE,"JYlisq0K","Rather detrimental",112,4,,false
15,41,0,NONE,"XzHz0NCR","Hmmm....",82,6,,false
15,41,0,NONE,"AIS2n8Cj","Sure thing",171,6,,false
15,41,0,NONE,"CvpEi7oF","Piece of cake",163,7,,false
15,43,0,NONE,"U1fwtmhz","Sure thing",175,1,,true
15,43,0,NONE,"AZrQg2Da","Quite likely",78,2,,false
15,43,0,NONE,"1Csu14zf","Rather detrimental",82,2,,false
15,43,0,NONE,"JYlisq0K","Rather detrimental",112,2,,false
15,43,0,NONE,"XzHz0NCR","Hmmm....",82,4,,false
15,43,0,NONE,"AIS2n8Cj","Sure thing",171,4,,false
15,43,0,NONE,"CvpEi7oF","Piece of cake",163,5,,false
15,43,0,NONE,"MUbdrGHD","Piece of cake",154,6,,false
15,43,0,NONE,"f9mYz8be","Sure thing",161,7,,false
15,43,0,NONE,"AWcpHSY6","Risky",95,7,,false
15,45,0,NONE,"XzHz0NCR","Hmmm....",82,2,,false
15,45,0,NONE,"AIS2n8Cj","Sure thing",171,2,,false
15,45,0,NONE,"CvpEi7oF","Piece of cake",163,3,,false
15,45,0,NONE,"MUbdrGHD","Piece of cake",154,4,,false
15,45,0,NONE,"f9mYz8be","Sure thing",161,5,,false
15,45,0,NONE,"AWcpHSY6","Risky",95,5,,false
15,45,0,NONE,"F66wIGsu","Suicide mission",97,6,,false
15,45,0,NONE,"9vG9suep","Rather detrimental",86,7,,false
15,45,0,NONE,"b9tlGfLu","Suicide mission",73,7,,false
15,45,0,NONE,"86rVxiSL","Sure thing",177,7,,true
15,47,0,NONE,"CvpEi7oF","Piece of cake",163,1,,true
15,47,0,NONE,"MUbdrGHD","Piece of cake",154,2,,false
15,47,0,NONE,"f9mYz8be","Sure thing",161,3,,false
15,47,0,NONE,"AWcpHSY6","Risky",95,3,,false
15,47,0,NONE,"F66wIGsu","Suicide mission",97,4,,false
15,47,0,NONE,"9vG9suep","Rather detrimental",86,5,,false
15,47,0,NONE,"b9tlGfLu","Suicide mission",73,5,,false
15,47,0,NONE,"A8hitQm2","Sure thing",199,6,,false
15,47,0,NONE,"BZ7dfkrE","Piece of cake",186,7,,false
15,47,0,NONE,"iN2AJ6xx","Gamble",68,7,,false
15,49,0,NONE,"f9mYz8be","Sure thing",161,1,,false
15,49,0,NONE,"AWcpHSY6","Risky",95,1,,false
15,49,0,NONE,"F66wIGsu","Suicide mission",97,2,,false
15,49,0,NONE,"9vG9suep","Rather detrimental",86,3,,false
15,49,0,NONE,"b9tlGfLu","Suicide mission",73,3,,false
15,49,0,NONE,"A8hitQm2","Sure thing",199,4,,true
15,49,0,NONE,"BZ7dfkrE","Piece of cake",186,5,,false
15,49,0,NONE,"iN2AJ6xx","Gamble",68,5,,false
15,49,0,NONE,"ZKyW1e82","Piece of cake",162,6,,false
15,49,0,NONE,"caaIuF5Q","Playing with fire",69,7,,false
16,0,0,NONE,"sxQImQwH","Walk in the park",2,7,,false
16,0,0,NONE,"2ZZmxLBe","Piece of cake",8,7,,false
16,0,0,NONE,"4thbODmD","Piece of cake",63,7,,false
16,0,0,NONE,"25sfa36k","Piece of cake",49,7,,false
16,0,0,NONE,"18AwqUiu","Piece of cake",50,7,,true
16,0,0,NONE,"w8SVUIfk","Hmmm....",58,7,,false
16,0,0,NONE,"dh1re5bN","Walk in the park",9,7,,false
16,0,0,NONE,"lqYPEz4D","Piece of cake",61,7,,false
16,0,0,NONE,"aoXak77l","Quite likely",9,7,,false
16,0,0,NONE,"8hSFnnjb","Piece of cake",13,7,,false
16,1,0,NONE,"sxQImQwH","Walk in the park",2,6,,false
16,1,0,NONE,"2ZZmxLBe","Piece of cake",8,6,,false
16,1,0,NONE,"4thbODmD","Piece of cake",63,6,,false
16,1,0,NONE,"25sfa36k","Piece of cake",49,6,,true
16,1,0,NONE,"w8SVUIfk","Hmmm....",58,6,,false
16,1,0,NONE,"dh1re5bN","Walk in the park",9,6,,false
16,1,0,NONE,"lqYPEz4D","Piece of cake",61,6,,false
16,1,0,NONE,"aoXak77l","Quite likely",9,6,,false
16,1,0,NONE,"8hSFnnjb","Piece of cake",13,6,,false
16,1,0,NONE,"Btr54mjS","Quite likely",26,7,,false
16,2,0,NONE,"sxQImQwH","Walk in the park",2,5,,false
16,2,0,NONE,"2ZZmxLBe","Piece of cake",8,5,,true
16,2,0,NONE,"4thbODmD","Piece of cake",63,5,,false
16,2,0,NONE,"w8SVUIfk","Hmmm....",58,5,,false
16,2,0,NONE,"dh1re5bN","Walk in the park",9,5,,false
16,2,0,NONE,"lqYPEz4D","Piece of cake",61,5,,false
16,2,0,NONE,"aoXak77l","Quite likely",9,5,,false
16,2,0,NONE,"8hSFnnjb","Piece of cake",13,5,,false
16,2,0,NONE,"Btr54mjS","Quite likely",26,6,,false
16,2,0,NONE,"JiMf4T32","Walk in the park",37,7,,false
16,3,0,NONE,"sxQImQwH","Walk in the park",2,4,,false
16,3,0,NONE,"4thbODmD","Piece of cake",63,4,,false
16,3,0,NONE,"w8SVUIfk","Hmmm....",58,4,,false
16,3,0,NONE,"dh1re5bN","Walk in the park",9,4,,false
16,3,0,NONE,"lqYPEz4D","Piece of cake",61,4,,false
16,3,0,NONE,"aoXak77l","Quite likely",9,4,,false
16,3,0,NONE,"8hSFnnjb","Piece of cake",13,4,,false
16,3,0,NONE,"Btr54mjS","Quite likely",26,5,,false
16,3,0,NONE,"JiMf4T32","Walk in the park",37,6,,false
16,3,0,NONE,"vnU5hn89","Sure thing",8,7,,true
16,4,0,NONE,"sxQImQwH","Walk in the park",2,3,,false
16,4,0,NONE,"4thbODmD","Piece of cake",63,3,,true
16,4,0,NONE,"w8SVUIfk","Hmmm....",58,3,,false
16,4,0,NONE,"dh1re5bN","Walk in the park",9,3,,false
16,4,0,NONE,"lqYPEz4D","Piece of cake",61,3,,false
16,4,0,NONE,"aoXak77l","Quite likely",9,3,,false
16,4,0,NONE,"8hSFnnjb","Piece of cake",13,3,,false
16,4,0,NONE,"Btr54mjS","Quite likely",26,4,,false
16,4,0,NONE,"JiMf4T32","Walk in the park",37,5,,false
16,4,0,NONE,"53wNu19q","Walk in the park",8,7,,false
16,5,0,NONE,"sxQImQwH","Walk in the park",2,2,,false
16,5,0,NONE,"w8SVUIfk","Hmmm....",58,2,,false
16,5,0,NONE,"dh1re5bN","Walk in the park",9,2,,false
16,5,0,NONE,"lqYPEz4D","Piece of cake",61,2,,false
16,5,0,NONE,"aoXak77l","Quite likely",9,2,,false
16,5,0,NONE,"8hSFnnjb","Piece of cake",13,2,,true
16,5,0,NONE,"Btr54mjS","Quite likely",26,3,,false
16,5,0,NONE,"JiMf4T32","Walk in the park",37,4,,false
16,5,0,NONE,"53wNu19q","Walk in the park",8,6,,false
16,5,0,NONE,"4tGs6zPQ","Hmmm....",69,7,,false
16,6,0,NONE,"sxQImQwH","Walk in the park",2,1,,false
16,6,0,NONE,"w8SVUIfk","Hmmm....",58,1,,true
16,6,0,NONE,"dh1re5bN","Walk in the park",9,1,,false
16,6,0,NONE,"lqYPEz4D","Piece of cake",61,1,,false
16,6,0,NONE,"aoXak77l","Quite likely",9,1,,false
16,6,0,NONE,"Btr54mjS","Quite likely",26,2,,false
16,6,0,NONE,"JiMf4T32","Walk in the park",37,3,,false
16,6,0,NONE,"53wNu19q","Walk in the park",8,5,,false
16,6,0,NONE,"4tGs6zPQ","Hmmm....",69,6,,false
16,6,0,NONE,"YIJBKEI4","Walk in the park",58,7,,false
16,7,0,NONE,"Btr54mjS","Quite likely",26,1,,true
16,7,0,NONE,"JiMf4T32","Walk in the park",37,2,,false
16,7,0,NONE,"53wNu19q","Walk in the park",8,4,,false
16,7,0,NONE,"4tGs6zPQ","Hmmm....",69,5,,false
16,7,0,NONE,"YIJBKEI4","Walk in the park",58,6,,false
16,7,0,NONE,"fyp9uWgL","Walk in the park",26,7,,false
16,7,0,NONE,"HgGEsCi8","Gamble",23,7,,false
16,7,0,NONE,"VdiJSh82","Quite likely",30,7,,false
16,7,0,NONE,"gVeWvUj4","Piece of cake",19,7,,false
16,7,0,NONE,"U5q8Gd6M","Quite likely",14,7,,false
16,8,0,NONE,"JiMf4T32","Walk in the park",37,1,,false
16,8,0,NONE,"53wNu19q","Walk in the park",8,3,,false
16,8,0,NONE,"4tGs6zPQ","Hmmm....",69,4,,false
16,8,0,NONE,"YIJBKEI4","Walk in the park",58,5,,false
16,8,0,NONE,"fyp9uWgL","Walk in the park",26,6,,true
16,8,0,NONE,"HgGEsCi8","Gamble",23,6,,false
16,8,0,NONE,"VdiJSh82","Quite likely",30,6,,false
16,8,0,NONE,"gVeWvUj4","Piece of cake",19,6,,false
16,8,0,NONE,"U5q8Gd6M","Quite likely",14,6,,false
16,8,0,NONE,"f2bolxLL","Quite likely",21,7,,false
16,9,0,NONE,"53wNu19q","Walk in the park",8,2,,false
16,9,0,NONE,"4tGs6zPQ","Hmmm....",69,3,,false
16,9,0,NONE,"YIJBKEI4","Walk in the park",58,4,,false
16,9,0,NONE,"HgGEsCi8","Gamble",23,5,,false
16,9,0,NONE,"VdiJSh82","Quite likely",30,5,,false
16,9,0,NONE,"gVeWvUj4","Piece of cake",19,5,,true
16,9,0,NONE,"U5q8Gd6M","Quite likely",14,5,,false
16,9,0,NONE,"f2bolxLL","Quite likely",21,6,,false
16,9,0,NONE,"w3JftVIn","Gamble",34,7,,false
16,9,0,NONE,"WhPODs0V","Quite likely",25,7,,false
16,10,0,NONE,"53wNu19q","Walk in the park",8,1,,false
16,10,0,NONE,"4tGs6zPQ","Hmmm....",69,2,,false
16,10,0,NONE,"YIJBKEI4","Walk in the park",58,3,,true
16,10,0,NONE,"HgGEsCi8","Gamble",23,4,,false
16,10,0,NONE,"VdiJSh82","Quite likely",30,4,,false
16,10,0,NONE,"U5q8Gd6M","Quite likely",14,4,,false
16,10,0,NONE,"f2bolxLL","Quite likely",21,5,,false
16,10,0,NONE,"w3JftVIn","Gamble",34,6,,false
16,10,0,NONE,"WhPODs0V","Quite likely",25,6,,false
16,10,0,NONE,"8G0kxxJP","Piece of cake",19,7,,false
16,11,0,NONE,"4tGs6zPQ","Hmmm....",69,1,,false
16,11,0,NONE,"HgGEsCi8","Gamble",23,3,,false
16,11,0,NONE,"VdiJSh82","Quite likely",30,3,,false
16,11,0,NONE,"U5q8Gd6M","Quite likely",14,3,,false
16,11,0,NONE,"f2bolxLL","Quite likely",21,4,,false
16,11,0,NONE,"w3JftVIn","Gamble",34,5,,false
16,11,0,NONE,"WhPODs0V","Quite likely",25,5,,false
16,11,0,NONE,"8G0kxxJP","Piece of cake",19,6,,true
16,11,0,NONE,"sHRpkFyM","Risky",23,7,,false
16,11,0,NONE,"PU0SIAp1","Rather detrimental",12,7,,false
16,12,0,NONE,"HgGEsCi8","Gamble",23,2,,false
16,12,0,NONE,"VdiJSh82","Quite likely",30,2,,false
16,12,0,NONE,"U5q8Gd6M","Quite likely",14,2,,false
16,12,0,NONE,"f2bolxLL","Quite likely",21,3,,false
16,12,0,NONE,"w3JftVIn","Gamble",34,4,,false
16,12,0,NONE,"WhPODs0V","Quite likely",25,4,,false
16,12,0,NONE,"sHRpkFyM","Risky",23,6,,false
16,12,0,NONE,"PU0SIAp1","Rather detrimental",12,6,,false
16,12,0,NONE,"qhI7Pm1t","Piece of cake",49,7,,false
16,12,0,NONE,"fjHaJx3s","Piece of cake",56,7,,true
16,13,0,NONE,"HgGEsCi8","Gamble",23,1,,false
16,13,0,NONE,"VdiJSh82","Quite likely",30,1,,false
16,13,0,NONE,"U5q8Gd6M","Quite likely",14,1,,false
16,13,0,NONE,"f2bolxLL","Quite likely",21,2,,false
16,13,0,NONE,"w3JftVIn","Gamble",34,3,,true
16,13,0,NONE,"WhPODs0V","Quite likely",25,3,,false
16,13,0,NONE,"sHRpkFyM","Risky",23,5,,false
16,13,0,NONE,"PU0SIAp1","Rather detrimental",12,5,,false
16,13,0,NONE,"qhI7Pm1t","Piece of cake",49,6,,false
16,13,0,NONE,"5yviJDbR","Hmmm....",66,7,,false
16,14,0,NONE,"f2bolxLL","Quite likely",21,1,,false
16,14,0,NONE,"WhPODs0V","Quite likely",25,2,,false
16,14,0,NONE,"sHRpkFyM","Risky",23,4,,false
16,14,0,NONE,"PU0SIAp1","Rather detrimental",12,4,,false
16,14,0,NONE,"qhI7Pm1t","Piece of cake",49,5,,false
16,14,0,NONE,"5yviJDbR","Hmmm....",66,6,,false
16,14,0,NONE,"MgdTr0Y5","Rather detrimental",25,7,,false
16,14,0,NONE,"OApdlakO","Risky",33,7,,false
16,14,0,NONE,"g3bTWfzf","Quite likely",57,7,,true
16,14,0,NONE,"PtEUPNMW","Sure thing",16,7,,false
16,15,0,NONE,"WhPODs0V","Quite likely",25,1,,false
16,15,0,NONE,"sHRpkFyM","Risky",23,3,,false
16,15,0,NONE,"PU0SIAp1","Rather detrimental",12,3,,false
16,15,0,NONE,"qhI7Pm1t","Piece of cake",49,4,,false
16,15,0,NONE,"5yviJDbR","Hmmm....",66,5,,false
16,15,0,NONE,"MgdTr0Y5","Rather detrimental",25,6,,false
16,15,0,NONE,"OApdlakO","Risky",33,6,,false
16,15,0,NONE,"PtEUPNMW","Sure thing",16,6,,true
16,15,0,NONE,"YRYL0qzb","Piece of cake",61,7,,false
16,15,0,NONE,"1lEZIQHn","Suicide mission",33,7,,false
16,16,0,NONE,"sHRpkFyM","Risky",23,2,,false
16,16,0,NONE,"PU0SIAp1","Rather detrimental",12,2,,false
16,16,0,NONE,"qhI7Pm1t","Piece of cake",49,3,,false
16,16,0,NONE,"5yviJDbR","Hmmm....",66,4,,false
16,16,0,NONE,"MgdTr0Y5","Rather detrimental",25,5,,false
16,16,0,NONE,"OApdlakO","Risky",33,5,,false
16,16,0,NONE,"YRYL0qzb","Piece of cake",61,6,,true
16,16,0,NONE,"1lEZIQHn","Suicide mission",33,6,,false
16,16,0,NONE,"qWtEkqCV","Quite likely",124,2,1,false
16,16,0,NONE,"QgHdbJtb","Impossible",128,3,1,false
16,18,0,NONE,"qhI7Pm1t","Piece of cake",49,1,,false
16,18,0,NONE,"5yviJDbR","Hmmm....",66,2,,false
16,18,0,NONE,"MgdTr0Y5","Rather detrimental",25,3,,false
16,18,0,NONE,"OApdlakO","Risky",33,3,,false
16,18,0,NONE,"1lEZIQHn","Suicide mission",33,4,,false
16,18,0,NONE,"QgHdbJtb","Impossible",128,1,1,false
16,18,0,NONE,"IfhAqTda","Hmmm....",48,6,,false
16,18,0,NONE,"oRWl9qjE","Risky",36,7,,false
16,18,0,NONE,"DS3yq8PE","Sure thing",147,7,,true
16,18,0,NONE,"BsSxeS1c","Quite likely",36,7,,false
16,20,0,NONE,"MgdTr0Y5","Rather detrimental",25,1,,false
16,20,0,NONE,"OApdlakO","Risky",33,1,,true
16,20,0,NONE,"1lEZIQHn","Suicide mission",33,2,,false
16,20,0,NONE,"IfhAqTda","Hmmm....",48,4,,false
16,20,0,NONE,"oRWl9qjE","Risky",36,5,,false
16,20,0,NONE,"BsSxeS1c","Quite likely",36,5,,false
16,20,0,NONE,"JdABKPLT","Walk in the park",62,6,,false
16,20,0,NONE,"536BqwGg","Playing with fire",25,6,,false
16,20,0,NONE,"xIjjKuG9","Quite likely",44,6,,false
16,20,0,NONE,"lYGColga","Quite likely",59,7,,false
16,22,0,NONE,"IfhAqTda","Hmmm....",48,2,,false
16,22,0,NONE,"oRWl9qjE","Risky",36,3,,false
16,22,0,NONE,"BsSxeS1c","Quite likely",36,3,,false
16,22,0,NONE,"JdABKPLT","Walk in the park",62,4,,true
16,22,0,NONE,"536BqwGg","Playing with fire",25,4,,false
16,22,0,NONE,"xIjjKuG9","Quite likely",44,4,,false
16,22,0,NONE,"lYGColga","Quite likely",59,5,,false
16,22,0,NONE,"TeOMWSQV","Gamble",136,2,1,false
16,22,0,NONE,"2Hz8LS8x","Suicide mission",128,2,1,false
16,22,0,NONE,"PLAc9M1y","Gamble",127,2,1,false
16,23,0,NONE,"IfhAqTda","Hmmm....",48,1,,true
16,23,0,NONE,"oRWl9qjE","Risky",36,2,,false
16,23,0,NONE,"BsSxeS1c","Quite likely",36,2,,false
16,23,0,NONE,"536BqwGg","Playing with fire",25,3,,false
16,23,0,NONE,"xIjjKuG9","Quite likely",44,3,,false
16,23,0,NONE,"lYGColga","Quite likely",59,4,,false
16,23,0,NONE,"TeOMWSQV","Gamble",136,1,1,false
16,23,0,NONE,"2Hz8LS8x","Suicide mission",128,1,1,false
16,23,0,NONE,"PLAc9M1y","Gamble",127,1,1,false
16,23,0,NONE,"Bezs2ZmZ","Hmmm....",104,7,,false
16,25,0,NONE,"536BqwGg","Playing with fire",25,1,,false
16,25,0,NONE,"xIjjKuG9","Quite likely",44,1,,false
16,25,0,NONE,"lYGColga","Quite likely",59,2,,false
16,25,0,NONE,"Bezs2ZmZ","Hmmm....",104,5,,false
16,25,0,NONE,"T6heX6lh","Piece of cake",168,6,,false
16,25,0,NONE,"SryQqEsI","Piece of cake",180,6,,false
16,25,0,NONE,"Xw8k7z7o","Suicide mission",126,2,1,false
16,25,0,NONE,"6O11GL52","Sure thing",199,6,,true
16,25,0,NONE,"LDldqOM1","Suicide mission",105,3,1,false
16,25,0,NONE,"lJUDWdki","Risky",107,3,1,false
16,27,0,NONE,"Bezs2ZmZ","Hmmm....",104,3,,false
16,27,0,NONE,"T6heX6lh","Piece of cake",168,4,,false
16,27,0,NONE,"SryQqEsI","Piece of cake",180,4,,false
16,27,0,NONE,"LDldqOM1","Suicide mission",105,1,1,false
16,27,0,NONE,"lJUDWdki","Risky",107,1,1,false
16,27,0,NONE,"crDibJxY","Gamble",114,6,,false
16,27,0,NONE,"HIctyhO6","Sure thing",91,6,,false
16,27,0,NONE,"2b9LwAIW","Gamble",127,1,1,true
16,27,0,NONE,"640bY31N","Sure thing",168,7,,false
16,27,0,NONE,"8NupzlYE","Rather detrimental",152,2,1,false
16,29,0,NONE,"Bezs2ZmZ","Hmmm....",104,1,,false
16,29,0,NONE,"T6heX6lh","Piece of cake",168,2,,false
16,29,0,NONE,"SryQqEsI","Piece of cake",180,2,,false
16,29,0,NONE,"crDibJxY","Gamble",114,4,,false
16,29,0,NONE,"HIctyhO6","Sure thing",91,4,,false
16,29,0,NONE,"640bY31N","Sure thing",168,5,,true
16,29,0,NONE,"LycMmqcb","Piece of cake",94,6,,false
16,29,0,NONE,"UTXsMlbq","Suicide mission",136,2,1,false
16,29,0,NONE,"xHqLc93u","Piece of cake",119,6,,false
16,29,0,NONE,"O1ixEWrq","Suicide mission",142,3,1,false
16,31,0,NONE,"crDibJxY","Gamble",114,2,,false
16,31,0,NONE,"HIctyhO6","Sure thing",91,2,,true
16,31,0,NONE,"LycMmqcb","Piece of cake",94,4,,false
16,31,0,NONE,"xHqLc93u","Piece of cake",119,4,,false
16,31,0,NONE,"O1ixEWrq","Suicide mission",142,1,1,false
16,31,0,NONE,"zIRk2zuQ","Quite likely",142,2,1,false
16,31,0,NONE,"O0Soziuv","Suicide mission",138,2,1,false
16,31,0,NONE,"sJXBz2UB","Suicide mission",144,2,1,false
16,31,0,NONE,"Q2OkufxM","Hmmm....",147,3,1,false
16,31,0,NONE,"SN93MDAk","Sure thing",154,7,,false
16,32,0,NONE,"crDibJxY","Gamble",114,1,,false
16,32,0,NONE,"LycMmqcb","Piece of cake",94,3,,false
16,32,0,NONE,"xHqLc93u","Piece of cake",119,3,,false
16,32,0,NONE,"zIRk2zuQ","Quite likely",142,1,1,false
16,32,0,NONE,"O0Soziuv","Suicide mission",138,1,1,false
16,32,0,NONE,"sJXBz2UB","Suicide mission",144,1,1,false
16,32,0,NONE,"Q2OkufxM","Hmmm....",147,2,1,false
16,32,0,NONE,"SN93MDAk","Sure thing",154,6,,false
16,32,0,NONE,"KBUEQftD","Playing with fire",138,2,1,false
16,32,0,NONE,"DHvHxPLM","Sure thing",175,7,,true
16,34,0,NONE,"LycMmqcb","Piece of cake",94,1,,false
16,34,0,NONE,"xHqLc93u","Piece of cake",119,1,,false
16,34,0,NONE,"SN93MDAk","Sure thing",154,4,,false
16,34,0,NONE,"p1hLvbYI","Suicide mission",137,2,1,false
16,34,0,NONE,"X3R4Ow4r","Piece of cake",154,6,,false
16,34,0,NONE,"pR0rFykd","Gamble",132,1,1,false
16,34,0,NONE,"IayJBFe8","Risky",153,2,1,false
16,34,0,NONE,"vI6Lamxv","Piece of cake",96,6,,false
16,34,0,NONE,"0trt4Xge","Piece of cake",109,7,,true
16,34,0,NONE,"2z4yJGUu","Suicide mission",149,2,1,false
16,35,0,NONE,"SN93MDAk","Sure thing",154,3,,true
16,35,0,NONE,"p1hLvbYI","Suicide mission",137,1,1,false
16,35,0,NONE,"X3R4Ow4r","Piece of cake",154,5,,false
16,35,0,NONE,"IayJBFe8","Risky",153,1,1,false
16,35,0,NONE,"vI6Lamxv","Piece of cake",96,5,,false
16,35,0,NONE,"2z4yJGUu","Suicide mission",149,1,1,false
16,35,0,NONE,"CkB8hBrA","Hmmm....",90,7,,false
16,35,0,NONE,"fPRy0pQz","Piece of cake",144,7,,false
16,35,0,NONE,"KQiuhaa2","Piece of cake",160,7,,false
16,35,0,NONE,"vPZgGgf3","Piece of cake",87,7,,false
16,37,0,NONE,"X3R4Ow4r","Piece of cake",154,3,,false
16,37,0,NONE,"vI6Lamxv","Piece of cake",96,3,,false
16,37,0,NONE,"CkB8hBrA","Hmmm....",90,5,,false
16,37,0,NONE,"fPRy0pQz","Piece of cake",144,5,,false
16,37,0,NONE,"KQiuhaa2","Piece of cake",160,5,,false
16,37,0,NONE,"vPZgGgf3","Piece of cake",87,5,,false
16,37,0,NONE,"ECUnLZWj","Sure thing",196,6,,true
16,37,0,NONE,"vECRVOOT","Walk in the park",83,6,,false
16,37,0,NONE,"I0EgXbbo","Piece of cake",92,6,,false
16,37,0,NONE,"CWHVxS0J","Gamble",82,6,,false
16,39,0,NONE,"X3R4Ow4r","Piece of cake",154,1,,false
16,39,0,NONE,"vI6Lamxv","Piece of cake",96,1,,false
16,39,0,NONE,"CkB8hBrA","Hmmm....",90,3,,false
16,39,0,NONE,"fPRy0pQz","Piece of cake",144,3,,false
16,39,0,NONE,"KQiuhaa2","Piece of cake",160,3,,false
16,39,0,NONE,"vPZgGgf3","Piece of cake",87,3,,false
16,39,0,NONE,"vECRVOOT","Walk in the park",83,4,,false
16,39,0,NONE,"I0EgXbbo","Piece of cake",92,4,,false
16,39,0,NONE,"CWHVxS0J","Gamble",82,4,,false
16,39,0,NONE,"Gt5O7CYI","Piece of cake",178,6,,true
16,41,0,NONE,"CkB8hBrA","Hmmm....",90,1,,false
16,41,0,NONE,"fPRy0pQz","Piece of cake",144,1,,false
16,41,0,NONE,"KQiuhaa2","Piece of cake",160,1,,true
16,41,0,NONE,"vPZgGgf3","Piece of cake",87,1,,false
16,41,0,NONE,"vECRVOOT","Walk in the park",83,2,,false
16,41,0,NONE,"I0EgXbbo","Piece of cake",92,2,,false
16,41,0,NONE,"CWHVxS0J","Gamble",82,2,,false
16,41,0,NONE,"rqbORXEX","Piece of cake",133,6,,false
16,41,0,NONE,"3D3Mzxhk","Gamble",79,6,,false
16,41,0,NONE,"OwdkIqCv","Sure thing",144,6,,false
16,43,0,NONE,"rqbORXEX","Piece of cake",133,4,,false
16,43,0,NONE,"3D3Mzxhk","Gamble",79,4,,false
16,43,0,NONE,"OwdkIqCv","Sure thing",144,4,,true
16,43,0,NONE,"wPGmhKIO","Sure thing",169,6,,false
16,43,0,NONE,"fVp8wrFM","Gamble",75,6,,false
16,43,0,NONE,"x81XSIrt","Sure thing",150,6,,false
16,43,0,NONE,"OMF0hR0i","Hmmm....",84,6,,false
16,43,0,NONE,"uTdrjzOK","Sure thing",180,7,,false
16,43,0,NONE,"QP2y5kzE","Gamble",89,7,,false
16,43,0,NONE,"T5Q8wqsE","Risky",89,7,,false
16,45,0,NONE,"rqbORXEX","Piece of cake",133,2,,false
16,45,0,NONE,"3D3Mzxhk","Gamble",79,2,,false
16,45,0,NONE,"wPGmhKIO","Sure thing",169,4,,false
16,45,0,NONE,"fVp8wrFM","Gamble",75,4,,false
16,45,0,NONE,"x81XSIrt","Sure thing",150,4,,false
16,45,0,NONE,"OMF0hR0i","Hmmm....",84,4,,false
16,45,0,NONE,"uTdrjzOK","Sure thing",180,5,,true
16,45,0,NONE,"QP2y5kzE","Gamble",89,5,,false
16,45,0,NONE,"T5Q8wqsE","Risky",89,5,,false
16,45,0,NONE,"4KtV3pAC","Playing with fire",78,6,,false
16,47,0,NONE,"wPGmhKIO","Sure thing",169,2,,true
16,47,0,NONE,"fVp8wrFM","Gamble",75,2,,false
16,47,0,NONE,"x81XSIrt","Sure thing",150,2,,false
16,47,0,NONE,"OMF0hR0i","Hmmm....",84,2,,false
16,47,0,NONE,"QP2y5kzE","Gamble",89,3,,false
16,47,0,NONE,"T5Q8wqsE","Risky",89,3,,false
16,47,0,NONE,"4KtV3pAC","Playing with fire",78,4,,false
16,47,0,NONE,"MsZ6AhZd","Playing with fire",77,6,,false
16,47,0,NONE,"bcoXWMUm","Gamble",90,7,,false
16,47,0,NONE,"bMGC51IW","Piece of cake",194,7,,false
16,49,0,NONE,"QP2y5kzE","Gamble",89,1,,false
16,49,0,NONE,"T5Q8wqsE","Risky",89,1,,false
16,49,0,NONE,"4KtV3pAC","Playing with fire",78,2,,false
16,49,0,NONE,"MsZ6AhZd","Playing with fire",77,4,,false
16,49,0,NONE,"bcoXWMUm","Gamble",90,5,,true
16,49,0,NONE,"bMGC51IW","Piece of cake",194,5,,false
16,49,0,NONE,"qsQ8BzHO","Suicide mission",72,6,,false
16,49,0,NONE,"Wsr3A6Zc","Piece of cake",174,7,,false
16,49,0,NONE,"s7rvx2Ha","Sure thing",162,7,,false
16,49,0,NONE,"KEYI6gQi","Quite likely",88,7,,false
17,0,0,NONE,"nTL6wcEq","Walk in the park",60,7,,false
17,0,0,NONE,"2BI7uIgo","Piece of cake",18,7,,false
17,0,0,NONE,"O1wo3msT","Piece of cake",5,7,,false
17,0,0,NONE,"jooc7EOK","Walk in the park",38,7,,false
17,0,0,NONE,"L3EuWJfN","Walk in the park",20,7,,false
17,0,0,NONE,"7DZqU2mu","Walk in the park",8,7,,false
17,0,0,NONE,"4B9wvZcZ","Rather detrimental",27,7,,false
17,0,0,NONE,"UTqvuTb0","Quite likely",28,7,,false
17,0,0,NONE,"x2I4bzBj","Risky",34,7,,false
17,0,0,NONE,"qGuggBZX","Sure thing",9,7,,true
17,1,0,NONE,"nTL6wcEq","Walk in the park",60,6,,false
17,1,0,NONE,"2BI7uIgo","Piece of cake",18,6,,true
17,1,0,NONE,"O1wo3msT","Piece of cake",5,6,,false
17,1,0,NONE,"jooc7EOK","Walk in the park",38,6,,false
17,1,0,NONE,"L3EuWJfN","Walk in the park",20,6,,false
17,1,0,NONE,"7DZqU2mu","Walk in the park",8,6,,false
17,1,0,NONE,"4B9wvZcZ","Rather detrimental",27,6,,false
17,1,0,NONE,"UTqvuTb0","Quite likely",28,6,,false
17,1,0,NONE,"x2I4bzBj","Risky",34,6,,false
17,1,0,NONE,"lF3rOm5q","Gamble",26,7,,false
17,2,0,NONE,"nTL6wcEq","Walk in the park",60,5,,false
17,2,0,NONE,"O1wo3msT","Piece of cake",5,5,,true
17,2,0,NONE,"jooc7EOK","Walk in the park",38,5,,false
17,2,0,NONE,"L3EuWJfN","Walk in the park",20,5,,false
17,2,0,NONE,"7DZqU2mu","Walk in the park",8,5,,false
17,2,0,NONE,"4B9wvZcZ","Rather detrimental",27,5,,false
17,2,0,NONE,"UTqvuTb0","Quite likely",28,5,,false
17,2,0,NONE,"x2I4bzBj","Risky",34,5,,false
17,2,0,NONE,"lF3rOm5q","Gamble",26,6,,false
17,2,0,NONE,"jPNdWUP3","Walk in the park",2,7,,false
17,3,0,NONE,"nTL6wcEq","Walk in the park",60,4,,false
17,3,0,NONE,"jooc7EOK","Walk in the park",38,4,,false
17,3,0,NONE,"L3EuWJfN","Walk in the park",20,4,,false
17,3,0,NONE,"7DZqU2mu","Walk in the park",8,4,,false
17,3,0,NONE,"4B9wvZcZ","Rather detrimental",27,4,,false
17,3,0,NONE,"UTqvuTb0","Quite likely",28,4,,false
17,3,0,NONE,"x2I4bzBj","Risky",34,4,,false
17,3,0,NONE,"lF3rOm5q","Gamble",26,5,,false
17,3,0,NONE,"jPNdWUP3","Walk in the park",2,6,,false
17,3,0,NONE,"qHo9OVwu","Sure thing",48,7,,true
17,4,0,NONE,"nTL6wcEq","Walk in the park",60,3,,false
17,4,0,NONE,"jooc7EOK","Walk in the park",38,3,,false
17,4,0,NONE,"L3EuWJfN","Walk in the park",20,3,,false
17,4,0,NONE,"7DZqU2mu","Walk in the park",8,3,,false
17,4,0,NONE,"4B9wvZcZ","Rather detrimental",27,3,,false
17,4,0,NONE,"UTqvuTb0","Quite likely",28,3,,false
17,4,0,NONE,"x2I4bzBj","Risky",34,3,,false
17,4,0,NONE,"lF3rOm5q","Gamble",26,4,,false
17,4,0,NONE,"jPNdWUP3","Walk in the park",2,5,,false
17,4,0,NONE,"8NA8qNlb","Piece of cake",2,7,,true
17,5,0,NONE,"nTL6wcEq","Walk in the park",60,2,,false
17,5,0,NONE,"jooc7EOK","Walk in the park",38,2,,false
17,5,0,NONE,"L3EuWJfN","Walk in the park",20,2,,false
17,5,0,NONE,"7DZqU2mu","Walk in the park",8,2,,true
17,5,0,NONE,"4B9wvZcZ","Rather detrimental",27,2,,false
17,5,0,NONE,"UTqvuTb0","Quite likely",28,2,,false
17,5,0,NONE,"x2I4bzBj","Risky",34,2,,false
17,5,0,NONE,"lF3rOm5q","Gamble",26,3,,false
17,5,0,NONE,"jPNdWUP3","Walk in the park",2,4,,false
17,5,0,NONE,"OxYx7I7w","Hmmm....",24,7,,false
17,6,0,NONE,"nTL6wcEq","Walk in the park",60,1,,false
17,6,0,NONE,"jooc7EOK","Walk in the park",38,1,,false
17,6,0,NONE,"L3EuWJfN","Walk in the park",20,1,,false
17,6,0,NONE,"4B9wvZcZ","Rather detrimental",27,1,,false
17,6,0,NONE,"UTqvuTb0","Quite likely",28,1,,false
17,6,0,NONE,"x2I4bzBj","Risky",34,1,,false
17,6,0,NONE,"lF3rOm5q","Gamble",26,2,,false
17,6,0,NONE,"jPNdWUP3","Walk in the park",2,3,,false
17,6,0,NONE,"OxYx7I7w","Hmmm....",24,6,,false
17,6,0,NONE,"OlSkrtEJ","Walk in the park",17,7,,true
17,7,0,NONE,"lF3rOm5q","Gamble",26,1,,false
17,7,0,NONE,"jPNdWUP3","Walk in the park",2,2,,false
17,7,0,NONE,"OxYx7I7w","Hmmm....",24,5,,false
17,7,0,NONE,"PQ1kfLox","Walk in the park",26,7,,false
17,7,0,NONE,"nnSYKD5y","Hmmm....",17,7,,false
17,7,0,NONE,"NutXKbzH","Quite likely",62,7,,false
17,7,0,NONE,"4Ln75rNF","Risky",33,7,,false
17,7,0,NONE,"BVSpk8hs","Piece of cake",57,7,,true
17,7,0,NONE,"nWkmt2t3","Walk in the park",45,7,,false
17,7,0,NONE,"nMlcoUP8","Hmmm....",17,7,,false
17,8,0,NONE,"jPNdWUP3","Walk in the park",2,1,,false
17,8,0,NONE,"OxYx7I7w","Hmmm....",24,4,,false
17,8,0,NONE,"PQ1kfLox","Walk in the park",26,6,,true
17,8,0,NONE,"nnSYKD5y","Hmmm....",17,6,,false
17,8,0,NONE,"NutXKbzH","Quite likely",62,6,,false
17,8,0,NONE,"4Ln75rNF","Risky",33,6,,false
17,8,0,NONE,"nWkmt2t3","Walk in the park",45,6,,false
17,8,0,NONE,"nMlcoUP8","Hmmm....",17,6,,false
17,8,0,NONE,"oQEEx2U0","Risky",28,7,,false
17,8,0,NONE,"OmV7aEw2","Quite likely",29,7,,false
17,9,0,NONE,"OxYx7I7w","Hmmm....",24,3,,false
17,9,0,NONE,"nnSYKD5y","Hmmm....",17,5,,false
17,9,0,NONE,"NutXKbzH","Quite likely",62,5,,false
17,9,0,NONE,"4Ln75rNF","Risky",33,5,,false
17,9,0,NONE,"nWkmt2t3","Walk in the park",45,5,,false
17,9,0,NONE,"nMlcoUP8","Hmmm....",17,5,,false
17,9,0,NONE,"oQEEx2U0","Risky",28,6,,false
17,9,0,NONE,"OmV7aEw2","Quite likely",29,6,,false
17,9,0,NONE,"yC43zpxj","Sure thing",10,7,,true
17,9,0,NONE,"5hlKOU22","Piece of cake",18,7,,false
17,10,0,NONE,"OxYx7I7w","Hmmm....",24,2,,false
17,10,0,NONE,"nnSYKD5y","Hmmm....",17,4,,false
17,10,0,NONE,"NutXKbzH","Quite likely",62,4,,false
17,10,0,NONE,"4Ln75rNF","Risky",33,4,,false
17,10,0,NONE,"nWkmt2t3","Walk in the park",45,4,,false
17,10,0,NONE,"nMlcoUP8","Hmmm....",17,4,,false
17,10,0,NONE,"oQEEx2U0","Risky",28,5,,false
17,10,0,NONE,"OmV7aEw2","Quite likely",29,5,,false
17,10,0,NONE,"5hlKOU22","Piece of cake",18,6,,true
17,10,0,NONE,"KZd9OEMa","Suicide mission",25,7,,false
17,11,0,NONE,"OxYx7I7w","Hmmm....",24,1,,false
17,11,0,NONE,"nnSYKD5y","Hmmm....",17,3,,false
17,11,0,NONE,"NutXKbzH","Quite likely",62,3,,false
17,11,0,NONE,"4Ln75rNF","Risky",33,3,,false
17,11,0,NONE,"nWkmt2t3","Walk in the park",45,3,,false
17,11,0,NONE,"nMlcoUP8","Hmmm....",17,3,,true
17,11,0,NONE,"oQEEx2U0","Risky",28,4,,false
17,11,0,NONE,"OmV7aEw2","Quite likely",29,4,,false
17,11,0,NONE,"KZd9OEMa","Suicide mission",25,6,,false
17,11,0,NONE,"zcJsj0nl","Walk in the park",24,7,,false
17,12,0,NONE,"nnSYKD5y","Hmmm....",17,2,,false
17,12,0,NONE,"NutXKbzH","Quite likely",62,2,,false
17,12,0,NONE,"4Ln75rNF","Risky",33,2,,false
17,12,0,NONE,"nWkmt2t3","Walk in the park",45,2,,true
17,12,0,NONE,"oQEEx2U0","Risky",28,3,,false
17,12,0,NONE,"OmV7aEw2","Quite likely",29,3,,false
17,12,0,NONE,"KZd9OEMa","Suicide mission",25,5,,false
17,12,0,NONE,"zcJsj0nl","Walk in the park",24,6,,false
17,12,0,NONE,"YOu98RFo","Quite likely",26,7,,false
17,12,0,NONE,"lQ18RjZ6","Gamble",63,7,,false
17,13,0,NONE,"nnSYKD5y","Hmmm....",17,1,,false
17,13,0,NONE,"NutXKbzH","Quite likely",62,1,,true
17,13,0,NONE,"4Ln75rNF","Risky",33,1,,false
17,13,0,NONE,"oQEEx2U0","Risky",28,2,,false
17,13,0,NONE,"OmV7aEw2","Quite likely",29,2,,false
17,13,0,NONE,"KZd9OEMa","Suicide mission",25,4,,false
17,13,0,NONE,"zcJsj0nl","Walk in the park",24,5,,false
17,13,0,NONE,"YOu98RFo","Quite likely",26,6,,false
17,13,0,NONE,"lQ18RjZ6","Gamble",63,6,,false
17,13,0,NONE,"tnxGzZh0","Playing with fire",21,7,,false
17,15,0,NONE,"KZd9OEMa","Suicide mission",25,2,,false
17,15,0,NONE,"zcJsj0nl","Walk in the park",24,3,,true
17,15,0,NONE,"YOu98RFo","Quite likely",26,4,,false
17,15,0,NONE,"lQ18RjZ6","Gamble",63,4,,false
17,15,0,NONE,"tnxGzZh0","Playing with fire",21,5,,false
17,15,0,NONE,"wimiLSM4","Gamble",39,6,,false
17,15,0,NONE,"og93hUD0","Risky",19,6,,false
17,15,0,NONE,"5c5Acvwj","Playing with fire",44,6,,false
17,15,0,NONE,"NwSsLQvV","Hmmm....",84,7,,false
17,15,0,NONE,"WipTPchg","Playing with fire",30,7,,false
17,16,0,NONE,"KZd9OEMa","Suicide mission",25,1,,false
17,16,0,NONE,"YOu98RFo","Quite likely",26,3,,true
17,16,0,NONE,"lQ18RjZ6","Gamble",63,3,,false
17,16,0,NONE,"tnxGzZh0","Playing with fire",21,4,,false
17,16,0,NONE,"wimiLSM4","Gamble",39,5,,false
17,16,0,NONE,"og93hUD0","Risky",19,5,,false
17,16,0,NONE,"5c5Acvwj","Playing with fire",44,5,,false
17,16,0,NONE,"NwSsLQvV","Hmmm....",84,6,,false
17,16,0,NONE,"WipTPchg","Playing with fire",30,6,,false
17,16,0,NONE,"qPGujx4H","Gamble",31,7,,false
17,17,0,NONE,"lQ18RjZ6","Gamble",63,2,,false
17,17,0,NONE,"tnxGzZh0","Playing with fire",21,3,,false
17,17,0,NONE,"wimiLSM4","Gamble",39,4,,false
17,17,0,NONE,"og93hUD0","Risky",19,4,,false
17,17,0,NONE,"5c5Acvwj","Playing with fire",44,4,,false
17,17,0,NONE,"NwSsLQvV","Hmmm....",84,5,,false
17,17,0,NONE,"WipTPchg","Playing with fire",30,5,,false
17,17,0,NONE,"qPGujx4H","Gamble",31,6,,false
17,17,0,NONE,"W0NvMg8U","Playing with fire",128,3,1,false
17,17,0,NONE,"imWByJJY","Piece of cake",48,7,,true
17,18,0,NONE,"lQ18RjZ6","Gamble",63,1,,true
17,18,0,NONE,"tnxGzZh0","Playing with fire",21,2,,false
17,18,0,NONE,"wimiLSM4","Gamble",39,3,,false
17,18,0,NONE,"og93hUD0","Risky",19,3,,false
17,18,0,NONE,"5c5Acvwj","Playing with fire",44,3,,false
17,18,0,NONE,"NwSsLQvV","Hmmm....",84,4,,false
17,18,0,NONE,"WipTPchg","Playing with fire",30,4,,false
17,18,0,NONE,"qPGujx4H","Gamble",31,5,,false
17,18,0,NONE,"W0NvMg8U","Playing with fire",128,2,1,false
17,18,0,NONE,"9WB4w4yb","Sure thing",65,7,,false
17,19,0,NONE,"tnxGzZh0","Playing with fire",21,1,,false
17,19,0,NONE,"wimiLSM4","Gamble",39,2,,false
17,19,0,NONE,"og93hUD0","Risky",19,2,,false
17,19,0,NONE,"5c5Acvwj","Playing with fire",44,2,,false
17,19,0,NONE,"NwSsLQvV","Hmmm....",84,3,,false
17,19,0,NONE,"WipTPchg","Playing with fire",30,3,,true
17,19,0,NONE,"qPGujx4H","Gamble",31,4,,false
17,19,0,NONE,"W0NvMg8U","Playing with fire",128,1,1,false
17,19,0,NONE,"9WB4w4yb","Sure thing",65,6,,false
17,19,0,NONE,"hvTinkeu","Gamble",128,2,1,false
17,20,0,NONE,"wimiLSM4","Gamble",39,1,,false
17,20,0,NONE,"og93hUD0","Risky",19,1,,false
17,20,0,NONE,"5c5Acvwj","Playing with fire",44,1,,false
17,20,0,NONE,"NwSsLQvV","Hmmm....",84,2,,false
17,20,0,NONE,"qPGujx4H","Gamble",31,3,,false
17,20,0,NONE,"9WB4w4yb","Sure thing",65,5,,false
17,20,0,NONE,"hvTinkeu","Gamble",128,1,1,false
17,20,0,NONE,"Y1ggWjNN","Playing with fire",58,7,,true
17,20,0,NONE,"zuHuLIvl","Suicide mission",130,2,1,false
17,20,0,NONE,"Qd4polza","Rather detrimental",66,7,,false
17,22,0,NONE,"qPGujx4H","Gamble",31,1,,false
17,22,0,NONE,"9WB4w4yb","Sure thing",65,3,,false
17,22,0,NONE,"Qd4polza","Rather detrimental",66,5,,false
17,22,0,NONE,"rx6TeMIW","Suicide mission",133,1,1,true
17,22,0,NONE,"4ECKPrfS","Gamble",56,6,,false
17,22,0,NONE,"d2I3doOu","Piece of cake",116,6,,false
17,22,0,NONE,"5VXs7AcK","Gamble",147,2,1,false
17,22,0,NONE,"Vm35Cs8p","Risky",70,6,,false
17,22,0,NONE,"EPWIlSa2","Suicide mission",149,3,1,false
17,22,0,NONE,"jcYfem6D","Quite likely",58,7,,false
17,24,0,NONE,"9WB4w4yb","Sure thing",65,1,,false
17,24,0,NONE,"Qd4polza","Rather detrimental",66,3,,false
17,24,0,NONE,"4ECKPrfS","Gamble",56,4,,false
17,24,0,NONE,"d2I3doOu","Piece of cake",116,4,,false
17,24,0,NONE,"Vm35Cs8p","Risky",70,4,,false
17,24,0,NONE,"EPWIlSa2","Suicide mission",149,1,1,false
17,24,0,NONE,"jcYfem6D","Quite likely",58,5,,false
17,24,0,NONE,"SiXV0BkJ","Quite likely",127,1,1,false
17,24,0,NONE,"bc374jZn","Quite likely",65,6,,true
17,24,0,NONE,"EO09n3Du","Hmmm....",79,7,,false
17,26,0,NONE,"Qd4polza","Rather detrimental",66,1,,false
17,26,0,NONE,"4ECKPrfS","Gamble",56,2,,false
17,26,0,NONE,"d2I3doOu","Piece of cake",116,2,,true
17,26,0,NONE,"Vm35Cs8p","Risky",70,2,,false
17,26,0,NONE,"jcYfem6D","Quite likely",58,3,,false
17,26,0,NONE,"EO09n3Du","Hmmm....",79,5,,false
17,26,0,NONE,"vIDW33wP","Quite likely",90,6,,false
17,26,0,NONE,"E4m48S3z","Suicide mission",136,2,1,false
17,26,0,NONE,"aPT76M20","Gamble",118,1,1,false
17,26,0,NONE,"kBQkW776","Risky",141,1,1,false
17,27,0,NONE,"4ECKPrfS","Gamble",56,1,,false
17,27,0,NONE,"Vm35Cs8p","Risky",70,1,,false
17,27,0,NONE,"jcYfem6D","Quite likely",58,2,,true
17,27,0,NONE,"EO09n3Du","Hmmm....",79,4,,false
17,27,0,NONE,"vIDW33wP","Quite likely",90,5,,false
17,27,0,NONE,"E4m48S3z","Suicide mission",136,1,1,false
17,27,0,NONE,"ggmdyfg9","Rather detrimental",80,7,,false
17,27,0,NONE,"upoz0fSl","Hmmm....",119,2,1,false
17,27,0,NONE,"sd1AeVIQ","Hmmm....",152,3,1,false
17,27,0,NONE,"zr1eYgoc","Rather detrimental",141,2,1,false
17,28,0,NONE,"EO09n3Du","Hmmm....",79,3,,false
17,28,0,NONE,"vIDW33wP","Quite likely",90,4,,false
17,28,0,NONE,"ggmdyfg9","Rather detrimental",80,6,,false
17,28,0,NONE,"upoz0fSl","Hmmm....",119,1,1,false
17,28,0,NONE,"sd1AeVIQ","Hmmm....",152,2,1,false
17,28,0,NONE,"zr1eYgoc","Rather detrimental",141,1,1,true
17,28,0,NONE,"PnOYZv0K","Gamble",155,2,1,false
17,28,0,NONE,"g6m12NRk","Suicide mission",135,2,1,false
17,28,0,NONE,"TOie0BVb","Suicide mission",164,3,1,false
17,28,0,NONE,"l1H75lom","Gamble",102,7,,false
17,30,0,NONE,"EO09n3Du","Hmmm....",79,1,,false
17,30,0,NONE,"vIDW33wP","Quite likely",90,2,,true
17,30,0,NONE,"ggmdyfg9","Rather detrimental",80,4,,false
17,30,0,NONE,"TOie0BVb","Suicide mission",164,1,1,false
17,30,0,NONE,"l1H75lom","Gamble",102,5,,false
17,30,0,NONE,"HvXTtSKz","Playing with fire",143,2,1,false
17,30,0,NONE,"Tl14U0zH","Suicide mission",129,1,1,false
17,30,0,NONE,"f259Mcwz","Playing with fire",147,3,1,false
17,30,0,NONE,"XaYkIEfB","Suicide mission",136,2,1,false
17,30,0,NONE,"qlGFSxar","Risky",118,2,1,false
17,31,0,NONE,"ggmdyfg9","Rather detrimental",80,3,,false
17,31,0,NONE,"l1H75lom","Gamble",102,4,,false
17,31,0,NONE,"HvXTtSKz","Playing with fire",143,1,1,false
17,31,0,NONE,"f259Mcwz","Playing with fire",147,2,1,false
17,31,0,NONE,"XaYkIEfB","Suicide mission",136,1,1,true
17,31,0,NONE,"qlGFSxar","Risky",118,1,1,false
17,31,0,NONE,"5jK9JO4p","Suicide mission",155,3,1,false
17,31,0,NONE,"DcIxwqH3","Rather detrimental",139,3,1,false
17,31,0,NONE,"eLQ1mAuF","Rather detrimental",128,3,1,false
17,31,0,NONE,"w6mYUPC9","Quite likely",150,3,1,false
17,33,0,NONE,"ggmdyfg9","Rather detrimental",80,1,,false
17,33,0,NONE,"l1H75lom","Gamble",102,2,,false
17,33,0,NONE,"5jK9JO4p","Suicide mission",155,1,1,true
17,33,0,NONE,"DcIxwqH3","Rather detrimental",139,1,1,false
17,33,0,NONE,"eLQ1mAuF","Rather detrimental",128,1,1,false
17,33,0,NONE,"w6mYUPC9","Quite likely",150,1,1,false
17,33,0,NONE,"qWzJPhwP","Playing with fire",125,2,1,false
17,33,0,NONE,"L0UZ1Hdd","Hmmm....",148,2,1,false
17,33,0,NONE,"7oJ70HCk","Risky",153,1,1,false
17,33,0,NONE,"fk7dlMM4","Suicide mission",123,3,1,false
17,35,0,NONE,"fk7dlMM4","Suicide mission",123,1,1,false
17,35,0,NONE,"qURWmRcP","Suicide mission",140,1,1,false
17,35,0,NONE,"3AfSEmUy","Risky",127,1,1,false
17,35,0,NONE,"bjB8EHCJ","Risky",137,1,1,false
17,35,0,NONE,"ApBciTof","Suicide mission",147,2,1,false
17,35,0,NONE,"k8x6Vri7","Gamble",110,1,1,false
17,35,0,NONE,"2q7o4BKm","Piece of cake",76,6,,true
17,35,0,NONE,"ufc5BiPL","Piece of cake",96,7,,false
17,35,0,NONE,"EeViEmBC","Piece of cake",86,7,,false
17,35,0,NONE,"V79WAPug","Quite likely",89,7,,false
17,36,0,NONE,"ApBciTof","Suicide mission",147,1,1,false
17,36,0,NONE,"ufc5BiPL","Piece of cake",96,6,,false
17,36,0,NONE,"EeViEmBC","Piece of cake",86,6,,false
17,36,0,NONE,"V79WAPug","Quite likely",89,6,,false
17,36,0,NONE,"bTTutI6v","Walk in the park",114,7,,false
17,36,0,NONE,"CF8AViAA","Piece of cake",99,7,,false
17,36,0,NONE,"AhvbJ5GW","Walk in the park",91,7,,false
17,36,0,NONE,"ycRabzLL","Sure thing",77,7,,true
17,36,0,NONE,"HUPvyhC6","Playing with fire",107,7,,false
17,36,0,NONE,"liBzDDjP","Hmmm....",71,7,,false
17,37,0,NONE,"ufc5BiPL","Piece of cake",96,5,,false
17,37,0,NONE,"EeViEmBC","Piece of cake",86,5,,false
17,37,0,NONE,"V79WAPug","Quite likely",89,5,,false
17,37,0,NONE,"bTTutI6v","Walk in the park",114,6,,false
17,37,0,NONE,"CF8AViAA","Piece of cake",99,6,,true
17,37,0,NONE,"AhvbJ5GW","Walk in the park",91,6,,false
17,37,0,NONE,"HUPvyhC6","Playing with fire",107,6,,false
17,37,0,NONE,"liBzDDjP","Hmmm....",71,6,,false
17,37,0,NONE,"pRQ8lMrI","Piece of cake",99,7,,false
17,37,0,NONE,"Lq636DpB","Walk in the park",87,7,,false
17,38,0,NONE,"ufc5BiPL","Piece of cake",96,4,,false
17,38,0,NONE,"EeViEmBC","Piece of cake",86,4,,true
17,38,0,NONE,"V79WAPug","Quite likely",89,4,,false
17,38,0,NONE,"bTTutI6v","Walk in the park",114,5,,false
17,38,0,NONE,"AhvbJ5GW","Walk in the park",91,5,,false
17,38,0,NONE,"HUPvyhC6","Playing with fire",107,5,,false
17,38,0,NONE,"liBzDDjP","Hmmm....",71,5,,false
17,38,0,NONE,"pRQ8lMrI","Piece of cake",99,6,,false
17,38,0,NONE,"Lq636DpB","Walk in the park",87,6,,false
17,38,0,NONE,"vycxwKkK","Rather detrimental",92,7,,false
17,39,0,NONE,"ufc5BiPL","Piece of cake",96,3,,false
17,39,0,NONE,"V79WAPug","Quite likely",89,3,,false
17,39,0,NONE,"bTTutI6v","Walk in the park",114,4,,false
17,39,0,NONE,"AhvbJ5GW","Walk in the park",91,4,,false
17,39,0,NONE,"HUPvyhC6","Playing with fire",107,4,,false
17,39,0,NONE,"liBzDDjP","Hmmm....",71,4,,false
17,39,0,NONE,"pRQ8lMrI","Piece of cake",99,5,,true
17,39,0,NONE,"Lq636DpB","Walk in the park",87,5,,false
17,39,0,NONE,"vycxwKkK","Rather detrimental",92,6,,false
17,39,0,NONE,"z8AHEnqF","Rather detrimental",74,7,,false
17,40,0,NONE,"ufc5BiPL","Piece of cake",96,2,,true
17,40,0,NONE,"V79WAPug","Quite likely",89,2,,false
17,40,0,NONE,"bTTutI6v","Walk in the park",114,3,,false
17,40,0,NONE,"AhvbJ5GW","Walk in the park",91,3,,false
17,40,0,NONE,"HUPvyhC6","Playing with fire",107,3,,false
17,40,0,NONE,"liBzDDjP","Hmmm....",71,3,,false
17,40,0,NONE,"Lq636DpB","Walk in the park",87,4,,false
17,40,0,NONE,"vycxwKkK","Rather detrimental",92,5,,false
17,40,0,NONE,"z8AHEnqF","Rather detrimental",74,6,,false
17,40,0,NONE,"OPgx3mlh","Playing with fire",82,7,,false
17,41,0,NONE,"V79WAPug","Quite likely",89,1,,false
17,41,0,NONE,"bTTutI6v","Walk in the park",114,2,,false
17,41,0,NONE,"AhvbJ5GW","Walk in the park",91,2,,true
17,41,0,NONE,"HUPvyhC6","Playing with fire",107,2,,false
17,41,0,NONE,"liBzDDjP","Hmmm....",71,2,,false
17,41,0,NONE,"Lq636DpB","Walk in the park",87,3,,false
17,41,0,NONE,"vycxwKkK","Rather detrimental",92,4,,false
17,41,0,NONE,"z8AHEnqF","Rather detrimental",74,5,,false
17,41,0,NONE,"OPgx3mlh","Playing with fire",82,6,,false
17,41,0,NONE,"laqWyBMU","Hmmm....",81,7,,false
17,42,0,NONE,"bTTutI6v","Walk in the park",114,1,,false
17,42,0,NONE,"HUPvyhC6","Playing with fire",107,1,,true
17,42,0,NONE,"liBzDDjP","Hmmm....",71,1,,false
17,42,0,NONE,"Lq636DpB","Walk in the park",87,2,,false
17,42,0,NONE,"vycxwKkK","Rather detrimental",92,3,,false
17,42,0,NONE,"z8AHEnqF","Rather detrimental",74,4,,false
17,42,0,NONE,"OPgx3mlh","Playing with fire",82,5,,false
17,42,0,NONE,"laqWyBMU","Hmmm....",81,6,,false
17,42,0,NONE,"37um384V","Walk in the park",91,7,,false
17,42,0,NONE,"mY49nRKI","Hmmm....",86,7,,false
17,43,0,NONE,"Lq636DpB","Walk in the park",87,1,,true
17,43,0,NONE,"vycxwKkK","Rather detrimental",92,2,,false
17,43,0,NONE,"z8AHEnqF","Rather detrimental",74,3,,false
17,43,0,NONE,"OPgx3mlh","Playing with fire",82,4,,false
17,43,0,NONE,"laqWyBMU","Hmmm....",81,5,,false
17,43,0,NONE,"37um384V","Walk in the park",91,6,,false
17,43,0,NONE,"mY49nRKI","Hmmm....",86,6,,false
17,43,0,NONE,"iZxnFYoD","Hmmm....",88,7,,false
17,43,0,NONE,"bLh9aChw","Risky",69,7,,false
17,43,0,NONE,"vK3tvTyE","Walk in the park",85,7,,false
17,44,0,NONE,"vycxwKkK","Rather detrimental",92,1,,false
17,44,0,NONE,"z8AHEnqF","Rather detrimental",74,2,,false
17,44,0,NONE,"OPgx3mlh","Playing with fire",82,3,,false
17,44,0,NONE,"laqWyBMU","Hmmm....",81,4,,false
17,44,0,NONE,"37um384V","Walk in the park",91,5,,false
17,44,0,NONE,"mY49nRKI","Hmmm....",86,5,,false
17,44,0,NONE,"iZxnFYoD","Hmmm....",88,6,,false
17,44,0,NONE,"bLh9aChw","Risky",69,6,,false
17,44,0,NONE,"vK3tvTyE","Walk in the park",85,6,,false
17,44,0,NONE,"P68C0KY7","Rather detrimental",67,7,,true
17,46,0,NONE,"OPgx3mlh","Playing with fire",82,1,,false
17,46,0,NONE,"laqWyBMU","Hmmm....",81,2,,false
17,46,0,NONE,"37um384V","Walk in the park",91,3,,true
17,46,0,NONE,"mY49nRKI","Hmmm....",86,3,,false
17,46,0,NONE,"iZxnFYoD","Hmmm....",88,4,,false
17,46,0,NONE,"bLh9aChw","Risky",69,4,,false
17,46,0,NONE,"vK3tvTyE","Walk in the park",85,4,,false
17,46,0,NONE,"SnWzf01I","Hmmm....",75,6,,false
17,46,0,NONE,"Hn8IH5cH","Quite likely",91,6,,false
17,46,0,NONE,"YX9uzqDg","Suicide mission",71,7,,false
17,47,0,NONE,"laqWyBMU","Hmmm....",81,1,,false
17,47,0,NONE,"mY49nRKI","Hmmm....",86,2,,false
17,47,0,NONE,"iZxnFYoD","Hmmm....",88,3,,false
17,47,0,NONE,"bLh9aChw","Risky",69,3,,false
17,47,0,NONE,"vK3tvTyE","Walk in the park",85,3,,false
17,47,0,NONE,"SnWzf01I","Hmmm....",75,5,,false
17,47,0,NONE,"Hn8IH5cH","Quite likely",91,5,,false
17,47,0,NONE,"YX9uzqDg","Suicide mission",71,6,,false
17,47,0,NONE,"lKhleM0r","Hmmm....",77,7,,true
17,47,0,NONE,"PY9i2WuC","Gamble",69,7,,false
17,49,0,NONE,"iZxnFYoD","Hmmm....",88,1,,false
17,49,0,NONE,"bLh9aChw","Risky",69,1,,false
17,49,0,NONE,"vK3tvTyE","Walk in the park",85,1,,false
17,49,0,NONE,"SnWzf01I","Hmmm....",75,3,,true
17,49,0,NONE,"Hn8IH5cH","Quite likely",91,3,,false
17,49,0,NONE,"YX9uzqDg","Suicide mission",71,4,,false
17,49,0,NONE,"PY9i2WuC","Gamble",69,5,,false
17,49,0,NONE,"MfTAHIZp","Rather detrimental",53,6,,false
17,49,0,NONE,"fgYMrYuU","Suicide mission",62,6,,false
17,49,0,NONE,"27TQMxVb","Suicide mission",64,7,,false
18,0,0,NONE,"JIeGMFga","Sure thing",12,7,,true
18,0,0,NONE,"JvISAAcQ","Piece of cake",4,7,,false
18,0,0,NONE,"RIuF66L1","Walk in the park",17,7,,false
18,0,0,NONE,"paUwrOd9","Piece of cake",9,7,,false
18,0,0,NONE,"VEOo4NJF","Piece of cake",9,7,,false
18,0,0,NONE,"V9cMS70a","Playing with fire",40,7,,false
18,0,0,NONE,"IrJmA8q0","Piece of cake",46,7,,false
18,0,0,NONE,"ChgcyW2b","Walk in the park",2,7,,false
18,0,0,NONE,"vzvqVo6R","Rather detrimental",21,7,,false
18,0,0,NONE,"B9uCi4Sa","Piece of cake",17,7,,false
18,1,0,NONE,"JvISAAcQ","Piece of cake",4,6,,false
18,1,0,NONE,"RIuF66L1","Walk in the park",17,6,,false
18,1,0,NONE,"paUwrOd9","Piece of cake",9,6,,false
18,1,0,NONE,"VEOo4NJF","Piece of cake",9,6,,false
18,1,0,NONE,"V9cMS70a","Playing with fire",40,6,,false
18,1,0,NONE,"IrJmA8q0","Piece of cake",46,6,,false
18,1,0,NONE,"ChgcyW2b","Walk in the park",2,6,,false
18,1,0,NONE,"vzvqVo6R","Rather detrimental",21,6,,false
18,1,0,NONE,"B9uCi4Sa","Piece of cake",17,6,,true
18,1,0,NONE,"dMoXYOY7","Hmmm....",7,7,,false
18,2,0,NONE,"JvISAAcQ","Piece of cake",4,5,,false
18,2,0,NONE,"RIuF66L1","Walk in the park",17,5,,false
18,2,0,NONE,"paUwrOd9","Piece of cake",9,5,,false
18,2,0,NONE,"VEOo4NJF","Piece of cake",9,5,,false
18,2,0,NONE,"V9cMS70a","Playing with fire",40,5,,false
18,2,0,NONE,"IrJmA8q0","Piece of cake",46,5,,true
18,2,0,NONE,"ChgcyW2b","Walk in the park",2,5,,false
18,2,0,NONE,"vzvqVo6R","Rather detrimental",21,5,,false
18,2,0,NONE,"dMoXYOY7","Hmmm....",7,6,,false
18,2,0,NONE,"2IsOzPhE","Walk in the park",25,7,,false
18,3,0,NONE,"JvISAAcQ","Piece of cake",4,4,,true
18,3,0,NONE,"RIuF66L1","Walk in the park",17,4,,false
18,3,0,NONE,"paUwrOd9","Piece of cake",9,4,,false
18,3,0,NONE,"VEOo4NJF","Piece of cake",9,4,,false
18,3,0,NONE,"V9cMS70a","Playing with fire",40,4,,false
18,3,0,NONE,"ChgcyW2b","Walk in the park",2,4,,false
18,3,0,NONE,"vzvqVo6R","Rather detrimental",21,4,,false
18,3,0,NONE,"dMoXYOY7","Hmmm....",7,5,,false
18,3,0,NONE,"2IsOzPhE","Walk in the park",25,6,,false
18,3,0,NONE,"T3Ns4SGb","Risky",19,7,,false
18,4,0,NONE,"RIuF66L1","Walk in the park",17,3,,false
18,4,0,NONE,"paUwrOd9","Piece of cake",9,3,,false
18,4,0,NONE,"VEOo4NJF","Piece of cake",9,3,,false
18,4,0,NONE,"V9cMS70a","Playing with fire",40,3,,false
18,4,0,NONE,"ChgcyW2b","Walk in the park",2,3,,false
18,4,0,NONE,"vzvqVo6R","Rather detrimental",21,3,,false
18,4,0,NONE,"dMoXYOY7","Hmmm....",7,4,,false
18,4,0,NONE,"2IsOzPhE","Walk in the park",25,5,,false
18,4,0,NONE,"T3Ns4SGb","Risky",19,6,,false
18,4,0,NONE,"K5jZgMFW","Sure thing",7,7,,true
18,5,0,NONE,"RIuF66L1","Walk in the park",17,2,,false
18,5,0,NONE,"paUwrOd9","Piece of cake",9,2,,false
18,5,0,NONE,"VEOo4NJF","Piece of cake",9,2,,true
18,5,0,NONE,"V9cMS70a","Playing with fire",40,2,,false
18,5,0,NONE,"ChgcyW2b","Walk in the park",2,2,,false
18,5,0,NONE,"vzvqVo6R","Rather detrimental",21,2,,false
18,5,0,NONE,"dMoXYOY7","Hmmm....",7,3,,false
18,5,0,NONE,"2IsOzPhE","Walk in the park",25,4,,false
18,5,0,NONE,"T3Ns4SGb","Risky",19,5,,false
18,5,0,NONE,"J0YiE7gX","Playing with fire",58,7,,false
18,6,0,NONE,"RIuF66L1","Walk in the park",17,1,,false
18,6,0,NONE,"paUwrOd9","Piece of cake",9,1,,false
18,6,0,NONE,"V9cMS70a","Playing with fire",40,1,,true
18,6,0,NONE,"ChgcyW2b","Walk in the park",2,1,,false
18,6,0,NONE,"vzvqVo6R","Rather detrimental",21,1,,false
18,6,0,NONE,"dMoXYOY7","Hmmm....",7,2,,false
18,6,0,NONE,"2IsOzPhE","Walk in the park",25,3,,false
18,6,0,NONE,"T3Ns4SGb","Risky",19,4,,false
18,6,0,NONE,"J0YiE7gX","Playing with fire",58,6,,false
18,6,0,NONE,"ZrQepAWX","Piece of cake",17,7,,false
18,7,0,NONE,"dMoXYOY7","Hmmm....",7,1,,false
18,7,0,NONE,"2IsOzPhE","Walk in the park",25,2,,false
18,7,0,NONE,"T3Ns4SGb","Risky",19,3,,false
18,7,0,NONE,"J0YiE7gX","Playing with fire",58,5,,false
18,7,0,NONE,"ZrQepAWX","Piece of cake",17,6,,false
18,7,0,NONE,"iU1aub52","Sure thing",21,7,,false
18,7,0,NONE,"rbQDuF74","Piece of cake",59,7,,false
18,7,0,NONE,"Lvh5KzmB","Hmmm....",20,7,,true
18,7,0,NONE,"baPUlArr","Gamble",24,7,,false
18,7,0,NONE,"H2OhzdIM","Piece of cake",16,7,,false
18,9,0,NONE,"T3Ns4SGb","Risky",19,1,,false
18,9,0,NONE,"J0YiE7gX","Playing with fire",58,3,,false
18,9,0,NONE,"ZrQepAWX","Piece of cake",17,4,,false
18,9,0,NONE,"iU1aub52","Sure thing",21,5,,true
18,9,0,NONE,"rbQDuF74","Piece of cake",59,5,,false
18,9,0,NONE,"baPUlArr","Gamble",24,5,,false
18,9,0,NONE,"H2OhzdIM","Piece of cake",16,5,,false
18,9,0,NONE,"IDjQYHBN","Gamble",63,6,,false
18,9,0,NONE,"jbPynVRx","Gamble",32,6,,false
18,9,0,NONE,"Ke1VpiGL","Piece of cake",52,7,,false
18,10,0,NONE,"J0YiE7gX","Playing with fire",58,2,,false
18,10,0,NONE,"ZrQepAWX","Piece of cake",17,3,,false
18,10,0,NONE,"rbQDuF74","Piece of cake",59,4,,false
18,10,0,NONE,"baPUlArr","Gamble",24,4,,false
18,10,0,NONE,"H2OhzdIM","Piece of cake",16,4,,true
18,10,0,NONE,"IDjQYHBN","Gamble",63,5,,false
18,10,0,NONE,"jbPynVRx","Gamble",32,5,,false
18,10,0,NONE,"Ke1VpiGL","Piece of cake",52,6,,false
18,10,0,NONE,"znJl9hmx","Walk in the park",21,7,,false
18,10,0,NONE,"vKtNftRK","Piece of cake",47,7,,false
18,11,0,NONE,"J0YiE7gX","Playing with fire",58,1,,false
18,11,0,NONE,"ZrQepAWX","Piece of cake",17,2,,false
18,11,0,NONE,"rbQDuF74","Piece of cake",59,3,,false
18,11,0,NONE,"baPUlArr","Gamble",24,3,,false
18,11,0,NONE,"IDjQYHBN","Gamble",63,4,,false
18,11,0,NONE,"jbPynVRx","Gamble",32,4,,false
18,11,0,NONE,"Ke1VpiGL","Piece of cake",52,5,,true
18,11,0,NONE,"znJl9hmx","Walk in the park",21,6,,false
18,11,0,NONE,"vKtNftRK","Piece of cake",47,6,,false
18,11,0,NONE,"Ie39i3Qm","Quite likely",23,7,,false
18,12,0,NONE,"ZrQepAWX","Piece of cake",17,1,,false
18,12,0,NONE,"rbQDuF74","Piece of cake",59,2,,false
18,12,0,NONE,"baPUlArr","Gamble",24,2,,false
18,12,0,NONE,"IDjQYHBN","Gamble",63,3,,false
18,12,0,NONE,"jbPynVRx","Gamble",32,3,,false
18,12,0,NONE,"znJl9hmx","Walk in the park",21,5,,false
18,12,0,NONE,"vKtNftRK","Piece of cake",47,5,,false
18,12,0,NONE,"Ie39i3Qm","Quite likely",23,6,,false
18,12,0,NONE,"kyZNfFh5","Piece of cake",46,7,,true
18,12,0,NONE,"NPXPNkRt","Quite likely",27,7,,false
18,13,0,NONE,"rbQDuF74","Piece of cake",59,1,,false
18,13,0,NONE,"baPUlArr","Gamble",24,1,,false
18,13,0,NONE,"IDjQYHBN","Gamble",63,2,,false
18,13,0,NONE,"jbPynVRx","Gamble",32,2,,false
18,13,0,NONE,"znJl9hmx","Walk in the park",21,4,,false
18,13,0,NONE,"vKtNftRK","Piece of cake",47,4,,true
18,13,0,NONE,"Ie39i3Qm","Quite likely",23,5,,false
18,13,0,NONE,"NPXPNkRt","Quite likely",27,6,,false
18,13,0,NONE,"uaVwNWMt","Sure thing",51,7,,false
18,13,0,NONE,"Yl63S22z","Rather detrimental",51,7,,false
18,14,0,NONE,"IDjQYHBN","Gamble",63,1,,false
18,14,0,NONE,"jbPynVRx","Gamble",32,1,,false
18,14,0,NONE,"znJl9hmx","Walk in the park",21,3,,false
18,14,0,NONE,"Ie39i3Qm","Quite likely",23,4,,false
18,14,0,NONE,"NPXPNkRt","Quite likely",27,5,,false
18,14,0,NONE,"uaVwNWMt","Sure thing",51,6,,true
18,14,0,NONE,"Yl63S22z","Rather detrimental",51,6,,false
18,14,0,NONE,"wOUhuv2z","Hmmm....",38,7,,false
18,14,0,NONE,"k7QKr3i7","Walk in the park",22,7,,false
18,14,0,NONE,"UiA7K9ao","Walk in the park",25,7,,false
18,15,0,NONE,"znJl9hmx","Walk in the park",21,2,,false
18,15,0,NONE,"Ie39i3Qm","Quite likely",23,3,,false
18,15,0,NONE,"NPXPNkRt","Quite likely",27,4,,false
18,15,0,NONE,"Yl63S22z","Rather detrimental",51,5,,false
18,15,0,NONE,"wOUhuv2z","Hmmm....",38,6,,false
18,15,0,NONE,"k7QKr3i7","Walk in the park",22,6,,false
18,15,0,NONE,"UiA7K9ao","Walk in the park",25,6,,false
18,15,0,NONE,"bL9rLqjE","Piece of cake",40,7,,true
18,15,0,NONE,"siANAtUT","Risky",15,7,,false
18,15,0,NONE,"6QOKv7oZ","Quite likely",70,7,,false
18,16,0,NONE,"znJl9hmx","Walk in the park",21,1,,false
18,16,0,NONE,"Ie39i3Qm","Quite likely",23,2,,false
18,16,0,NONE,"NPXPNkRt","Quite likely",27,3,,false
18,16,0,NONE,"Yl63S22z","Rather detrimental",51,4,,false
18,16,0,NONE,"wOUhuv2z","Hmmm....",38,5,,false
18,16,0,NONE,"k7QKr3i7","Walk in the park",22,5,,false
18,16,0,NONE,"UiA7K9ao","Walk in the park",25,5,,true
18,16,0,NONE,"siANAtUT","Risky",15,6,,false
18,16,0,NONE,"6QOKv7oZ","Quite likely",70,6,,false
18,16,0,NONE,"mxr0vsib","Gamble",26,7,,false
18,17,0,NONE,"Ie39i3Qm","Quite likely",23,1,,true
18,17,0,NONE,"NPXPNkRt","Quite likely",27,2,,false
18,17,0,NONE,"Yl63S22z","Rather detrimental",51,3,,false
18,17,0,NONE,"wOUhuv2z","Hmmm....",38,4,,false
18,17,0,NONE,"k7QKr3i7","Walk in the park",22,4,,false
18,17,0,NONE,"siANAtUT","Risky",15,5,,false
18,17,0,NONE,"6QOKv7oZ","Quite likely",70,5,,false
18,17,0,NONE,"mxr0vsib","Gamble",26,6,,false
18,17,0,NONE,"dO8iuMIO","Quite likely",24,7,,false
18,17,0,NONE,"C83C0cgB","Rather detrimental",81,7,,false
18,18,0,NONE,"NPXPNkRt","Quite likely",27,1,,true
18,18,0,NONE,"Yl63S22z","Rather detrimental",51,2,,false
18,18,0,NONE,"wOUhuv2z","Hmmm....",38,3,,false
18,18,0,NONE,"k7QKr3i7","Walk in the park",22,3,,false
18,18,0,NONE,"siANAtUT","Risky",15,4,,false
18,18,0,NONE,"6QOKv7oZ","Quite likely",70,4,,false
18,18,0,NONE,"mxr0vsib","Gamble",26,5,,false
18,18,0,NONE,"dO8iuMIO","Quite likely",24,6,,false
18,18,0,NONE,"C83C0cgB","Rather detrimental",81,6,,false
18,18,0,NONE,"di5aUf4s","Gamble",150,3,1,false
18,20,0,NONE,"wOUhuv2z","Hmmm....",38,1,,false
18,20,0,NONE,"k7QKr3i7","Walk in the park",22,1,,false
18,20,0,NONE,"siANAtUT","Risky",15,2,,false
18,20,0,NONE,"6QOKv7oZ","Quite likely",70,2,,false
18,20,0,NONE,"mxr0vsib","Gamble",26,3,,true
18,20,0,NONE,"dO8iuMIO","Quite likely",24,4,,false
18,20,0,NONE,"C83C0cgB","Rather detrimental",81,4,,false
18,20,0,NONE,"di5aUf4s","Gamble",150,1,1,false
18,20,0,NONE,"TrJvzEzI","Quite likely",46,6,,false
18,20,0,NONE,"bWOTMSY4","Playing with fire",150,3,1,false
18,21,0,NONE,"siANAtUT","Risky",15,1,,false
18,21,0,NONE,"6QOKv7oZ","Quite likely",70,1,,false
18,21,0,NONE,"dO8iuMIO","Quite likely",24,3,,false
18,21,0,NONE,"C83C0cgB","Rather detrimental",81,3,,false
18,21,0,NONE,"TrJvzEzI","Quite likely",46,5,,false
18,21,0,NONE,"bWOTMSY4","Playing with fire",150,2,1,false
18,21,0,NONE,"uJq4IidL","Rather detrimental",127,2,1,false
18,21,0,NONE,"N5tnS9lg","Playing with fire",139,2,1,false
18,21,0,NONE,"yWHe0Dds","Risky",107,7,,true
18,21,0,NONE,"2YfozCSX","Suicide mission",154,2,1,false
18,23,0,NONE,"dO8iuMIO","Quite likely",24,1,,false
18,23,0,NONE,"C83C0cgB","Rather detrimental",81,1,,false
18,23,0,NONE,"TrJvzEzI","Quite likely",46,3,,true
18,23,0,NONE,"vM7FRmyj","Walk in the park",148,2,1,false
18,23,0,NONE,"ZLqraUZm","Gamble",66,6,,false
18,23,0,NONE,"nuuzUkxm","Sure thing",110,6,,false
18,23,0,NONE,"cIbKOHMF","Hmmm....",56,7,,false
18,23,0,NONE,"A86R7lyb","Walk in the park",42,7,,false
18,23,0,NONE,"T1mfqcTz","Risky",75,7,,false
18,23,0,NONE,"OTyptWbw","Risky",64,7,,false
18,24,0,NONE,"vM7FRmyj","Walk in the park",148,1,1,true
18,24,0,NONE,"ZLqraUZm","Gamble",66,5,,false
18,24,0,NONE,"nuuzUkxm","Sure thing",110,5,,false
18,24,0,NONE,"cIbKOHMF","Hmmm....",56,6,,false
18,24,0,NONE,"A86R7lyb","Walk in the park",42,6,,false
18,24,0,NONE,"T1mfqcTz","Risky",75,6,,false
18,24,0,NONE,"OTyptWbw","Risky",64,6,,false
18,24,0,NONE,"FkASqdcO","Quite likely",61,7,,false
18,24,0,NONE,"iEJDFRUI","Quite likely",45,7,,false
18,24,0,NONE,"kQq6iCPf","Quite likely",102,7,,false
18,25,0,NONE,"ZLqraUZm","Gamble",66,4,,false
18,25,0,NONE,"nuuzUkxm","Sure thing",110,4,,true
18,25,0,NONE,"cIbKOHMF","Hmmm....",56,5,,false
18,25,0,NONE,"A86R7lyb","Walk in the park",42,5,,false
18,25,0,NONE,"T1mfqcTz","Risky",75,5,,false
18,25,0,NONE,"OTyptWbw","Risky",64,5,,false
18,25,0,NONE,"FkASqdcO","Quite likely",61,6,,false
18,25,0,NONE,"iEJDFRUI","Quite likely",45,6,,false
18,25,0,NONE,"kQq6iCPf","Quite likely",102,6,,false
18,25,0,NONE,"Rz1FoNM6","Rather detrimental",137,2,1,false
18,26,0,NONE,"ZLqraUZm","Gamble",66,3,,false
18,26,0,NONE,"cIbKOHMF","Hmmm....",56,4,,false
18,26,0,NONE,"A86R7lyb","Walk in the park",42,4,,true
18,26,0,NONE,"T1mfqcTz","Risky",75,4,,false
18,26,0,NONE,"OTyptWbw","Risky",64,4,,false
18,26,0,NONE,"FkASqdcO","Quite likely",61,5,,false
18,26,0,NONE,"iEJDFRUI","Quite likely",45,5,,false
18,26,0,NONE,"kQq6iCPf","Quite likely",102,5,,false
18,26,0,NONE,"Rz1FoNM6","Rather detrimental",137,1,1,false
18,26,0,NONE,"wIOXXWbM","Suicide mission",144,3,1,false
18,27,0,NONE,"ZLqraUZm","Gamble",66,2,,false
18,27,0,NONE,"cIbKOHMF","Hmmm....",56,3,,false
18,27,0,NONE,"T1mfqcTz","Risky",75,3,,false
18,27,0,NONE,"OTyptWbw","Risky",64,3,,false
18,27,0,NONE,"FkASqdcO","Quite likely",61,4,,true
18,27,0,NONE,"iEJDFRUI","Quite likely",45,4,,false
18,27,0,NONE,"kQq6iCPf","Quite likely",102,4,,false
18,27,0,NONE,"wIOXXWbM","Suicide mission",144,2,1,false
18,27,0,NONE,"tpJMkDoA","Impossible",111,2,2,false
18,27,0,NONE,"VNlhWVa5","Impossible",99,2,2,false
18,28,0,NONE,"ZLqraUZm","Gamble",66,1,,false
18,28,0,NONE,"cIbKOHMF","Hmmm....",56,2,,false
18,28,0,NONE,"T1mfqcTz","Risky",75,2,,false
18,28,0,NONE,"OTyptWbw","Risky",64,2,,false
18,28,0,NONE,"iEJDFRUI","Quite likely",45,3,,true
18,28,0,NONE,"kQq6iCPf","Quite likely",102,3,,false
18,28,0,NONE,"wIOXXWbM","Suicide mission",144,1,1,false
18,28,0,NONE,"tpJMkDoA","Impossible",111,1,2,false
18,28,0,NONE,"VNlhWVa5","Impossible",99,1,2,false
18,28,0,NONE,"AhSo59PC","Suicide mission",99,2,2,false
18,29,0,NONE,"cIbKOHMF","Hmmm....",56,1,,false
18,29,0,NONE,"T1mfqcTz","Risky",75,1,,false
18,29,0,NONE,"OTyptWbw","Risky",64,1,,false
18,29,0,NONE,"kQq6iCPf","Quite likely",102,2,,true
18,29,0,NONE,"AhSo59PC","Suicide mission",99,1,2,false
18,29,0,NONE,"J7CCb0VX","Suicide mission",100,2,2,false
18,29,0,NONE,"75azGDHb","Suicide mission",118,2,2,false
18,29,0,NONE,"CI5o6YTL","Suicide mission",112,2,2,false
18,29,0,NONE,"3m2g1DYU","Impossible",103,2,2,false
18,29,0,NONE,"vNi3gGyR","Suicide mission",98,2,2,false
18,30,0,NONE,"J7CCb0VX","Suicide mission",100,1,2,false
18,30,0,NONE,"75azGDHb","Suicide mission",118,1,2,false
18,30,0,NONE,"CI5o6YTL","Suicide mission",112,1,2,false
18,30,0,NONE,"3m2g1DYU","Impossible",103,1,2,false
18,30,0,NONE,"vNi3gGyR","Suicide mission",98,1,2,false
18,30,0,NONE,"6mswzcr3","Walk in the park",105,7,,false
18,30,0,NONE,"n4Gxqthh","Walk in the park",92,7,,false
18,30,0,NONE,"TXh4GUnr","Rather detrimental",123,3,1,false
18,30,0,NONE,"0ssj1uy7","Gamble",139,2,1,false
18,30,0,NONE,"PQmUYjho","Piece of cake",96,7,,true
18,31,0,NONE,"6mswzcr3","Walk in the park",105,6,,false
18,31,0,NONE,"n4Gxqthh","Walk in the park",92,6,,false
18,31,0,NONE,"TXh4GUnr","Rather detrimental",123,2,1,false
18,31,0,NONE,"0ssj1uy7","Gamble",139,1,1,false
18,31,0,NONE,"VDmun7y2","Quite likely",84,7,,false
18,31,0,NONE,"h3aU5j4u","Piece of cake",100,7,,true
18,31,0,NONE,"7K1yv6k9","Walk in the park",94,7,,false
18,31,0,NONE,"unqZSJ5D","Piece of cake",112,7,,false
18,31,0,NONE,"54w5cinz","Playing with fire",140,2,1,false
18,31,0,NONE,"Xo66qYrm","Hmmm....",98,2,1,false
18,32,0,NONE,"6mswzcr3","Walk in the park",105,5,,false
18,32,0,NONE,"n4Gxqthh","Walk in the park",92,5,,false
18,32,0,NONE,"TXh4GUnr","Rather detrimental",123,1,1,false
18,32,0,NONE,"VDmun7y2","Quite likely",84,6,,false
18,32,0,NONE,"7K1yv6k9","Walk in the park",94,6,,false
18,32,0,NONE,"unqZSJ5D","Piece of cake",112,6,,true
18,32,0,NONE,"54w5cinz","Playing with fire",140,1,1,false
18,32,0,NONE,"Xo66qYrm","Hmmm....",98,1,1,false
18,32,0,NONE,"Xv2S3B0v","Suicide mission",131,2,1,false
18,32,0,NONE,"wyx32QsH","Suicide mission",104,3,1,false
18,33,0,NONE,"6mswzcr3","Walk in the park",105,4,,false
18,33,0,NONE,"n4Gxqthh","Walk in the park",92,4,,false
18,33,0,NONE,"VDmun7y2","Quite likely",84,5,,false
18,33,0,NONE,"7K1yv6k9","Walk in the park",94,5,,false
18,33,0,NONE,"Xv2S3B0v","Suicide mission",131,1,1,false
18,33,0,NONE,"wyx32QsH","Suicide mission",104,2,1,false
18,33,0,NONE,"rEhZTb2s","Suicide mission",134,2,1,false
18,33,0,NONE,"bNvAhuEm","Risky",130,2,1,false
18,33,0,NONE,"VCMTQcGx","Quite likely",81,7,,false
18,33,0,NONE,"LJdXWDIg","Piece of cake",95,7,,true
18,34,0,NONE,"6mswzcr3","Walk in the park",105,3,,true
18,34,0,NONE,"n4Gxqthh","Walk in the park",92,3,,false
18,34,0,NONE,"VDmun7y2","Quite likely",84,4,,false
18,34,0,NONE,"7K1yv6k9","Walk in the park",94,4,,false
18,34,0,NONE,"wyx32QsH","Suicide mission",104,1,1,false
18,34,0,NONE,"rEhZTb2s","Suicide mission",134,1,1,false
18,34,0,NONE,"bNvAhuEm","Risky",130,1,1,false
18,34,0,NONE,"VCMTQcGx","Quite likely",81,6,,false
18,34,0,NONE,"3rUwhhF3","Suicide mission",159,2,1,false
18,34,0,NONE,"coGzyKBQ","Walk in the park",79,7,,false
18,35,0,NONE,"n4Gxqthh","Walk in the park",92,2,,false
18,35,0,NONE,"VDmun7y2","Quite likely",84,3,,false
18,35,0,NONE,"7K1yv6k9","Walk in the park",94,3,,false
18,35,0,NONE,"VCMTQcGx","Quite likely",81,5,,false
18,35,0,NONE,"3rUwhhF3","Suicide mission",159,1,1,false
18,35,0,NONE,"coGzyKBQ","Walk in the park",79,6,,false
18,35,0,NONE,"gCouYxyb","Walk in the park",72,7,,false
18,35,0,NONE,"uNCqsYle","Piece of cake",84,7,,false
18,35,0,NONE,"amAbUj5w","Piece of cake",97,7,,true
18,35,0,NONE,"9ZDIC9wQ","Quite likely",80,7,,false
18,36,0,NONE,"n4Gxqthh","Walk in the park",92,1,,false
18,36,0,NONE,"VDmun7y2","Quite likely",84,2,,false
18,36,0,NONE,"7K1yv6k9","Walk in the park",94,2,,false
18,36,0,NONE,"VCMTQcGx","Quite likely",81,4,,false
18,36,0,NONE,"coGzyKBQ","Walk in the park",79,5,,false
18,36,0,NONE,"gCouYxyb","Walk in the park",72,6,,true
18,36,0,NONE,"uNCqsYle","Piece of cake",84,6,,false
18,36,0,NONE,"9ZDIC9wQ","Quite likely",80,6,,false
18,36,0,NONE,"JvNVDp1X","Playing with fire",84,7,,false
18,36,0,NONE,"8vV3OfMP","Hmmm....",101,7,,false
18,37,0,NONE,"VDmun7y2","Quite likely",84,1,,false
18,37,0,NONE,"7K1yv6k9","Walk in the park",94,1,,false
18,37,0,NONE,"VCMTQcGx","Quite likely",81,3,,false
18,37,0,NONE,"coGzyKBQ","Walk in the park",79,4,,false
18,37,0,NONE,"uNCqsYle","Piece of cake",84,5,,false
18,37,0,NONE,"9ZDIC9wQ","Quite likely",80,5,,true
18,37,0,NONE,"JvNVDp1X","Playing with fire",84,6,,false
18,37,0,NONE,"8vV3OfMP","Hmmm....",101,6,,false
18,37,0,NONE,"A0nBPih4","Suicide mission",90,7,,false
18,37,0,NONE,"raRJXwYM","Gamble",73,7,,false
18,38,0,NONE,"VCMTQcGx","Quite likely",81,2,,false
18,38,0,NONE,"coGzyKBQ","Walk in the park",79,3,,false
18,38,0,NONE,"uNCqsYle","Piece of cake",84,4,,true
18,38,0,NONE,"JvNVDp1X","Playing with fire",84,5,,false
18,38,0,NONE,"8vV3OfMP","Hmmm....",101,5,,false
18,38,0,NONE,"A0nBPih4","Suicide mission",90,6,,false
18,38,0,NONE,"raRJXwYM","Gamble",73,6,,false
18,38,0,NONE,"041QRYnB","Risky",77,7,,false
18,38,0,NONE,"82JaNIIf","Hmmm....",95,7,,false
18,38,0,NONE,"wUSneq8d","Piece of cake",90,7,,false
18,39,0,NONE,"VCMTQcGx","Quite likely",81,1,,false
18,39,0,NONE,"coGzyKBQ","Walk in the park",79,2,,false
18,39,0,NONE,"JvNVDp1X","Playing with fire",84,4,,false
18,39,0,NONE,"8vV3OfMP","Hmmm....",101,4,,false
18,39,0,NONE,"A0nBPih4","Suicide mission",90,5,,false
18,39,0,NONE,"raRJXwYM","Gamble",73,5,,false
18,39,0,NONE,"041QRYnB","Risky",77,6,,false
18,39,0,NONE,"82JaNIIf","Hmmm....",95,6,,false
18,39,0,NONE,"wUSneq8d","Piece of cake",90,6,,false
18,39,0,NONE,"hXtvO4nT","Quite likely",87,7,,true
18,40,0,NONE,"coGzyKBQ","Walk in the park",79,1,,false
18,40,0,NONE,"JvNVDp1X","Playing with fire",84,3,,false
18,40,0,NONE,"8vV3OfMP","Hmmm....",101,3,,false
18,40,0,NONE,"A0nBPih4","Suicide mission",90,4,,false
18,40,0,NONE,"raRJXwYM","Gamble",73,4,,false
18,40,0,NONE,"041QRYnB","Risky",77,5,,false
18,40,0,NONE,"82JaNIIf","Hmmm....",95,5,,false
18,40,0,NONE,"wUSneq8d","Piece of cake",90,5,,true
18,40,0,NONE,"eDBHeCNu","Quite likely",75,7,,false
18,40,0,NONE,"NXk7z7lj","Rather detrimental",97,7,,false
18,41,0,NONE,"JvNVDp1X","Playing with fire",84,2,,false
18,41,0,NONE,"8vV3OfMP","Hmmm....",101,2,,false
18,41,0,NONE,"A0nBPih4","Suicide mission",90,3,,false
18,41,0,NONE,"raRJXwYM","Gamble",73,3,,false
18,41,0,NONE,"041QRYnB","Risky",77,4,,false
18,41,0,NONE,"82JaNIIf","Hmmm....",95,4,,false
18,41,0,NONE,"eDBHeCNu","Quite likely",75,6,,true
18,41,0,NONE,"NXk7z7lj","Rather detrimental",97,6,,false
18,41,0,NONE,"l4kwpPC8","Quite likely",83,7,,false
18,41,0,NONE,"K3oxnkCd","Gamble",98,7,,false
18,42,0,NONE,"JvNVDp1X","Playing with fire",84,1,,false
18,42,0,NONE,"8vV3OfMP","Hmmm....",101,1,,true
18,42,0,NONE,"A0nBPih4","Suicide mission",90,2,,false
18,42,0,NONE,"raRJXwYM","Gamble",73,2,,false
18,42,0,NONE,"041QRYnB","Risky",77,3,,false
18,42,0,NONE,"82JaNIIf","Hmmm....",95,3,,false
18,42,0,NONE,"NXk7z7lj","Rather detrimental",97,5,,false
18,42,0,NONE,"l4kwpPC8","Quite likely",83,6,,false
18,42,0,NONE,"K3oxnkCd","Gamble",98,6,,false
18,42,0,NONE,"UuHjl4RS","Walk in the park",71,7,,false
18,44,0,NONE,"041QRYnB","Risky",77,1,,false
18,44,0,NONE,"82JaNIIf","Hmmm....",95,1,,false
18,44,0,NONE,"NXk7z7lj","Rather detrimental",97,3,,false
18,44,0,NONE,"l4kwpPC8","Quite likely",83,4,,false
18,44,0,NONE,"K3oxnkCd","Gamble",98,4,,false
18,44,0,NONE,"UuHjl4RS","Walk in the park",71,5,,false
18,44,0,NONE,"IZoBJxIR","Hmmm....",103,6,,true
18,44,0,NONE,"TDDO5YJS","Suicide mission",90,6,,false
18,44,0,NONE,"wJv23ZTa","Gamble",94,7,,false
18,44,0,NONE,"s21b9F65","Playing with fire",86,7,,false
18,46,0,NONE,"NXk7z7lj","Rather detrimental",97,1,,false
18,46,0,NONE,"l4kwpPC8","Quite likely",83,2,,false
18,46,0,NONE,"K3oxnkCd","Gamble",98,2,,false
18,46,0,NONE,"UuHjl4RS","Walk in the park",71,3,,true
18,46,0,NONE,"TDDO5YJS","Suicide mission",90,4,,false
18,46,0,NONE,"wJv23ZTa","Gamble",94,5,,false
18,46,0,NONE,"s21b9F65","Playing with fire",86,5,,false
18,46,0,NONE,"bGOhERMM","Playing with fire",82,6,,false
18,46,0,NONE,"IfNBBvAl","Hmmm....",79,6,,false
18,46,0,NONE,"vgh528yB","Walk in the park",79,6,,false
18,47,0,NONE,"l4kwpPC8","Quite likely",83,1,,false
18,47,0,NONE,"K3oxnkCd","Gamble",98,1,,true
18,47,0,NONE,"TDDO5YJS","Suicide mission",90,3,,false
18,47,0,NONE,"wJv23ZTa","Gamble",94,4,,false
18,47,0,NONE,"s21b9F65","Playing with fire",86,4,,false
18,47,0,NONE,"bGOhERMM","Playing with fire",82,5,,false
18,47,0,NONE,"IfNBBvAl","Hmmm....",79,5,,false
18,47,0,NONE,"vgh528yB","Walk in the park",79,5,,false
18,47,0,NONE,"qbdsjMnv","Quite likely",76,7,,false
18,47,0,NONE,"RhclOajz","Hmmm....",91,7,,false
18,49,0,NONE,"TDDO5YJS","Suicide mission",90,1,,false
18,49,0,NONE,"wJv23ZTa","Gamble",94,2,,false
18,49,0,NONE,"s21b9F65","Playing with fire",86,2,,false
18,49,0,NONE,"bGOhERMM","Playing with fire",82,3,,false
18,49,0,NONE,"IfNBBvAl","Hmmm....",79,3,,false
18,49,0,NONE,"vgh528yB","Walk in the park",79,3,,true
18,49,0,NONE,"qbdsjMnv","Quite likely",76,5,,false
18,49,0,NONE,"RhclOajz","Hmmm....",91,5,,false
18,49,0,NONE,"IKr1fowd","Playing with fire",72,6,,false
18,49,0,NONE,"LZYWicY0","Rather detrimental",70,6,,false
19,0,0,NONE,"s4VEoehv","Piece of cake",44,7,,false
19,0,0,NONE,"nbHsZqUm","Gamble",33,7,,false
19,0,0,NONE,"Arpdy16h","Piece of cake",5,7,,false
19,0,0,NONE,"4v28P9Mh","Sure thing",57,7,,true
19,0,0,NONE,"aESjkjYZ","Sure thing",52,7,,false
19,0,0,NONE,"t8AB4DAa","Gamble",30,7,,false
19,0,0,NONE,"sB8N6luY","Rather detrimental",10,7,,false
19,0,0,NONE,"LD4XpkUU","Piece of cake",10,7,,false
19,0,0,NONE,"zcoGnYZl","Gamble",5,7,,false
19,0,0,NONE,"Hta9KRLC","Quite likely",39,7,,false
19,1,0,NONE,"s4VEoehv","Piece of cake",44,6,,false
19,1,0,NONE,"nbHsZqUm","Gamble",33,6,,false
19,1,0,NONE,"Arpdy16h","Piece of cake",5,6,,false
19,1,0,NONE,"aESjkjYZ","Sure thing",52,6,,true
19,1,0,NONE,"t8AB4DAa","Gamble",30,6,,false
19,1,0,NONE,"sB8N6luY","Rather detrimental",10,6,,false
19,1,0,NONE,"LD4XpkUU","Piece of cake",10,6,,false
19,1,0,NONE,"zcoGnYZl","Gamble",5,6,,false
19,1,0,NONE,"Hta9KRLC","Quite likely",39,6,,false
19,1,0,NONE,"j7k90Ul7","Sure thing",10,7,,false
19,2,0,NONE,"s4VEoehv","Piece of cake",44,5,,false
19,2,0,NONE,"nbHsZqUm","Gamble",33,5,,false
19,2,0,NONE,"Arpdy16h","Piece of cake",5,5,,false
19,2,0,NONE,"t8AB4DAa","Gamble",30,5,,false
19,2,0,NONE,"sB8N6luY","Rather detrimental",10,5,,false
19,2,0,NONE,"LD4XpkUU","Piece of cake",10,5,,false
19,2,0,NONE,"zcoGnYZl","Gamble",5,5,,false
19,2,0,NONE,"Hta9KRLC","Quite likely",39,5,,false
19,2,0,NONE,"j7k90Ul7","Sure thing",10,6,,true
19,2,0,NONE,"l2WE51MV","Hmmm....",22,7,,false
19,3,0,NONE,"s4VEoehv","Piece of cake",44,4,,false
19,3,0,NONE,"nbHsZqUm","Gamble",33,4,,false
19,3,0,NONE,"Arpdy16h","Piece of cake",5,4,,true
19,3,0,NONE,"t8AB4DAa","Gamble",30,4,,false
19,3,0,NONE,"sB8N6luY","Rather detrimental",10,4,,false
19,3,0,NONE,"LD4XpkUU","Piece of cake",10,4,,false
19,3,0,NONE,"zcoGnYZl","Gamble",5,4,,false
19,3,0,NONE,"Hta9KRLC","Quite likely",39,4,,false
19,3,0,NONE,"l2WE51MV","Hmmm....",22,6,,false
19,3,0,NONE,"9NZYNoUC","Quite likely",37,7,,false
19,4,0,NONE,"s4VEoehv","Piece of cake",44,3,,false
19,4,0,NONE,"nbHsZqUm","Gamble",33,3,,false
19,4,0,NONE,"t8AB4DAa","Gamble",30,3,,false
19,4,0,NONE,"sB8N6luY","Rather detrimental",10,3,,false
19,4,0,NONE,"LD4XpkUU","Piece of cake",10,3,,true
19,4,0,NONE,"zcoGnYZl","Gamble",5,3,,false
19,4,0,NONE,"Hta9KRLC","Quite likely",39,3,,false
19,4,0,NONE,"l2WE51MV","Hmmm....",22,5,,false
19,4,0,NONE,"9NZYNoUC","Quite likely",37,6,,false
19,4,0,NONE,"eLSNNffx","Piece of cake",23,7,,false
19,5,0,NONE,"s4VEoehv","Piece of cake",44,2,,false
19,5,0,NONE,"nbHsZqUm","Gamble",33,2,,false
19,5,0,NONE,"t8AB4DAa","Gamble",30,2,,false
19,5,0,NONE,"sB8N6luY","Rather detrimental",10,2,,false
19,5,0,NONE,"zcoGnYZl","Gamble",5,2,,false
19,5,0,NONE,"Hta9KRLC","Quite likely",39,2,,false
19,5,0,NONE,"l2WE51MV","Hmmm....",22,4,,false
19,5,0,NONE,"9NZYNoUC","Quite likely",37,5,,false
19,5,0,NONE,"eLSNNffx","Piece of cake",23,6,,true
19,5,0,NONE,"Oc5bKTIa","Walk in the park",29,7,,false
19,6,0,NONE,"s4VEoehv","Piece of cake",44,1,,false
19,6,0,NONE,"nbHsZqUm","Gamble",33,1,,false
19,6,0,NONE,"t8AB4DAa","Gamble",30,1,,false
19,6,0,NONE,"sB8N6luY","Rather detrimental",10,1,,false
19,6,0,NONE,"zcoGnYZl","Gamble",5,1,,false
19,6,0,NONE,"Hta9KRLC","Quite likely",39,1,,true
19,6,0,NONE,"l2WE51MV","Hmmm....",22,3,,false
19,6,0,NONE,"9NZYNoUC","Quite likely",37,4,,false
19,6,0,NONE,"Oc5bKTIa","Walk in the park",29,6,,false
19,6,0,NONE,"vD5f5X48","Risky",30,7,,false
19,7,0,NONE,"l2WE51MV","Hmmm....",22,2,,false
19,7,0,NONE,"9NZYNoUC","Quite likely",37,3,,false
19,7,0,NONE,"Oc5bKTIa","Walk in the park",29,5,,false
19,7,0,NONE,"vD5f5X48","Risky",30,6,,false
19,7,0,NONE,"4VuUUxMV","Playing with fire",39,7,,false
19,7,0,NONE,"JTQabeRM","Suicide mission",20,7,,false
19,7,0,NONE,"hGXIbg7H","Piece of cake",15,7,,false
19,7,0,NONE,"weC2sZx1","Gamble",25,7,,false
19,7,0,NONE,"gmDdkHqy","Walk in the park",70,7,,false
19,7,0,NONE,"fBvx05NV","Piece of cake",26,7,,true
19,8,0,NONE,"l2WE51MV","Hmmm....",22,1,,false
19,8,0,NONE,"9NZYNoUC","Quite likely",37,2,,false
19,8,0,NONE,"Oc5bKTIa","Walk in the park",29,4,,false
19,8,0,NONE,"vD5f5X48","Risky",30,5,,false
19,8,0,NONE,"4VuUUxMV","Playing with fire",39,6,,false
19,8,0,NONE,"JTQabeRM","Suicide mission",20,6,,false
19,8,0,NONE,"hGXIbg7H","Piece of cake",15,6,,true
19,8,0,NONE,"weC2sZx1","Gamble",25,6,,false
19,8,0,NONE,"gmDdkHqy","Walk in the park",70,6,,false
19,8,0,NONE,"aJDhudMt","Quite likely",79,7,,false
19,9,0,NONE,"9NZYNoUC","Quite likely",37,1,,true
19,9,0,NONE,"Oc5bKTIa","Walk in the park",29,3,,false
19,9,0,NONE,"vD5f5X48","Risky",30,4,,false
19,9,0,NONE,"4VuUUxMV","Playing with fire",39,5,,false
19,9,0,NONE,"JTQabeRM","Suicide mission",20,5,,false
19,9,0,NONE,"weC2sZx1","Gamble",25,5,,false
19,9,0,NONE,"gmDdkHqy","Walk in the park",70,5,,false
19,9,0,NONE,"aJDhudMt","Quite likely",79,6,,false
19,9,0,NONE,"gs61G77Q","Piece of cake",23,7,,false
19,9,0,NONE,"jwjx6x7M","Piece of cake",65,7,,false
19,10,0,NONE,"Oc5bKTIa","Walk in the park",29,2,,false
19,10,0,NONE,"vD5f5X48","Risky",30,3,,false
19,10,0,NONE,"4VuUUxMV","Playing with fire",39,4,,false
19,10,0,NONE,"JTQabeRM","Suicide mission",20,4,,false
19,10,0,NONE,"weC2sZx1","Gamble",25,4,,false
19,10,0,NONE,"gmDdkHqy","Walk in the park",70,4,,false
19,10,0,NONE,"aJDhudMt","Quite likely",79,5,,false
19,10,0,NONE,"gs61G77Q","Piece of cake",23,6,,true
19,10,0,NONE,"jwjx6x7M","Piece of cake",65,6,,false
19,10,0,NONE,"GHx3TpUS","Quite likely",22,7,,false
19,11,0,NONE,"Oc5bKTIa","Walk in the park",29,1,,false
19,11,0,NONE,"vD5f5X48","Risky",30,2,,false
19,11,0,NONE,"4VuUUxMV","Playing with fire",39,3,,false
19,11,0,NONE,"JTQabeRM","Suicide mission",20,3,,false
19,11,0,NONE,"weC2sZx1","Gamble",25,3,,false
19,11,0,NONE,"gmDdkHqy","Walk in the park",70,3,,true
19,11,0,NONE,"aJDhudMt","Quite likely",79,4,,false
19,11,0,NONE,"jwjx6x7M","Piece of cake",65,5,,false
19,11,0,NONE,"GHx3TpUS","Quite likely",22,6,,false
19,11,0,NONE,"pO9qNU8C","Hmmm....",27,7,,false
19,12,0,NONE,"vD5f5X48","Risky",30,1,,false
19,12,0,NONE,"4VuUUxMV","Playing with fire",39,2,,false
19,12,0,NONE,"JTQabeRM","Suicide mission",20,2,,false
19,12,0,NONE,"weC2sZx1","Gamble",25,2,,false
19,12,0,NONE,"aJDhudMt","Quite likely",79,3,,false
19,12,0,NONE,"jwjx6x7M","Piece of cake",65,4,,false
19,12,0,NONE,"GHx3TpUS","Quite likely",22,5,,false
19,12,0,NONE,"pO9qNU8C","Hmmm....",27,6,,false
19,12,0,NONE,"P2YbESet","Walk in the park",15,7,,false
19,12,0,NONE,"18Y0bzA5","Risky",39,7,,true
19,13,0,NONE,"4VuUUxMV","Playing with fire",39,1,,false
19,13,0,NONE,"JTQabeRM","Suicide mission",20,1,,false
19,13,0,NONE,"weC2sZx1","Gamble",25,1,,false
19,13,0,NONE,"aJDhudMt","Quite likely",79,2,,false
19,13,0,NONE,"jwjx6x7M","Piece of cake",65,3,,true
19,13,0,NONE,"GHx3TpUS","Quite likely",22,4,,false
19,13,0,NONE,"pO9qNU8C","Hmmm....",27,5,,false
19,13,0,NONE,"P2YbESet","Walk in the park",15,6,,false
19,13,0,NONE,"VXFJ2NyU","Walk in the park",39,7,,false
19,13,0,NONE,"ofZScUwX","Risky",29,7,,false
19,14,0,NONE,"aJDhudMt","Quite likely",79,1,,false
19,14,0,NONE,"GHx3TpUS","Quite likely",22,3,,false
19,14,0,NONE,"pO9qNU8C","Hmmm....",27,4,,false
19,14,0,NONE,"P2YbESet","Walk in the park",15,5,,false
19,14,0,NONE,"VXFJ2NyU","Walk in the park",39,6,,false
19,14,0,NONE,"ofZScUwX","Risky",29,6,,false
19,14,0,NONE,"WVqNcnBN","Sure thing",58,7,,false
19,14,0,NONE,"MA6hrSjt","Gamble",73,7,,false
19,14,0,NONE,"IEr0FKv1","Playing with fire",34,7,,false
19,14,0,NONE,"7Tur9Clc","Quite likely",47,7,,true
19,15,0,NONE,"GHx3TpUS","Quite likely",22,2,,false
19,15,0,NONE,"pO9qNU8C","Hmmm....",27,3,,false
19,15,0,NONE,"P2YbESet","Walk in the park",15,4,,false
19,15,0,NONE,"VXFJ2NyU","Walk in the park",39,5,,false
19,15,0,NONE,"ofZScUwX","Risky",29,5,,false
19,15,0,NONE,"WVqNcnBN","Sure thing",58,6,,true
19,15,0,NONE,"MA6hrSjt","Gamble",73,6,,false
19,15,0,NONE,"IEr0FKv1","Playing with fire",34,6,,false
19,15,0,NONE,"7x92NUDv","Gamble",68,7,,false
19,15,0,NONE,"Mn34wFJ6","Hmmm....",33,7,,false
19,16,0,NONE,"GHx3TpUS","Quite likely",22,1,,false
19,16,0,NONE,"pO9qNU8C","Hmmm....",27,2,,false
19,16,0,NONE,"P2YbESet","Walk in the park",15,3,,true
19,16,0,NONE,"VXFJ2NyU","Walk in the park",39,4,,false
19,16,0,NONE,"ofZScUwX","Risky",29,4,,false
19,16,0,NONE,"MA6hrSjt","Gamble",73,5,,false
19,16,0,NONE,"IEr0FKv1","Playing with fire",34,5,,false
19,16,0,NONE,"7x92NUDv","Gamble",68,6,,false
19,16,0,NONE,"Mn34wFJ6","Hmmm....",33,6,,false
19,16,0,NONE,"8ZlIMwvC","Risky",17,7,,false
19,18,0,NONE,"VXFJ2NyU","Walk in the park",39,2,,false
19,18,0,NONE,"ofZScUwX","Risky",29,2,,false
19,18,0,NONE,"MA6hrSjt","Gamble",73,3,,false
19,18,0,NONE,"IEr0FKv1","Playing with fire",34,3,,false
19,18,0,NONE,"7x92NUDv","Gamble",68,4,,false
19,18,0,NONE,"Mn34wFJ6","Hmmm....",33,4,,false
19,18,0,NONE,"8ZlIMwvC","Risky",17,5,,false
19,18,0,NONE,"G7yI8uIi","Risky",36,6,,false
19,18,0,NONE,"BW0c1i9G","Piece of cake",44,6,,true
19,18,0,NONE,"qwb60InD","Suicide mission",22,7,,false
19,19,0,NONE,"VXFJ2NyU","Walk in the park",39,1,,false
19,19,0,NONE,"ofZScUwX","Risky",29,1,,false
19,19,0,NONE,"MA6hrSjt","Gamble",73,2,,false
19,19,0,NONE,"IEr0FKv1","Playing with fire",34,2,,false
19,19,0,NONE,"7x92NUDv","Gamble",68,3,,false
19,19,0,NONE,"Mn34wFJ6","Hmmm....",33,3,,false
19,19,0,NONE,"8ZlIMwvC","Risky",17,4,,false
19,19,0,NONE,"G7yI8uIi","Risky",36,5,,true
19,19,0,NONE,"qwb60InD","Suicide mission",22,6,,false
19,19,0,NONE,"OQG8vKAS","Walk in the park",75,7,,false
19,21,0,NONE,"7x92NUDv","Gamble",68,1,,false
19,21,0,NONE,"Mn34wFJ6","Hmmm....",33,1,,false
19,21,0,NONE,"8ZlIMwvC","Risky",17,2,,false
19,21,0,NONE,"qwb60InD","Suicide mission",22,4,,false
19,21,0,NONE,"OQG8vKAS","Walk in the park",75,5,,false
19,21,0,NONE,"hyBKK0iM","Rather detrimental",136,2,1,false
19,21,0,NONE,"SVtxNtNM","Gamble",146,1,1,false
19,21,0,NONE,"0K6cXhmt","Piece of cake",76,6,,true
19,21,0,NONE,"Gs5SBsR7","Piece of cake",92,7,,false
19,21,0,NONE,"lNe42TfJ","Rather detrimental",63,7,,false
19,22,0,NONE,"8ZlIMwvC","Risky",17,1,,false
19,22,0,NONE,"qwb60InD","Suicide mission",22,3,,false
19,22,0,NONE,"OQG8vKAS","Walk in the park",75,4,,false
19,22,0,NONE,"hyBKK0iM","Rather detrimental",136,1,1,false
19,22,0,NONE,"Gs5SBsR7","Piece of cake",92,6,,false
19,22,0,NONE,"lNe42TfJ","Rather detrimental",63,6,,true
19,22,0,NONE,"YDXLNs0j","Walk in the park",79,7,,false
19,22,0,NONE,"akEdHxYT","Risky",128,2,1,false
19,22,0,NONE,"b9FR5ELM","Suicide mission",124,2,1,false
19,22,0,NONE,"8z64JKsW","Walk in the park",74,7,,false
19,23,0,NONE,"qwb60InD","Suicide mission",22,2,,false
19,23,0,NONE,"OQG8vKAS","Walk in the park",75,3,,false
19,23,0,NONE,"Gs5SBsR7","Piece of cake",92,5,,false
19,23,0,NONE,"YDXLNs0j","Walk in the park",79,6,,false
19,23,0,NONE,"akEdHxYT","Risky",128,1,1,false
19,23,0,NONE,"b9FR5ELM","Suicide mission",124,1,1,false
19,23,0,NONE,"8z64JKsW","Walk in the park",74,6,,false
19,23,0,NONE,"8QQeQZBA","Piece of cake",109,7,,true
19,23,0,NONE,"tJuwZimN","Gamble",88,7,,false
19,23,0,NONE,"3NUSWeSk","Gamble",74,7,,false
19,24,0,NONE,"qwb60InD","Suicide mission",22,1,,false
19,24,0,NONE,"OQG8vKAS","Walk in the park",75,2,,false
19,24,0,NONE,"Gs5SBsR7","Piece of cake",92,4,,false
19,24,0,NONE,"YDXLNs0j","Walk in the park",79,5,,false
19,24,0,NONE,"8z64JKsW","Walk in the park",74,5,,false
19,24,0,NONE,"tJuwZimN","Gamble",88,6,,false
19,24,0,NONE,"3NUSWeSk","Gamble",74,6,,false
19,24,0,NONE,"T2xebiCx","Suicide mission",157,3,1,true
19,24,0,NONE,"alXChrxt","Suicide mission",121,3,1,false
19,24,0,NONE,"SgsySbfN","Hmmm....",54,7,,false
19,26,0,NONE,"Gs5SBsR7","Piece of cake",92,2,,true
19,26,0,NONE,"YDXLNs0j","Walk in the park",79,3,,false
19,26,0,NONE,"8z64JKsW","Walk in the park",74,3,,false
19,26,0,NONE,"tJuwZimN","Gamble",88,4,,false
19,26,0,NONE,"3NUSWeSk","Gamble",74,4,,false
19,26,0,NONE,"alXChrxt","Suicide mission",121,1,1,false
19,26,0,NONE,"SgsySbfN","Hmmm....",54,5,,false
19,26,0,NONE,"uVvaqIvb","Risky",129,2,1,false
19,26,0,NONE,"EkMi7MEM","Suicide mission",138,1,1,false
19,26,0,NONE,"Iaihyqu1","Quite likely",113,7,,false
19,27,0,NONE,"YDXLNs0j","Walk in the park",79,2,,false
19,27,0,NONE,"8z64JKsW","Walk in the park",74,2,,true
19,27,0,NONE,"tJuwZimN","Gamble",88,3,,false
19,27,0,NONE,"3NUSWeSk","Gamble",74,3,,false
19,27,0,NONE,"SgsySbfN","Hmmm....",54,4,,false
19,27,0,NONE,"uVvaqIvb","Risky",129,1,1,false
19,27,0,NONE,"Iaihyqu1","Quite likely",113,6,,false
19,27,0,NONE,"G9DrvsTf","Suicide mission",145,3,1,false
19,27,0,NONE,"6Stbym42","Rather detrimental",143,2,1,false
19,27,0,NONE,"UQFlfPlV","Suicide mission",108,2,2,false
19,29,0,NONE,"tJuwZimN","Gamble",88,1,,false
19,29,0,NONE,"3NUSWeSk","Gamble",74,1,,false
19,29,0,NONE,"SgsySbfN","Hmmm....",54,2,,false
19,29,0,NONE,"Iaihyqu1","Quite likely",113,4,,true
19,29,0,NONE,"G9DrvsTf","Suicide mission",145,1,1,false
19,29,0,NONE,"qA6SvWWv","Suicide mission",149,2,1,false
19,29,0,NONE,"QqJfAeXD","Suicide mission",139,2,1,false
19,29,0,NONE,"IRaimAi5","Suicide mission",117,2,2,false
19,29,0,NONE,"uc3AU2XK","Risky",136,3,1,false
19,29,0,NONE,"14x5GSyG","Suicide mission",163,2,1,false
19,31,0,NONE,"uc3AU2XK","Risky",136,1,1,true
19,31,0,NONE,"uK8H55Sl","Suicide mission",149,1,1,false
19,31,0,NONE,"HhWjQRkz","Piece of cake",111,6,,false
19,31,0,NONE,"pxVFCkAF","Risky",83,6,,false
19,31,0,NONE,"cDyaixqd","Piece of cake",103,6,,false
19,31,0,NONE,"bkTrc6Ca","Gamble",108,3,1,false
19,31,0,NONE,"s6gwNdYi","Suicide mission",139,3,1,false
19,31,0,NONE,"NunMx7EB","Playing with fire",104,2,1,false
19,31,0,NONE,"y1jwk3Kd","Suicide mission",131,3,1,false
19,31,0,NONE,"LGQhMgbw","Risky",101,7,,false
19,33,0,NONE,"HhWjQRkz","Piece of cake",111,4,,false
19,33,0,NONE,"pxVFCkAF","Risky",83,4,,false
19,33,0,NONE,"cDyaixqd","Piece of cake",103,4,,false
19,33,0,NONE,"bkTrc6Ca","Gamble",108,1,1,true
19,33,0,NONE,"s6gwNdYi","Suicide mission",139,1,1,false
19,33,0,NONE,"y1jwk3Kd","Suicide mission",131,1,1,false
19,33,0,NONE,"LGQhMgbw","Risky",101,5,,false
19,33,0,NONE,"eWuE0SCf","Rather detrimental",130,2,1,false
19,33,0,NONE,"O0w7Ah64","Playing with fire",152,1,1,false
19,33,0,NONE,"gAM1VYim","Gamble",98,7,,false
19,34,0,NONE,"HhWjQRkz","Piece of cake",111,3,,false
19,34,0,NONE,"pxVFCkAF","Risky",83,3,,false
19,34,0,NONE,"cDyaixqd","Piece of cake",103,3,,false
19,34,0,NONE,"LGQhMgbw","Risky",101,4,,false
19,34,0,NONE,"eWuE0SCf","Rather detrimental",130,1,1,true
19,34,0,NONE,"gAM1VYim","Gamble",98,6,,false
19,34,0,NONE,"nMkf50fo","Piece of cake",82,7,,false
19,34,0,NONE,"FTkQIlCb","Rather detrimental",135,2,1,false
19,34,0,NONE,"thYJYBf8","Rather detrimental",85,7,,false
19,34,0,NONE,"5FeTb9t5","Gamble",136,2,1,false
19,35,0,NONE,"HhWjQRkz","Piece of cake",111,2,,false
19,35,0,NONE,"pxVFCkAF","Risky",83,2,,false
19,35,0,NONE,"cDyaixqd","Piece of cake",103,2,,false
19,35,0,NONE,"LGQhMgbw","Risky",101,3,,false
19,35,0,NONE,"gAM1VYim","Gamble",98,5,,false
19,35,0,NONE,"nMkf50fo","Piece of cake",82,6,,false
19,35,0,NONE,"FTkQIlCb","Rather detrimental",135,1,1,true
19,35,0,NONE,"thYJYBf8","Rather detrimental",85,6,,false
19,35,0,NONE,"5FeTb9t5","Gamble",136,1,1,false
19,35,0,NONE,"Ei0Vy04s","Walk in the park",84,7,,false
19,37,0,NONE,"LGQhMgbw","Risky",101,1,,false
19,37,0,NONE,"gAM1VYim","Gamble",98,3,,false
19,37,0,NONE,"nMkf50fo","Piece of cake",82,4,,true
19,37,0,NONE,"thYJYBf8","Rather detrimental",85,4,,false
19,37,0,NONE,"Ei0Vy04s","Walk in the park",84,5,,false
19,37,0,NONE,"8aMr4aYh","Walk in the park",109,6,,false
19,37,0,NONE,"HCjbJNQR","Hmmm....",70,6,,false
19,37,0,NONE,"XdaW6nwE","Gamble",79,7,,false
19,37,0,NONE,"V5aaKbli","Walk in the park",78,7,,false
19,37,0,NONE,"kRkWaq7P","Hmmm....",80,7,,false
19,38,0,NONE,"gAM1VYim","Gamble",98,2,,false
19,38,0,NONE,"thYJYBf8","Rather detrimental",85,3,,false
19,38,0,NONE,"Ei0Vy04s","Walk in the park",84,4,,false
19,38,0,NONE,"8aMr4aYh","Walk in the park",109,5,,true
19,38,0,NONE,"HCjbJNQR","Hmmm....",70,5,,false
19,38,0,NONE,"XdaW6nwE","Gamble",79,6,,false
19,38,0,NONE,"V5aaKbli","Walk in the park",78,6,,false
19,38,0,NONE,"kRkWaq7P","Hmmm....",80,6,,false
19,38,0,NONE,"0jqdWYL7","Quite likely",91,7,,false
19,38,0,NONE,"Z7FzZx1p","Risky",75,7,,false
19,39,0,NONE,"gAM1VYim","Gamble",98,1,,true
19,39,0,NONE,"thYJYBf8","Rather detrimental",85,2,,false
19,39,0,NONE,"Ei0Vy04s","Walk in the park",84,3,,false
19,39,0,NONE,"HCjbJNQR","Hmmm....",70,4,,false
19,39,0,NONE,"XdaW6nwE","Gamble",79,5,,false
19,39,0,NONE,"V5aaKbli","Walk in the park",78,5,,false
19,39,0,NONE,"kRkWaq7P","Hmmm....",80,5,,false
19,39,0,NONE,"0jqdWYL7","Quite likely",91,6,,false
19,39,0,NONE,"Z7FzZx1p","Risky",75,6,,false
19,39,0,NONE,"2HUqcnVO","Risky",90,7,,false
19,40,0,NONE,"thYJYBf8","Rather detrimental",85,1,,false
19,40,0,NONE,"Ei0Vy04s","Walk in the park",84,2,,false
19,40,0,NONE,"HCjbJNQR","Hmmm....",70,3,,false
19,40,0,NONE,"XdaW6nwE","Gamble",79,4,,false
19,40,0,NONE,"V5aaKbli","Walk in the park",78,4,,false
19,40,0,NONE,"kRkWaq7P","Hmmm....",80,4,,false
19,40,0,NONE,"0jqdWYL7","Quite likely",91,5,,false
19,40,0,NONE,"Z7FzZx1p","Risky",75,5,,false
19,40,0,NONE,"2HUqcnVO","Risky",90,6,,false
19,40,0,NONE,"8kXyUTAD","Rather detrimental",82,7,,true
19,42,0,NONE,"HCjbJNQR","Hmmm....",70,1,,true
19,42,0,NONE,"XdaW6nwE","Gamble",79,2,,false
19,42,0,NONE,"V5aaKbli","Walk in the park",78,2,,false
19,42,0,NONE,"kRkWaq7P","Hmmm....",80,2,,false
19,42,0,NONE,"0jqdWYL7","Quite likely",91,3,,false
19,42,0,NONE,"Z7FzZx1p","Risky",75,3,,false
19,42,0,NONE,"2HUqcnVO","Risky",90,4,,false
19,42,0,NONE,"h6u0XjJ7","Risky",98,6,,false
19,42,0,NONE,"nv8OXPdO","Quite likely",75,6,,false
19,42,0,NONE,"Zq54ibeb","Hmmm....",68,7,,false
19,43,0,NONE,"XdaW6nwE","Gamble",79,1,,false
19,43,0,NONE,"V5aaKbli","Walk in the park",78,1,,false
19,43,0,NONE,"kRkWaq7P","Hmmm....",80,1,,false
19,43,0,NONE,"0jqdWYL7","Quite likely",91,2,,false
19,43,0,NONE,"Z7FzZx1p","Risky",75,2,,false
19,43,0,NONE,"2HUqcnVO","Risky",90,3,,false
19,43,0,NONE,"h6u0XjJ7","Risky",98,5,,false
19,43,0,NONE,"nv8OXPdO","Quite likely",75,5,,false
19,43,0,NONE,"Zq54ibeb","Hmmm....",68,6,,true
19,43,0,NONE,"oyF6gCDQ","Walk in the park",92,7,,false
19,45,0,NONE,"2HUqcnVO","Risky",90,1,,false
19,45,0,NONE,"h6u0XjJ7","Risky",98,3,,false
19,45,0,NONE,"nv8OXPdO","Quite likely",75,3,,false
19,45,0,NONE,"oyF6gCDQ","Walk in the park",92,5,,false
19,45,0,NONE,"PiOj3jKa","Risky",75,6,,false
19,45,0,NONE,"zMOQ1VNv","Rather detrimental",70,6,,false
19,45,0,NONE,"6rN1gS1f","Suicide mission",79,6,,false
19,45,0,NONE,"EzpUaZ0W","Gamble",66,6,,false
19,45,0,NONE,"BWbA6R7y","Suicide mission",69,7,,false
19,45,0,NONE,"UFz6Ynot","Risky",96,7,,true
19,47,0,NONE,"h6u0XjJ7","Risky",98,1,,true
19,47,0,NONE,"nv8OXPdO","Quite likely",75,1,,false
19,47,0,NONE,"oyF6gCDQ","Walk in the park",92,3,,false
19,47,0,NONE,"PiOj3jKa","Risky",75,4,,false
19,47,0,NONE,"zMOQ1VNv","Rather detrimental",70,4,,false
19,47,0,NONE,"6rN1gS1f","Suicide mission",79,4,,false
19,47,0,NONE,"EzpUaZ0W","Gamble",66,4,,false
19,47,0,NONE,"BWbA6R7y","Suicide mission",69,5,,false
19,47,0,NONE,"6ZbZWTMJ","Risky",80,6,,false
19,47,0,NONE,"GFErTR3j","Playing with fire",75,6,,false
19,48,0,NONE,"oyF6gCDQ","Walk in the park",92,2,,true
19,48,0,NONE,"PiOj3jKa","Risky",75,3,,false
19,48,0,NONE,"zMOQ1VNv","Rather detrimental",70,3,,false
19,48,0,NONE,"6rN1gS1f","Suicide mission",79,3,,false
19,48,0,NONE,"EzpUaZ0W","Gamble",66,3,,false
19,48,0,NONE,"BWbA6R7y","Suicide mission",69,4,,false
19,48,0,NONE,"6ZbZWTMJ","Risky",80,5,,false
19,48,0,NONE,"GFErTR3j","Playing with fire",75,5,,false
19,48,0,NONE,"wwakQVdY","Rather detrimental",76,7,,false
19,48,0,NONE,"IHEGi2pL","Gamble",91,7,,false
19,49,0,NONE,"PiOj3jKa","Risky",75,2,,false
19,49,0,NONE,"zMOQ1VNv","Rather detrimental",70,2,,false
19,49,0,NONE,"6rN1gS1f","Suicide mission",79,2,,false
19,49,0,NONE,"EzpUaZ0W","Gamble",66,2,,true
19,49,0,NONE,"BWbA6R7y","Suicide mission",69,3,,false
19,49,0,NONE,"6ZbZWTMJ","Risky",80,4,,false
19,49,0,NONE,"GFErTR3j","Playing with fire",75,4,,false
19,49,0,NONE,"wwakQVdY","Rather detrimental",76,6,,false
19,49,0,NONE,"IHEGi2pL","Gamble",91,6,,false
19,49,0,NONE,"7iSL36Cz","Playing with fire",82,7,,false
20,0,0,NONE,"X7ECR199","Gamble",23,7,,false
20,0,0,NONE,"3tB9n69O","Piece of cake",6,7,,true
20,0,0,NONE,"flUvx2EG","Hmmm....",29,7,,false
20,0,0,NONE,"XnJNEdjH","Suicide mission",25,7,,false
20,0,0,NONE,"XSvcm2c4","Walk in the park",10,7,,false
20,0,0,NONE,"NeWMKT2D","Walk in the park",4,7,,false
20,0,0,NONE,"lfJq1REP","Risky",71,7,,false
20,0,0,NONE,"Lp3uR4xG","Quite likely",22,7,,false
20,0,0,NONE,"gVZN41Ko","Piece of cake",10,7,,false
20,0,0,NONE,"8S4M0TpW","Piece of cake",8,7,,false
20,1,0,NONE,"X7ECR199","Gamble",23,6,,false
20,1,0,NONE,"flUvx2EG","Hmmm....",29,6,,false
20,1,0,NONE,"XnJNEdjH","Suicide mission",25,6,,false
20,1,0,NONE,"XSvcm2c4","Walk in the park",10,6,,false
20,1,0,NONE,"NeWMKT2D","Walk in the park",4,6,,false
20,1,0,NONE,"lfJq1REP","Risky",71,6,,false
20,1,0,NONE,"Lp3uR4xG","Quite likely",22,6,,false
20,1,0,NONE,"gVZN41Ko","Piece of cake",10,6,,false
20,1,0,NONE,"8S4M0TpW","Piece of cake",8,6,,true
20,1,0,NONE,"NTjNw5Gp","Quite likely",61,7,,false
20,2,0,NONE,"X7ECR199","Gamble",23,5,,false
20,2,0,NONE,"flUvx2EG","Hmmm....",29,5,,false
20,2,0,NONE,"XnJNEdjH","Suicide mission",25,5,,false
20,2,0,NONE,"XSvcm2c4","Walk in the park",10,5,,false
20,2,0,NONE,"NeWMKT2D","Walk in the park",4,5,,false
20,2,0,NONE,"lfJq1REP","Risky",71,5,,false
20,2,0,NONE,"Lp3uR4xG","Quite likely",22,5,,false
20,2,0,NONE,"gVZN41Ko","Piece of cake",10,5,,false
20,2,0,NONE,"NTjNw5Gp","Quite likely",61,6,,false
20,2,0,NONE,"6gTvhxCF","Piece of cake",4,7,,true
20,3,0,NONE,"X7ECR199","Gamble",23,4,,false
20,3,0,NONE,"flUvx2EG","Hmmm....",29,4,,false
20,3,0,NONE,"XnJNEdjH","Suicide mission",25,4,,false
20,3,0,NONE,"XSvcm2c4","Walk in the park",10,4,,false
20,3,0,NONE,"NeWMKT2D","Walk in the park",4,4,,false
20,3,0,NONE,"lfJq1REP","Risky",71,4,,false
20,3,0,NONE,"Lp3uR4xG","Quite likely",22,4,,false
20,3,0,NONE,"gVZN41Ko","Piece of cake",10,4,,true
20,3,0,NONE,"NTjNw5Gp","Quite likely",61,5,,false
20,3,0,NONE,"BwKAN1As","Quite likely",31,7,,false
20,4,0,NONE,"X7ECR199","Gamble",23,3,,false
20,4,0,NONE,"flUvx2EG","Hmmm....",29,3,,false
20,4,0,NONE,"XnJNEdjH","Suicide mission",25,3,,false
20,4,0,NONE,"XSvcm2c4","Walk in the park",10,3,,false
20,4,0,NONE,"NeWMKT2D","Walk in the park",4,3,,true
20,4,0,NONE,"lfJq1REP","Risky",71,3,,false
20,4,0,NONE,"Lp3uR4xG","Quite likely",22,3,,false
20,4,0,NONE,"NTjNw5Gp","Quite likely",61,4,,false
20,4,0,NONE,"BwKAN1As","Quite likely",31,6,,false
20,4,0,NONE,"mud49hA9","Quite likely",17,7,,false
20,5,0,NONE,"X7ECR199","Gamble",23,2,,false
20,5,0,NONE,"flUvx2EG","Hmmm....",29,2,,false
20,5,0,NONE,"XnJNEdjH","Suicide mission",25,2,,false
20,5,0,NONE,"XSvcm2c4","Walk in the park",10,2,,true
20,5,0,NONE,"lfJq1REP","Risky",71,2,,false
20,5,0,NONE,"Lp3uR4xG","Quite likely",22,2,,false
20,5,0,NONE,"NTjNw5Gp","Quite likely",61,3,,false
20,5,0,NONE,"BwKAN1As","Quite likely",31,5,,false
20,5,0,NONE,"mud49hA9","Quite likely",17,6,,false
20,5,0,NONE,"bFy54paU","Gamble",44,7,,false
20,6,0,NONE,"X7ECR199","Gamble",23,1,,true
20,6,0,NONE,"flUvx2EG","Hmmm....",29,1,,false
20,6,0,NONE,"XnJNEdjH","Suicide mission",25,1,,false
20,6,0,NONE,"lfJq1REP","Risky",71,1,,false
20,6,0,NONE,"Lp3uR4xG","Quite likely",22,1,,false
20,6,0,NONE,"NTjNw5Gp","Quite likely",61,2,,false
20,6,0,NONE,"BwKAN1As","Quite likely",31,4,,false
20,6,0,NONE,"mud49hA9","Quite likely",17,5,,false
20,6,0,NONE,"bFy54paU","Gamble",44,6,,false
20,6,0,NONE,"Ag2fJFJn","Risky",22,7,,false
20,7,0,NONE,"NTjNw5Gp","Quite likely",61,1,,true
20,7,0,NONE,"BwKAN1As","Quite likely",31,3,,false
20,7,0,NONE,"mud49hA9","Quite likely",17,4,,false
20,7,0,NONE,"bFy54paU","Gamble",44,5,,false
20,7,0,NONE,"Ag2fJFJn","Risky",22,6,,false
20,7,0,NONE,"lf4hMdxV","Piece of cake",27,7,,false
20,7,0,NONE,"YGtRDE99","Risky",32,7,,false
20,7,0,NONE,"kIkoiPPe","Piece of cake",20,7,,false
20,7,0,NONE,"A58LIQnh","Hmmm....",46,7,,false
20,7,0,NONE,"9D1IAea0","Quite likely",31,7,,false
20,8,0,NONE,"BwKAN1As","Quite likely",31,2,,false
20,8,0,NONE,"mud49hA9","Quite likely",17,3,,false
20,8,0,NONE,"bFy54paU","Gamble",44,4,,false
20,8,0,NONE,"Ag2fJFJn","Risky",22,5,,false
20,8,0,NONE,"lf4hMdxV","Piece of cake",27,6,,false
20,8,0,NONE,"YGtRDE99","Risky",32,6,,false
20,8,0,NONE,"kIkoiPPe","Piece of cake",20,6,,true
20,8,0,NONE,"A58LIQnh","Hmmm....",46,6,,false
20,8,0,NONE,"9D1IAea0","Quite likely",31,6,,false
20,8,0,NONE,"hJdpBsmx","Walk in the park",19,7,,false
20,10,0,NONE,"mud49hA9","Quite likely",17,1,,true
20,10,0,NONE,"bFy54paU","Gamble",44,2,,false
20,10,0,NONE,"Ag2fJFJn","Risky",22,3,,false
20,10,0,NONE,"lf4hMdxV","Piece of cake",27,4,,false
20,10,0,NONE,"YGtRDE99","Risky",32,4,,false
20,10,0,NONE,"A58LIQnh","Hmmm....",46,4,,false
20,10,0,NONE,"9D1IAea0","Quite likely",31,4,,false
20,10,0,NONE,"hJdpBsmx","Walk in the park",19,5,,false
20,10,0,NONE,"htTK71ff","Quite likely",35,6,,false
20,10,0,NONE,"LUk0DSwq","Quite likely",49,7,,false
20,11,0,NONE,"bFy54paU","Gamble",44,1,,false
20,11,0,NONE,"Ag2fJFJn","Risky",22,2,,false
20,11,0,NONE,"lf4hMdxV","Piece of cake",27,3,,false
20,11,0,NONE,"YGtRDE99","Risky",32,3,,false
20,11,0,NONE,"A58LIQnh","Hmmm....",46,3,,false
20,11,0,NONE,"9D1IAea0","Quite likely",31,3,,false
20,11,0,NONE,"hJdpBsmx","Walk in the park",19,4,,false
20,11,0,NONE,"htTK71ff","Quite likely",35,5,,false
20,11,0,NONE,"LUk0DSwq","Quite likely",49,6,,false
20,11,0,NONE,"7JU4HCOZ","Gamble",75,7,,true
20,13,0,NONE,"lf4hMdxV","Piece of cake",27,1,,false
20,13,0,NONE,"YGtRDE99","Risky",32,1,,false
20,13,0,NONE,"A58LIQnh","Hmmm....",46,1,,false
20,13,0,NONE,"9D1IAea0","Quite likely",31,1,,false
20,13,0,NONE,"hJdpBsmx","Walk in the park",19,2,,false
20,13,0,NONE,"htTK71ff","Quite likely",35,3,,false
20,13,0,NONE,"LUk0DSwq","Quite likely",49,4,,false
20,13,0,NONE,"rJS5oe9Z","Gamble",43,6,,false
20,13,0,NONE,"Q8TVPFSb","Sure thing",52,6,,false
20,13,0,NONE,"uQEJpZfe","Piece of cake",8,7,,true
20,14,0,NONE,"hJdpBsmx","Walk in the park",19,1,,true
20,14,0,NONE,"htTK71ff","Quite likely",35,2,,false
20,14,0,NONE,"LUk0DSwq","Quite likely",49,3,,false
20,14,0,NONE,"rJS5oe9Z","Gamble",43,5,,false
20,14,0,NONE,"Q8TVPFSb","Sure thing",52,5,,false
20,14,0,NONE,"EjLhNfzn","Sure thing",23,7,,false
20,14,0,NONE,"HVGreK4m","Quite likely",25,7,,false
20,14,0,NONE,"PMlR8QwJ","Risky",29,7,,false
20,14,0,NONE,"z9NjiQ5a","Sure thing",33,7,,false
20,14,0,NONE,"wqrhRNFj","Walk in the park",22,7,,false
20,15,0,NONE,"htTK71ff","Quite likely",35,1,,true
20,15,0,NONE,"LUk0DSwq","Quite likely",49,2,,false
20,15,0,NONE,"rJS5oe9Z","Gamble",43,4,,false
20,15,0,NONE,"Q8TVPFSb","Sure thing",52,4,,false
20,15,0,NONE,"EjLhNfzn","Sure thing",23,6,,false
20,15,0,NONE,"HVGreK4m","Quite likely",25,6,,false
20,15,0,NONE,"PMlR8QwJ","Risky",29,6,,false
20,15,0,NONE,"z9NjiQ5a","Sure thing",33,6,,false
20,15,0,NONE,"wqrhRNFj","Walk in the park",22,6,,false
20,15,0,NONE,"vqewfc8i","Walk in the park",55,7,,false
20,17,0,NONE,"rJS5oe9Z","Gamble",43,2,,false
20,17,0,NONE,"Q8TVPFSb","Sure thing",52,2,,false
20,17,0,NONE,"EjLhNfzn","Sure thing",23,4,,true
20,17,0,NONE,"HVGreK4m","Quite likely",25,4,,false
20,17,0,NONE,"PMlR8QwJ","Risky",29,4,,false
20,17,0,NONE,"z9NjiQ5a","Sure thing",33,4,,false
20,17,0,NONE,"wqrhRNFj","Walk in the park",22,4,,false
20,17,0,NONE,"vqewfc8i","Walk in the park",55,5,,false
20,17,0,NONE,"ihx1ntIM","Quite likely",37,6,,false
20,17,0,NONE,"EcFrUuQy","Playing with fire",36,7,,false
20,18,0,NONE,"rJS5oe9Z","Gamble",43,1,,false
20,18,0,NONE,"Q8TVPFSb","Sure thing",52,1,,false
20,18,0,NONE,"HVGreK4m","Quite likely",25,3,,false
20,18,0,NONE,"PMlR8QwJ","Risky",29,3,,false
20,18,0,NONE,"z9NjiQ5a","Sure thing",33,3,,true
20,18,0,NONE,"wqrhRNFj","Walk in the park",22,3,,false
20,18,0,NONE,"vqewfc8i","Walk in the park",55,4,,false
20,18,0,NONE,"ihx1ntIM","Quite likely",37,5,,false
20,18,0,NONE,"EcFrUuQy","Playing with fire",36,6,,false
20,18,0,NONE,"m87Xiyv1","Walk in the park",26,7,,false
20,19,0,NONE,"HVGreK4m","Quite likely",25,2,,false
20,19,0,NONE,"PMlR8QwJ","Risky",29,2,,false
20,19,0,NONE,"wqrhRNFj","Walk in the park",22,2,,false
20,19,0,NONE,"vqewfc8i","Walk in the park",55,3,,false
20,19,0,NONE,"ihx1ntIM","Quite likely",37,4,,false
20,19,0,NONE,"EcFrUuQy","Playing with fire",36,5,,false
20,19,0,NONE,"m87Xiyv1","Walk in the park",26,6,,false
20,19,0,NONE,"415kSyrH","Piece of cake",59,7,,true
20,19,0,NONE,"iUtLPYB7","Quite likely",66,7,,false
20,19,0,NONE,"CpALldk6","Risky",39,7,,false
20,20,0,NONE,"HVGreK4m","Quite likely",25,1,,false
20,20,0,NONE,"PMlR8QwJ","Risky",29,1,,false
20,20,0,NONE,"wqrhRNFj","Walk in the park",22,1,,false
20,20,0,NONE,"vqewfc8i","Walk in the park",55,2,,false
20,20,0,NONE,"ihx1ntIM","Quite likely",37,3,,false
20,20,0,NONE,"EcFrUuQy","Playing with fire",36,4,,false
20,20,0,NONE,"m87Xiyv1","Walk in the park",26,5,,false
20,20,0,NONE,"iUtLPYB7","Quite likely",66,6,,false
20,20,0,NONE,"CpALldk6","Risky",39,6,,true
20,20,0,NONE,"8iJhmf5y","Hmmm....",67,7,,false
20,21,0,NONE,"vqewfc8i","Walk in the park",55,1,,false
20,21,0,NONE,"ihx1ntIM","Quite likely",37,2,,false
20,21,0,NONE,"EcFrUuQy","Playing with fire",36,3,,false
20,21,0,NONE,"m87Xiyv1","Walk in the park",26,4,,true
20,21,0,NONE,"iUtLPYB7","Quite likely",66,5,,false
20,21,0,NONE,"8iJhmf5y","Hmmm....",67,6,,false
20,21,0,NONE,"FbhWcf2X","Gamble",144,3,1,false
20,21,0,NONE,"BrhZOX8S","Quite likely",63,7,,false
20,21,0,NONE,"ELVWSam3","Suicide mission",131,2,1,false
20,21,0,NONE,"eaxxZAoX","Suicide mission",130,2,1,false
20,23,0,NONE,"EcFrUuQy","Playing with fire",36,1,,false
20,23,0,NONE,"iUtLPYB7","Quite likely",66,3,,false
20,23,0,NONE,"8iJhmf5y","Hmmm....",67,4,,true
20,23,0,NONE,"FbhWcf2X","Gamble",144,1,1,false
20,23,0,NONE,"BrhZOX8S","Quite likely",63,5,,false
20,23,0,NONE,"qQz98tee","Hmmm....",144,1,1,false
20,23,0,NONE,"2AISSxE4","Impossible",119,2,1,false
20,23,0,NONE,"rHoiU8ui","Gamble",163,2,1,false
20,23,0,NONE,"DgDyYqn6","Sure thing",106,7,,false
20,23,0,NONE,"D94iu6MF","Suicide mission",151,2,1,false
20,24,0,NONE,"iUtLPYB7","Quite likely",66,2,,false
20,24,0,NONE,"BrhZOX8S","Quite likely",63,4,,false
20,24,0,NONE,"2AISSxE4","Impossible",119,1,1,false
20,24,0,NONE,"rHoiU8ui","Gamble",163,1,1,false
20,24,0,NONE,"DgDyYqn6","Sure thing",106,6,,false
20,24,0,NONE,"D94iu6MF","Suicide mission",151,1,1,false
20,24,0,NONE,"6bsvUuvO","Suicide mission",176,3,1,true
20,24,0,NONE,"9bhaC4sF","Suicide mission",130,2,1,false
20,24,0,NONE,"qNJz9W3O","Piece of cake",115,7,,false
20,24,0,NONE,"WwXNMvdx","Risky",99,7,,false
20,26,0,NONE,"BrhZOX8S","Quite likely",63,2,,false
20,26,0,NONE,"DgDyYqn6","Sure thing",106,4,,false
20,26,0,NONE,"qNJz9W3O","Piece of cake",115,5,,false
20,26,0,NONE,"WwXNMvdx","Risky",99,5,,false
20,26,0,NONE,"zgy7Mxtr","Rather detrimental",127,1,1,false
20,26,0,NONE,"pF4pi5Cm","Playing with fire",174,1,1,true
20,26,0,NONE,"MLwocLf0","Walk in the park",117,6,,false
20,26,0,NONE,"m0HdnxTi","Suicide mission",144,2,1,false
20,26,0,NONE,"vIxkuGCq","Playing with fire",141,3,1,false
20,26,0,NONE,"E1Z3Ah0Q","Suicide mission",102,2,2,false
20,27,0,NONE,"BrhZOX8S","Quite likely",63,1,,false
20,27,0,NONE,"DgDyYqn6","Sure thing",106,3,,true
20,27,0,NONE,"qNJz9W3O","Piece of cake",115,4,,false
20,27,0,NONE,"WwXNMvdx","Risky",99,4,,false
20,27,0,NONE,"MLwocLf0","Walk in the park",117,5,,false
20,27,0,NONE,"m0HdnxTi","Suicide mission",144,1,1,false
20,27,0,NONE,"vIxkuGCq","Playing with fire",141,2,1,false
20,27,0,NONE,"E1Z3Ah0Q","Suicide mission",102,1,2,false
20,27,0,NONE,"0TyuYcNk","Playing with fire",112,7,,false
20,27,0,NONE,"FubzrtRF","Suicide mission",106,2,2,false
20,28,0,NONE,"qNJz9W3O","Piece of cake",115,3,,false
20,28,0,NONE,"WwXNMvdx","Risky",99,3,,false
20,28,0,NONE,"MLwocLf0","Walk in the park",117,4,,false
20,28,0,NONE,"vIxkuGCq","Playing with fire",141,1,1,false
20,28,0,NONE,"0TyuYcNk","Playing with fire",112,6,,true
20,28,0,NONE,"FubzrtRF","Suicide mission",106,1,2,false
20,28,0,NONE,"LQhES8PY","Impossible",125,2,2,false
20,28,0,NONE,"4S1WsQCU","Suicide mission",147,3,1,false
20,28,0,NONE,"MQ1vjz5L","Playing with fire",159,2,1,false
20,28,0,NONE,"9p25DQE4","Suicide mission",161,3,1,false
20,30,0,NONE,"qNJz9W3O","Piece of cake",115,1,,true
20,30,0,NONE,"WwXNMvdx","Risky",99,1,,false
20,30,0,NONE,"MLwocLf0","Walk in the park",117,2,,false
20,30,0,NONE,"4S1WsQCU","Suicide mission",147,1,1,false
20,30,0,NONE,"9p25DQE4","Suicide mission",161,1,1,false
20,30,0,NONE,"zFkBKxY1","Impossible",142,2,1,false
20,30,0,NONE,"0IPkPgMl","Piece of cake",101,6,,false
20,30,0,NONE,"Ym1O1ZnU","Gamble",128,1,1,false
20,30,0,NONE,"o5qaZSaT","Quite likely",97,7,,false
20,30,0,NONE,"jTYBcpAY","Risky",125,2,1,false
20,31,0,NONE,"MLwocLf0","Walk in the park",117,1,,false
20,31,0,NONE,"zFkBKxY1","Impossible",142,1,1,false
20,31,0,NONE,"0IPkPgMl","Piece of cake",101,5,,false
20,31,0,NONE,"o5qaZSaT","Quite likely",97,6,,false
20,31,0,NONE,"jTYBcpAY","Risky",125,1,1,false
20,31,0,NONE,"fFSOPdEZ","Suicide mission",144,3,1,false
20,31,0,NONE,"iRidkpPh","Rather detrimental",96,7,,false
20,31,0,NONE,"gJZtQzuC","Rather detrimental",135,3,1,false
20,31,0,NONE,"EBZjS3Ss","Walk in the park",91,7,,true
20,31,0,NONE,"Qs1OaMMD","Piece of cake",104,7,,false
20,32,0,NONE,"0IPkPgMl","Piece of cake",101,4,,true
20,32,0,NONE,"o5qaZSaT","Quite likely",97,5,,false
20,32,0,NONE,"fFSOPdEZ","Suicide mission",144,2,1,false
20,32,0,NONE,"iRidkpPh","Rather detrimental",96,6,,false
20,32,0,NONE,"gJZtQzuC","Rather detrimental",135,2,1,false
20,32,0,NONE,"Qs1OaMMD","Piece of cake",104,6,,false
20,32,0,NONE,"jx99dxjo","Suicide mission",145,2,1,false
20,32,0,NONE,"GEyqQQUc","Suicide mission",132,2,1,false
20,32,0,NONE,"ozd7nb7o","Walk in the park",94,7,,false
20,32,0,NONE,"eKR922Dn","Piece of cake",87,7,,false
20,33,0,NONE,"o5qaZSaT","Quite likely",97,4,,false
20,33,0,NONE,"fFSOPdEZ","Suicide mission",144,1,1,false
20,33,0,NONE,"iRidkpPh","Rather detrimental",96,5,,true
20,33,0,NONE,"gJZtQzuC","Rather detrimental",135,1,1,false
20,33,0,NONE,"Qs1OaMMD","Piece of cake",104,5,,false
20,33,0,NONE,"jx99dxjo","Suicide mission",145,1,1,false
20,33,0,NONE,"GEyqQQUc","Suicide mission",132,1,1,false
20,33,0,NONE,"ozd7nb7o","Walk in the park",94,6,,false
20,33,0,NONE,"eKR922Dn","Piece of cake",87,6,,false
20,33,0,NONE,"tSh6TVsL","Suicide mission",140,3,1,false
20,35,0,NONE,"o5qaZSaT","Quite likely",97,2,,false
20,35,0,NONE,"Qs1OaMMD","Piece of cake",104,3,,true
20,35,0,NONE,"ozd7nb7o","Walk in the park",94,4,,false
20,35,0,NONE,"eKR922Dn","Piece of cake",87,4,,false
20,35,0,NONE,"tSh6TVsL","Suicide mission",140,1,1,false
20,35,0,NONE,"Qf59R0c0","Hmmm....",153,2,1,false
20,35,0,NONE,"HFo14fPC","Rather detrimental",131,1,1,false
20,35,0,NONE,"B2HyF83p","Hmmm....",84,6,,false
20,35,0,NONE,"6WRhrK0z","Suicide mission",151,1,1,false
20,35,0,NONE,"lX0sNv04","Playing with fire",84,6,,false
20,36,0,NONE,"o5qaZSaT","Quite likely",97,1,,false
20,36,0,NONE,"ozd7nb7o","Walk in the park",94,3,,false
20,36,0,NONE,"eKR922Dn","Piece of cake",87,3,,false
20,36,0,NONE,"Qf59R0c0","Hmmm....",153,1,1,true
20,36,0,NONE,"B2HyF83p","Hmmm....",84,5,,false
20,36,0,NONE,"lX0sNv04","Playing with fire",84,5,,false
20,36,0,NONE,"gWmxZBko","Gamble",67,7,,false
20,36,0,NONE,"2cXJEy9L","Gamble",87,7,,false
20,36,0,NONE,"rPBViSSt","Gamble",69,7,,false
20,36,0,NONE,"ozb4pLic","Gamble",113,7,,false
20,37,0,NONE,"ozd7nb7o","Walk in the park",94,2,,false
20,37,0,NONE,"eKR922Dn","Piece of cake",87,2,,true
20,37,0,NONE,"B2HyF83p","Hmmm....",84,4,,false
20,37,0,NONE,"lX0sNv04","Playing with fire",84,4,,false
20,37,0,NONE,"gWmxZBko","Gamble",67,6,,false
20,37,0,NONE,"2cXJEy9L","Gamble",87,6,,false
20,37,0,NONE,"rPBViSSt","Gamble",69,6,,false
20,37,0,NONE,"ozb4pLic","Gamble",113,6,,false
20,37,0,NONE,"VtRTlZuG","Risky",102,7,,false
20,37,0,NONE,"mMBq7VQj","Quite likely",85,7,,false
20,38,0,NONE,"ozd7nb7o","Walk in the park",94,1,,false
20,38,0,NONE,"B2HyF83p","Hmmm....",84,3,,false
20,38,0,NONE,"lX0sNv04","Playing with fire",84,3,,false
20,38,0,NONE,"gWmxZBko","Gamble",67,5,,false
20,38,0,NONE,"2cXJEy9L","Gamble",87,5,,false
20,38,0,NONE,"rPBViSSt","Gamble",69,5,,false
20,38,0,NONE,"ozb4pLic","Gamble",113,5,,false
20,38,0,NONE,"VtRTlZuG","Risky",102,6,,false
20,38,0,NONE,"mMBq7VQj","Quite likely",85,6,,false
20,38,0,NONE,"yCil1TXc","Walk in the park",82,7,,true
20,39,0,NONE,"B2HyF83p","Hmmm....",84,2,,false
20,39,0,NONE,"lX0sNv04","Playing with fire",84,2,,false
20,39,0,NONE,"gWmxZBko","Gamble",67,4,,false
20,39,0,NONE,"2cXJEy9L","Gamble",87,4,,false
20,39,0,NONE,"rPBViSSt","Gamble",69,4,,false
20,39,0,NONE,"ozb4pLic","Gamble",113,4,,false
20,39,0,NONE,"VtRTlZuG","Risky",102,5,,false
20,39,0,NONE,"mMBq7VQj","Quite likely",85,5,,false
20,39,0,NONE,"3XQKAFvU","Piece of cake",101,7,,true
20,39,0,NONE,"Bw5uEeac","Risky",83,7,,false
20,40,0,NONE,"B2HyF83p","Hmmm....",84,1,,false
20,40,0,NONE,"lX0sNv04","Playing with fire",84,1,,false
20,40,0,NONE,"gWmxZBko","Gamble",67,3,,false
20,40,0,NONE,"2cXJEy9L","Gamble",87,3,,false
20,40,0,NONE,"rPBViSSt","Gamble",69,3,,false
20,40,0,NONE,"ozb4pLic","Gamble",113,3,,false
20,40,0,NONE,"VtRTlZuG","Risky",102,4,,false
20,40,0,NONE,"mMBq7VQj","Quite likely",85,4,,true
20,40,0,NONE,"Bw5uEeac","Risky",83,6,,false
20,40,0,NONE,"uT5OtrT9","Quite likely",82,7,,false
20,42,0,NONE,"gWmxZBko","Gamble",67,1,,false
20,42,0,NONE,"2cXJEy9L","Gamble",87,1,,false
20,42,0,NONE,"rPBViSSt","Gamble",69,1,,false
20,42,0,NONE,"ozb4pLic","Gamble",113,1,,false
20,42,0,NONE,"VtRTlZuG","Risky",102,2,,false
20,42,0,NONE,"Bw5uEeac","Risky",83,4,,false
20,42,0,NONE,"uT5OtrT9","Quite likely",82,5,,true
20,42,0,NONE,"sCnaipW6","Suicide mission",87,6,,false
20,42,0,NONE,"zFaH8VBB","Risky",88,6,,false
20,42,0,NONE,"qpK4dqDd","Rather detrimental",73,6,,false
20,43,0,NONE,"VtRTlZuG","Risky",102,1,,true
20,43,0,NONE,"Bw5uEeac","Risky",83,3,,false
20,43,0,NONE,"sCnaipW6","Suicide mission",87,5,,false
20,43,0,NONE,"zFaH8VBB","Risky",88,5,,false
20,43,0,NONE,"qpK4dqDd","Rather detrimental",73,5,,false
20,43,0,NONE,"C1c18u2G","Suicide mission",92,7,,false
20,43,0,NONE,"xz5uRhyJ","Hmmm....",66,7,,false
20,43,0,NONE,"w9PPgQST","Hmmm....",79,7,,false
20,43,0,NONE,"vCekhE8f","Hmmm....",79,7,,false
20,43,0,NONE,"tAPitG5e","Hmmm....",79,7,,false
20,45,0,NONE,"Bw5uEeac","Risky",83,1,,false
20,45,0,NONE,"sCnaipW6","Suicide mission",87,3,,false
20,45,0,NONE,"zFaH8VBB","Risky",88,3,,true
20,45,0,NONE,"qpK4dqDd","Rather detrimental",73,3,,false
20,45,0,NONE,"C1c18u2G","Suicide mission",92,5,,false
20,45,0,NONE,"xz5uRhyJ","Hmmm....",66,5,,false
20,45,0,NONE,"w9PPgQST","Hmmm....",79,5,,false
20,45,0,NONE,"vCekhE8f","Hmmm....",79,5,,false
20,45,0,NONE,"tAPitG5e","Hmmm....",79,5,,false
20,45,0,NONE,"jJNCc4Gk","Playing with fire",70,6,,false
20,46,0,NONE,"sCnaipW6","Suicide mission",87,2,,false
20,46,0,NONE,"qpK4dqDd","Rather detrimental",73,2,,false
20,46,0,NONE,"C1c18u2G","Suicide mission",92,4,,false
20,46,0,NONE,"xz5uRhyJ","Hmmm....",66,4,,false
20,46,0,NONE,"w9PPgQST","Hmmm....",79,4,,false
20,46,0,NONE,"vCekhE8f","Hmmm....",79,4,,false
20,46,0,NONE,"tAPitG5e","Hmmm....",79,4,,false
20,46,0,NONE,"jJNCc4Gk","Playing with fire",70,5,,false
20,46,0,NONE,"R4mKB9ac","Playing with fire",77,7,,false
20,46,0,NONE,"8gl3z9We","Hmmm....",72,7,,true
20,48,0,NONE,"C1c18u2G","Suicide mission",92,2,,false
20,48,0,NONE,"xz5uRhyJ","Hmmm....",66,2,,false
20,48,0,NONE,"w9PPgQST","Hmmm....",79,2,,false
20,48,0,NONE,"vCekhE8f","Hmmm....",79,2,,false
20,48,0,NONE,"tAPitG5e","Hmmm....",79,2,,false
20,48,0,NONE,"jJNCc4Gk","Playing with fire",70,3,,false
20,48,0,NONE,"R4mKB9ac","Playing with fire",77,5,,false
20,48,0,NONE,"79Rf9fkF","Hmmm....",93,6,,true
20,48,0,NONE,"rUMzgNRR","Suicide mission",76,7,,false
20,48,0,NONE,"sFlwiVGs","Risky",80,7,,false
21,0,0,NONE,"BKtHNmNp","Piece of cake",10,7,,false
21,0,0,NONE,"SQfu9LMo","Walk in the park",22,7,,false
21,0,0,NONE,"MHnq5ENt","Piece of cake",8,7,,false
21,0,0,NONE,"9OrHT7bs","Piece of cake",13,7,,true
21,0,0,NONE,"qlcz56h3","Gamble",27,7,,false
21,0,0,NONE,"HwW8WlX3","Piece of cake",12,7,,false
21,0,0,NONE,"MYXERJOM","Piece of cake",11,7,,false
21,0,0,NONE,"uXtHu13a","Walk in the park",31,7,,false
21,0,0,NONE,"KExS8xPB","Piece of cake",24,7,,false
21,0,0,NONE,"kHeTxb8b","Piece of cake",14,7,,false
21,1,0,NONE,"BKtHNmNp","Piece of cake",10,6,,false
21,1,0,NONE,"SQfu9LMo","Walk in the park",22,6,,false
21,1,0,NONE,"MHnq5ENt","Piece of cake",8,6,,false
21,1,0,NONE,"qlcz56h3","Gamble",27,6,,false
21,1,0,NONE,"HwW8WlX3","Piece of cake",12,6,,false
21,1,0,NONE,"MYXERJOM","Piece of cake",11,6,,false
21,1,0,NONE,"uXtHu13a","Walk in the park",31,6,,false
21,1,0,NONE,"KExS8xPB","Piece of cake",24,6,,false
21,1,0,NONE,"kHeTxb8b","Piece of cake",14,6,,false
21,1,0,NONE,"AkKV67MU","Sure thing",61,7,,true
21,2,0,NONE,"BKtHNmNp","Piece of cake",10,5,,true
21,2,0,NONE,"SQfu9LMo","Walk in the park",22,5,,false
21,2,0,NONE,"MHnq5ENt","Piece of cake",8,5,,false
21,2,0,NONE,"qlcz56h3","Gamble",27,5,,false
21,2,0,NONE,"HwW8WlX3","Piece of cake",12,5,,false
21,2,0,NONE,"MYXERJOM","Piece of cake",11,5,,false
21,2,0,NONE,"uXtHu13a","Walk in the park",31,5,,false
21,2,0,NONE,"KExS8xPB","Piece of cake",24,5,,false
21,2,0,NONE,"kHeTxb8b","Piece of cake",14,5,,false
21,2,0,NONE,"iTKqZTkm","Gamble",9,7,,false
21,3,0,NONE,"SQfu9LMo","Walk in the park",22,4,,false
21,3,0,NONE,"MHnq5ENt","Piece of cake",8,4,,false
21,3,0,NONE,"qlcz56h3","Gamble",27,4,,false
21,3,0,NONE,"HwW8WlX3","Piece of cake",12,4,,true
21,3,0,NONE,"MYXERJOM","Piece of cake",11,4,,false
21,3,0,NONE,"uXtHu13a","Walk in the park",31,4,,false
21,3,0,NONE,"KExS8xPB","Piece of cake",24,4,,false
21,3,0,NONE,"kHeTxb8b","Piece of cake",14,4,,false
21,3,0,NONE,"iTKqZTkm","Gamble",9,6,,false
21,3,0,NONE,"CKcpiS8c","Quite likely",22,7,,false
21,4,0,NONE,"SQfu9LMo","Walk in the park",22,3,,false
21,4,0,NONE,"MHnq5ENt","Piece of cake",8,3,,false
21,4,0,NONE,"qlcz56h3","Gamble",27,3,,false
21,4,0,NONE,"MYXERJOM","Piece of cake",11,3,,false
21,4,0,NONE,"uXtHu13a","Walk in the park",31,3,,false
21,4,0,NONE,"KExS8xPB","Piece of cake",24,3,,true
21,4,0,NONE,"kHeTxb8b","Piece of cake",14,3,,false
21,4,0,NONE,"iTKqZTkm","Gamble",9,5,,false
21,4,0,NONE,"CKcpiS8c","Quite likely",22,6,,false
21,4,0,NONE,"AOyE6uXe","Rather detrimental",11,7,,false
21,5,0,NONE,"SQfu9LMo","Walk in the park",22,2,,false
21,5,0,NONE,"MHnq5ENt","Piece of cake",8,2,,false
21,5,0,NONE,"qlcz56h3","Gamble",27,2,,false
21,5,0,NONE,"MYXERJOM","Piece of cake",11,2,,false
21,5,0,NONE,"uXtHu13a","Walk in the park",31,2,,false
21,5,0,NONE,"kHeTxb8b","Piece of cake",14,2,,false
21,5,0,NONE,"iTKqZTkm","Gamble",9,4,,false
21,5,0,NONE,"CKcpiS8c","Quite likely",22,5,,false
21,5,0,NONE,"AOyE6uXe","Rather detrimental",11,6,,false
21,5,0,NONE,"C4SCNPY2","Piece of cake",20,7,,true
21,6,0,NONE,"SQfu9LMo","Walk in the park",22,1,,false
21,6,0,NONE,"MHnq5ENt","Piece of cake",8,1,,false
21,6,0,NONE,"qlcz56h3","Gamble",27,1,,true
21,6,0,NONE,"MYXERJOM","Piece of cake",11,1,,false
21,6,0,NONE,"uXtHu13a","Walk in the park",31,1,,false
21,6,0,NONE,"kHeTxb8b","Piece of cake",14,1,,false
21,6,0,NONE,"iTKqZTkm","Gamble",9,3,,false
21,6,0,NONE,"CKcpiS8c","Quite likely",22,4,,false
21,6,0,NONE,"AOyE6uXe","Rather detrimental",11,5,,false
21,6,0,NONE,"6sLAIbc7","Piece of cake",26,7,,false
21,7,0,NONE,"iTKqZTkm","Gamble",9,2,,false
21,7,0,NONE,"CKcpiS8c","Quite likely",22,3,,false
21,7,0,NONE,"AOyE6uXe","Rather detrimental",11,4,,false
21,7,0,NONE,"6sLAIbc7","Piece of cake",26,6,,false
21,7,0,NONE,"gGbucnbw","Walk in the park",12,7,,false
21,7,0,NONE,"XNcabOec","Gamble",18,7,,false
21,7,0,NONE,"QCGuKdjF","Rather detrimental",44,7,,false
21,7,0,NONE,"XnjLCW2y","Piece of cake",27,7,,false
21,7,0,NONE,"mKmsuLUG","Sure thing",16,7,,true
21,7,0,NONE,"z7KGgMlX","Hmmm....",32,7,,false
21,8,0,NONE,"iTKqZTkm","Gamble",9,1,,true
21,8,0,NONE,"CKcpiS8c","Quite likely",22,2,,false
21,8,0,NONE,"AOyE6uXe","Rather detrimental",11,3,,false
21,8,0,NONE,"6sLAIbc7","Piece of cake",26,5,,false
21,8,0,NONE,"gGbucnbw","Walk in the park",12,6,,false
21,8,0,NONE,"XNcabOec","Gamble",18,6,,false
21,8,0,NONE,"QCGuKdjF","Rather detrimental",44,6,,false
21,8,0,NONE,"XnjLCW2y","Piece of cake",27,6,,false
21,8,0,NONE,"z7KGgMlX","Hmmm....",32,6,,false
21,8,0,NONE,"tEp8LLfY","Piece of cake",14,7,,false
21,9,0,NONE,"CKcpiS8c","Quite likely",22,1,,false
21,9,0,NONE,"AOyE6uXe","Rather detrimental",11,2,,false
21,9,0,NONE,"6sLAIbc7","Piece of cake",26,4,,true
21,9,0,NONE,"gGbucnbw","Walk in the park",12,5,,false
21,9,0,NONE,"XNcabOec","Gamble",18,5,,false
21,9,0,NONE,"QCGuKdjF","Rather detrimental",44,5,,false
21,9,0,NONE,"XnjLCW2y","Piece of cake",27,5,,false
21,9,0,NONE,"z7KGgMlX","Hmmm....",32,5,,false
21,9,0,NONE,"tEp8LLfY","Piece of cake",14,6,,false
21,9,0,NONE,"RHDOts4y","Piece of cake",88,7,,false
21,10,0,NONE,"AOyE6uXe","Rather detrimental",11,1,,true
21,10,0,NONE,"gGbucnbw","Walk in the park",12,4,,false
21,10,0,NONE,"XNcabOec","Gamble",18,4,,false
21,10,0,NONE,"QCGuKdjF","Rather detrimental",44,4,,false
21,10,0,NONE,"XnjLCW2y","Piece of cake",27,4,,false
21,10,0,NONE,"z7KGgMlX","Hmmm....",32,4,,false
21,10,0,NONE,"tEp8LLfY","Piece of cake",14,5,,false
21,10,0,NONE,"RHDOts4y","Piece of cake",88,6,,false
21,10,0,NONE,"H6izS2vi","Hmmm....",25,7,,false
21,10,0,NONE,"FSSJywQL","Walk in the park",43,7,,false
21,11,0,NONE,"gGbucnbw","Walk in the park",12,3,,false
21,11,0,NONE,"XNcabOec","Gamble",18,3,,false
21,11,0,NONE,"QCGuKdjF","Rather detrimental",44,3,,false
21,11,0,NONE,"XnjLCW2y","Piece of cake",27,3,,false
21,11,0,NONE,"z7KGgMlX","Hmmm....",32,3,,false
21,11,0,NONE,"tEp8LLfY","Piece of cake",14,4,,false
21,11,0,NONE,"RHDOts4y","Piece of cake",88,5,,true
21,11,0,NONE,"H6izS2vi","Hmmm....",25,6,,false
21,11,0,NONE,"FSSJywQL","Walk in the park",43,6,,false
21,11,0,NONE,"mju0c7Ui","Walk in the park",52,7,,false
21,12,0,NONE,"gGbucnbw","Walk in the park",12,2,,false
21,12,0,NONE,"XNcabOec","Gamble",18,2,,false
21,12,0,NONE,"QCGuKdjF","Rather detrimental",44,2,,false
21,12,0,NONE,"XnjLCW2y","Piece of cake",27,2,,false
21,12,0,NONE,"z7KGgMlX","Hmmm....",32,2,,false
21,12,0,NONE,"tEp8LLfY","Piece of cake",14,3,,false
21,12,0,NONE,"H6izS2vi","Hmmm....",25,5,,false
21,12,0,NONE,"FSSJywQL","Walk in the park",43,5,,false
21,12,0,NONE,"mju0c7Ui","Walk in the park",52,6,,false
21,12,0,NONE,"Jk3WuC7C","Piece of cake",46,7,,true
21,13,0,NONE,"gGbucnbw","Walk in the park",12,1,,false
21,13,0,NONE,"XNcabOec","Gamble",18,1,,true
21,13,0,NONE,"QCGuKdjF","Rather detrimental",44,1,,false
21,13,0,NONE,"XnjLCW2y","Piece of cake",27,1,,false
21,13,0,NONE,"z7KGgMlX","Hmmm....",32,1,,false
21,13,0,NONE,"tEp8LLfY","Piece of cake",14,2,,false
21,13,0,NONE,"H6izS2vi","Hmmm....",25,4,,false
21,13,0,NONE,"FSSJywQL","Walk in the park",43,4,,false
21,13,0,NONE,"mju0c7Ui","Walk in the park",52,5,,false
21,13,0,NONE,"USUnE9ay","Gamble",39,7,,false
21,14,0,NONE,"tEp8LLfY","Piece of cake",14,1,,true
21,14,0,NONE,"H6izS2vi","Hmmm....",25,3,,false
21,14,0,NONE,"FSSJywQL","Walk in the park",43,3,,false
21,14,0,NONE,"mju0c7Ui","Walk in the park",52,4,,false
21,14,0,NONE,"USUnE9ay","Gamble",39,6,,false
21,14,0,NONE,"vmOGTJik","Piece of cake",39,7,,false
21,14,0,NONE,"YMOIpexz","Walk in the park",29,7,,false
21,14,0,NONE,"V2byKadK","Playing with fire",31,7,,false
21,14,0,NONE,"rpMj53lo","Quite likely",34,7,,false
21,14,0,NONE,"E7J0mVir","Hmmm....",25,7,,false
21,15,0,NONE,"H6izS2vi","Hmmm....",25,2,,false
21,15,0,NONE,"FSSJywQL","Walk in the park",43,2,,false
21,15,0,NONE,"mju0c7Ui","Walk in the park",52,3,,false
21,15,0,NONE,"USUnE9ay","Gamble",39,5,,false
21,15,0,NONE,"vmOGTJik","Piece of cake",39,6,,true
21,15,0,NONE,"YMOIpexz","Walk in the park",29,6,,false
21,15,0,NONE,"V2byKadK","Playing with fire",31,6,,false
21,15,0,NONE,"rpMj53lo","Quite likely",34,6,,false
21,15,0,NONE,"E7J0mVir","Hmmm....",25,6,,false
21,15,0,NONE,"Vkw2aDVk","Risky",67,7,,false
21,16,0,NONE,"H6izS2vi","Hmmm....",25,1,,false
21,16,0,NONE,"FSSJywQL","Walk in the park",43,1,,false
21,16,0,NONE,"mju0c7Ui","Walk in the park",52,2,,false
21,16,0,NONE,"USUnE9ay","Gamble",39,4,,false
21,16,0,NONE,"YMOIpexz","Walk in the park",29,5,,false
21,16,0,NONE,"V2byKadK","Playing with fire",31,5,,false
21,16,0,NONE,"rpMj53lo","Quite likely",34,5,,false
21,16,0,NONE,"E7J0mVir","Hmmm....",25,5,,true
21,16,0,NONE,"Vkw2aDVk","Risky",67,6,,false
21,16,0,NONE,"iklLmmtN","Playing with fire",149,2,1,false
21,17,0,NONE,"mju0c7Ui","Walk in the park",52,1,,false
21,17,0,NONE,"USUnE9ay","Gamble",39,3,,false
21,17,0,NONE,"YMOIpexz","Walk in the park",29,4,,false
21,17,0,NONE,"V2byKadK","Playing with fire",31,4,,true
21,17,0,NONE,"rpMj53lo","Quite likely",34,4,,false
21,17,0,NONE,"Vkw2aDVk","Risky",67,5,,false
21,17,0,NONE,"iklLmmtN","Playing with fire",149,1,1,false
21,17,0,NONE,"uqEyhLjl","Playing with fire",143,3,1,false
21,17,0,NONE,"pRIF6iMt","Gamble",146,2,1,false
21,17,0,NONE,"zaAhA8mx","Risky",52,7,,false
21,18,0,NONE,"USUnE9ay","Gamble",39,2,,false
21,18,0,NONE,"YMOIpexz","Walk in the park",29,3,,false
21,18,0,NONE,"rpMj53lo","Quite likely",34,3,,false
21,18,0,NONE,"Vkw2aDVk","Risky",67,4,,false
21,18,0,NONE,"uqEyhLjl","Playing with fire",143,2,1,false
21,18,0,NONE,"pRIF6iMt","Gamble",146,1,1,false
21,18,0,NONE,"zaAhA8mx","Risky",52,6,,false
21,18,0,NONE,"jWeAUvau","Gamble",61,7,,true
21,18,0,NONE,"TorgAcwC","Walk in the park",33,7,,false
21,18,0,NONE,"uj5hH0Qh","Quite likely",148,3,1,false
21,19,0,NONE,"USUnE9ay","Gamble",39,1,,false
21,19,0,NONE,"YMOIpexz","Walk in the park",29,2,,false
21,19,0,NONE,"rpMj53lo","Quite likely",34,2,,false
21,19,0,NONE,"Vkw2aDVk","Risky",67,3,,false
21,19,0,NONE,"uqEyhLjl","Playing with fire",143,1,1,false
21,19,0,NONE,"zaAhA8mx","Risky",52,5,,false
21,19,0,NONE,"TorgAcwC","Walk in the park",33,6,,false
21,19,0,NONE,"uj5hH0Qh","Quite likely",148,2,1,false
21,19,0,NONE,"atGfUOum","Walk in the park",68,7,,false
21,19,0,NONE,"iCKufzwn","Piece of cake",55,7,,true
21,20,0,NONE,"YMOIpexz","Walk in the park",29,1,,false
21,20,0,NONE,"rpMj53lo","Quite likely",34,1,,false
21,20,0,NONE,"Vkw2aDVk","Risky",67,2,,false
21,20,0,NONE,"zaAhA8mx","Risky",52,4,,false
21,20,0,NONE,"TorgAcwC","Walk in the park",33,5,,false
21,20,0,NONE,"uj5hH0Qh","Quite likely",148,1,1,false
21,20,0,NONE,"atGfUOum","Walk in the park",68,6,,true
21,20,0,NONE,"Ib0Iaxp4","Gamble",146,3,1,false
21,20,0,NONE,"w4Ffpb6Z","Hmmm....",54,7,,false
21,20,0,NONE,"vsLROOwa","Risky",54,7,,false
21,21,0,NONE,"Vkw2aDVk","Risky",67,1,,true
21,21,0,NONE,"zaAhA8mx","Risky",52,3,,false
21,21,0,NONE,"TorgAcwC","Walk in the park",33,4,,false
21,21,0,NONE,"Ib0Iaxp4","Gamble",146,2,1,false
21,21,0,NONE,"w4Ffpb6Z","Hmmm....",54,6,,false
21,21,0,NONE,"vsLROOwa","Risky",54,6,,false
21,21,0,NONE,"4DjvzR9w","Gamble",61,7,,false
21,21,0,NONE,"w3mYb2AT","Playing with fire",129,3,1,false
21,21,0,NONE,"iYCoVfKU","Playing with fire",120,2,1,false
21,21,0,NONE,"LdYt27OC","Rather detrimental",140,3,1,false
21,23,0,NONE,"zaAhA8mx","Risky",52,1,,false
21,23,0,NONE,"TorgAcwC","Walk in the park",33,2,,false
21,23,0,NONE,"w4Ffpb6Z","Hmmm....",54,4,,false
21,23,0,NONE,"vsLROOwa","Risky",54,4,,true
21,23,0,NONE,"4DjvzR9w","Gamble",61,5,,false
21,23,0,NONE,"w3mYb2AT","Playing with fire",129,1,1,false
21,23,0,NONE,"LdYt27OC","Rather detrimental",140,1,1,false
21,23,0,NONE,"i3VvBxio","Gamble",143,2,1,false
21,23,0,NONE,"7e3QMszl","Gamble",58,7,,false
21,23,0,NONE,"KJSkeN6X","Suicide mission",159,3,1,false
21,24,0,NONE,"TorgAcwC","Walk in the park",33,1,,false
21,24,0,NONE,"w4Ffpb6Z","Hmmm....",54,3,,false
21,24,0,NONE,"4DjvzR9w","Gamble",61,4,,false
21,24,0,NONE,"i3VvBxio","Gamble",143,1,1,false
21,24,0,NONE,"7e3QMszl","Gamble",58,6,,true
21,24,0,NONE,"KJSkeN6X","Suicide mission",159,2,1,false
21,24,0,NONE,"IWnYW4nv","Impossible",116,2,1,false
21,24,0,NONE,"adez1doC","Rather detrimental",62,7,,false
21,24,0,NONE,"bxeUK1MS","Rather detrimental",63,7,,false
21,24,0,NONE,"FtL8lVPk","Piece of cake",113,7,,false
21,25,0,NONE,"w4Ffpb6Z","Hmmm....",54,2,,false
21,25,0,NONE,"4DjvzR9w","Gamble",61,3,,false
21,25,0,NONE,"KJSkeN6X","Suicide mission",159,1,1,false
21,25,0,NONE,"IWnYW4nv","Impossible",116,1,1,false
21,25,0,NONE,"adez1doC","Rather detrimental",62,6,,false
21,25,0,NONE,"bxeUK1MS","Rather detrimental",63,6,,false
21,25,0,NONE,"FtL8lVPk","Piece of cake",113,6,,true
21,25,0,NONE,"5p4ZQTDQ","Suicide mission",132,2,1,false
21,25,0,NONE,"GPY9d9C3","Risky",150,2,1,false
21,25,0,NONE,"9n1h8nbO","Playing with fire",154,2,1,false
21,26,0,NONE,"w4Ffpb6Z","Hmmm....",54,1,,true
21,26,0,NONE,"4DjvzR9w","Gamble",61,2,,false
21,26,0,NONE,"adez1doC","Rather detrimental",62,5,,false
21,26,0,NONE,"bxeUK1MS","Rather detrimental",63,5,,false
21,26,0,NONE,"5p4ZQTDQ","Suicide mission",132,1,1,false
21,26,0,NONE,"GPY9d9C3","Risky",150,1,1,false
21,26,0,NONE,"9n1h8nbO","Playing with fire",154,1,1,false
21,26,0,NONE,"RqSrARbG","Piece of cake",87,7,,false
21,26,0,NONE,"qyiAVkvG","Hmmm....",153,3,1,false
21,26,0,NONE,"45t0zgXQ","Piece of cake",106,7,,false
21,28,0,NONE,"adez1doC","Rather detrimental",62,3,,false
21,28,0,NONE,"bxeUK1MS","Rather detrimental",63,3,,false
21,28,0,NONE,"RqSrARbG","Piece of cake",87,5,,false
21,28,0,NONE,"qyiAVkvG","Hmmm....",153,1,1,false
21,28,0,NONE,"45t0zgXQ","Piece of cake",106,5,,true
21,28,0,NONE,"ChitjnAC","Impossible",118,1,2,false
21,28,0,NONE,"KizHL3M2","Impossible",148,1,2,false
21,28,0,NONE,"5wRK5VBl","Suicide mission",148,2,1,false
21,28,0,NONE,"TinCv8JF","Rather detrimental",121,2,1,false
21,28,0,NONE,"vWhPCRuC","Impossible",111,2,2,false
21,29,0,NONE,"adez1doC","Rather detrimental",62,2,,false
21,29,0,NONE,"bxeUK1MS","Rather detrimental",63,2,,false
21,29,0,NONE,"RqSrARbG","Piece of cake",87,4,,false
21,29,0,NONE,"5wRK5VBl","Suicide mission",148,1,1,false
21,29,0,NONE,"TinCv8JF","Rather detrimental",121,1,1,true
21,29,0,NONE,"vWhPCRuC","Impossible",111,1,2,false
21,29,0,NONE,"lr64jQoa","Impossible",122,2,2,false
21,29,0,NONE,"8IfqAjvG","Rather detrimental",167,3,1,false
21,29,0,NONE,"rQmELKag","Impossible",120,2,2,false
21,29,0,NONE,"7ZKfoYsk","Impossible",102,2,2,false
21,30,0,NONE,"adez1doC","Rather detrimental",62,1,,false
21,30,0,NONE,"bxeUK1MS","Rather detrimental",63,1,,false
21,30,0,NONE,"RqSrARbG","Piece of cake",87,3,,true
21,30,0,NONE,"lr64jQoa","Impossible",122,1,2,false
21,30,0,NONE,"8IfqAjvG","Rather detrimental",167,2,1,false
21,30,0,NONE,"rQmELKag","Impossible",120,1,2,false
21,30,0,NONE,"7ZKfoYsk","Impossible",102,1,2,false
21,30,0,NONE,"hPbE2rOW","Walk in the park",112,7,,false
21,30,0,NONE,"DpCiQLXp","Quite likely",89,7,,false
21,30,0,NONE,"Hw1kD1qK","Risky",103,7,,false
21,31,0,NONE,"8IfqAjvG","Rather detrimental",167,1,1,false
21,31,0,NONE,"hPbE2rOW","Walk in the park",112,6,,false
21,31,0,NONE,"DpCiQLXp","Quite likely",89,6,,false
21,31,0,NONE,"Hw1kD1qK","Risky",103,6,,false
21,31,0,NONE,"zASPv0DE","Piece of cake",94,7,,true
21,31,0,NONE,"dwjNhvQL","Playing with fire",94,7,,false
21,31,0,NONE,"pTYNsiph","Suicide mission",140,3,1,false
21,31,0,NONE,"4wOD0e96","Suicide mission",126,3,1,false
21,31,0,NONE,"veW7v1K5","Suicide mission",143,2,1,false
21,31,0,NONE,"5fNwb9EF","Hmmm....",114,7,,false
21,32,0,NONE,"hPbE2rOW","Walk in the park",112,5,,true
21,32,0,NONE,"DpCiQLXp","Quite likely",89,5,,false
21,32,0,NONE,"Hw1kD1qK","Risky",103,5,,false
21,32,0,NONE,"dwjNhvQL","Playing with fire",94,6,,false
21,32,0,NONE,"pTYNsiph","Suicide mission",140,2,1,false
21,32,0,NONE,"4wOD0e96","Suicide mission",126,2,1,false
21,32,0,NONE,"veW7v1K5","Suicide mission",143,1,1,false
21,32,0,NONE,"5fNwb9EF","Hmmm....",114,6,,false
21,32,0,NONE,"cgQABFWK","Playing with fire",139,3,1,false
21,32,0,NONE,"RzS2ZJJC","Rather detrimental",114,7,,false
21,33,0,NONE,"DpCiQLXp","Quite likely",89,4,,false
21,33,0,NONE,"Hw1kD1qK","Risky",103,4,,false
21,33,0,NONE,"dwjNhvQL","Playing with fire",94,5,,false
21,33,0,NONE,"pTYNsiph","Suicide mission",140,1,1,false
21,33,0,NONE,"4wOD0e96","Suicide mission",126,1,1,false
21,33,0,NONE,"5fNwb9EF","Hmmm....",114,5,,false
21,33,0,NONE,"cgQABFWK","Playing with fire",139,2,1,false
21,33,0,NONE,"RzS2ZJJC","Rather detrimental",114,6,,false
21,33,0,NONE,"dRqGsdiO","Suicide mission",161,3,1,true
21,33,0,NONE,"BSdLOR3M","Suicide mission",169,2,1,false
21,34,0,NONE,"DpCiQLXp","Quite likely",89,3,,false
21,34,0,NONE,"Hw1kD1qK","Risky",103,3,,false
21,34,0,NONE,"dwjNhvQL","Playing with fire",94,4,,false
21,34,0,NONE,"5fNwb9EF","Hmmm....",114,4,,false
21,34,0,NONE,"cgQABFWK","Playing with fire",139,1,1,true
21,34,0,NONE,"RzS2ZJJC","Rather detrimental",114,5,,false
21,34,0,NONE,"BSdLOR3M","Suicide mission",169,1,1,false
21,34,0,NONE,"vxdYxmvk","Rather detrimental",105,7,,false
21,34,0,NONE,"9MwASUXS","Rather detrimental",87,7,,false
21,34,0,NONE,"WewJaaaY","Hmmm....",147,3,1,false
21,36,0,NONE,"DpCiQLXp","Quite likely",89,1,,true
21,36,0,NONE,"Hw1kD1qK","Risky",103,1,,false
21,36,0,NONE,"dwjNhvQL","Playing with fire",94,2,,false
21,36,0,NONE,"5fNwb9EF","Hmmm....",114,2,,false
21,36,0,NONE,"RzS2ZJJC","Rather detrimental",114,3,,false
21,36,0,NONE,"vxdYxmvk","Rather detrimental",105,5,,false
21,36,0,NONE,"9MwASUXS","Rather detrimental",87,5,,false
21,36,0,NONE,"WewJaaaY","Hmmm....",147,1,1,false
21,36,0,NONE,"TPYe9hIf","Quite likely",95,6,,false
21,36,0,NONE,"KiNkoMET","Sure thing",87,6,,false
21,37,0,NONE,"dwjNhvQL","Playing with fire",94,1,,false
21,37,0,NONE,"5fNwb9EF","Hmmm....",114,1,,false
21,37,0,NONE,"RzS2ZJJC","Rather detrimental",114,2,,false
21,37,0,NONE,"vxdYxmvk","Rather detrimental",105,4,,false
21,37,0,NONE,"9MwASUXS","Rather detrimental",87,4,,false
21,37,0,NONE,"TPYe9hIf","Quite likely",95,5,,false
21,37,0,NONE,"KiNkoMET","Sure thing",87,5,,true
21,37,0,NONE,"if6tkk7m","Walk in the park",68,7,,false
21,37,0,NONE,"sOkcVjZA","Rather detrimental",95,7,,false
21,37,0,NONE,"5yeuTB9f","Gamble",77,7,,false
21,38,0,NONE,"RzS2ZJJC","Rather detrimental",114,1,,false
21,38,0,NONE,"vxdYxmvk","Rather detrimental",105,3,,false
21,38,0,NONE,"9MwASUXS","Rather detrimental",87,3,,false
21,38,0,NONE,"TPYe9hIf","Quite likely",95,4,,false
21,38,0,NONE,"if6tkk7m","Walk in the park",68,6,,false
21,38,0,NONE,"sOkcVjZA","Rather detrimental",95,6,,true
21,38,0,NONE,"5yeuTB9f","Gamble",77,6,,false
21,38,0,NONE,"DpqMAeEw","Risky",102,7,,false
21,38,0,NONE,"LXXgSJeD","Playing with fire",104,7,,false
21,38,0,NONE,"Lfjt64r3","Walk in the park",83,7,,false
21,39,0,NONE,"vxdYxmvk","Rather detrimental",105,2,,false
21,39,0,NONE,"9MwASUXS","Rather detrimental",87,2,,false
21,39,0,NONE,"TPYe9hIf","Quite likely",95,3,,false
21,39,0,NONE,"if6tkk7m","Walk in the park",68,5,,false
21,39,0,NONE,"5yeuTB9f","Gamble",77,5,,false
21,39,0,NONE,"DpqMAeEw","Risky",102,6,,false
21,39,0,NONE,"LXXgSJeD","Playing with fire",104,6,,false
21,39,0,NONE,"Lfjt64r3","Walk in the park",83,6,,false
21,39,0,NONE,"AFVEbbi2","Rather detrimental",83,7,,false
21,39,0,NONE,"YKqlD9zc","Piece of cake",96,7,,true
21,40,0,NONE,"vxdYxmvk","Rather detrimental",105,1,,false
21,40,0,NONE,"9MwASUXS","Rather detrimental",87,1,,true
21,40,0,NONE,"TPYe9hIf","Quite likely",95,2,,false
21,40,0,NONE,"if6tkk7m","Walk in the park",68,4,,false
21,40,0,NONE,"5yeuTB9f","Gamble",77,4,,false
21,40,0,NONE,"DpqMAeEw","Risky",102,5,,false
21,40,0,NONE,"LXXgSJeD","Playing with fire",104,5,,false
21,40,0,NONE,"Lfjt64r3","Walk in the park",83,5,,false
21,40,0,NONE,"AFVEbbi2","Rather detrimental",83,6,,false
21,40,0,NONE,"uDr3PmKV","Risky",83,7,,false
21,41,0,NONE,"TPYe9hIf","Quite likely",95,1,,true
21,41,0,NONE,"if6tkk7m","Walk in the park",68,3,,false
21,41,0,NONE,"5yeuTB9f","Gamble",77,3,,false
21,41,0,NONE,"DpqMAeEw","Risky",102,4,,false
21,41,0,NONE,"LXXgSJeD","Playing with fire",104,4,,false
21,41,0,NONE,"Lfjt64r3","Walk in the park",83,4,,false
21,41,0,NONE,"AFVEbbi2","Rather detrimental",83,5,,false
21,41,0,NONE,"uDr3PmKV","Risky",83,6,,false
21,41,0,NONE,"oGuQAoIN","Walk in the park",82,7,,false
21,41,0,NONE,"8IPkO5ju","Quite likely",98,7,,false
21,42,0,NONE,"if6tkk7m","Walk in the park",68,2,,false
21,42,0,NONE,"5yeuTB9f","Gamble",77,2,,false
21,42,0,NONE,"DpqMAeEw","Risky",102,3,,false
21,42,0,NONE,"LXXgSJeD","Playing with fire",104,3,,false
21,42,0,NONE,"Lfjt64r3","Walk in the park",83,3,,false
21,42,0,NONE,"AFVEbbi2","Rather detrimental",83,4,,false
21,42,0,NONE,"uDr3PmKV","Risky",83,5,,false
21,42,0,NONE,"oGuQAoIN","Walk in the park",82,6,,false
21,42,0,NONE,"8IPkO5ju","Quite likely",98,6,,false
21,42,0,NONE,"2OOwNWRK","Piece of cake",76,7,,true
21,43,0,NONE,"if6tkk7m","Walk in the park",68,1,,true
21,43,0,NONE,"5yeuTB9f","Gamble",77,1,,false
21,43,0,NONE,"DpqMAeEw","Risky",102,2,,false
21,43,0,NONE,"LXXgSJeD","Playing with fire",104,2,,false
21,43,0,NONE,"Lfjt64r3","Walk in the park",83,2,,false
21,43,0,NONE,"AFVEbbi2","Rather detrimental",83,3,,false
21,43,0,NONE,"uDr3PmKV","Risky",83,4,,false
21,43,0,NONE,"oGuQAoIN","Walk in the park",82,5,,false
21,43,0,NONE,"8IPkO5ju","Quite likely",98,5,,false
21,43,0,NONE,"ug4484KT","Rather detrimental",96,7,,false
21,44,0,NONE,"DpqMAeEw","Risky",102,1,,false
21,44,0,NONE,"LXXgSJeD","Playing with fire",104,1,,false
21,44,0,NONE,"Lfjt64r3","Walk in the park",83,1,,false
21,44,0,NONE,"AFVEbbi2","Rather detrimental",83,2,,false
21,44,0,NONE,"uDr3PmKV","Risky",83,3,,true
21,44,0,NONE,"oGuQAoIN","Walk in the park",82,4,,false
21,44,0,NONE,"8IPkO5ju","Quite likely",98,4,,false
21,44,0,NONE,"ug4484KT","Rather detrimental",96,6,,false
21,44,0,NONE,"Q1OLFyTK","Piece of cake",67,7,,false
21,44,0,NONE,"P1u017Es","Quite likely",81,7,,false
21,45,0,NONE,"AFVEbbi2","Rather detrimental",83,1,,true
21,45,0,NONE,"oGuQAoIN","Walk in the park",82,3,,false
21,45,0,NONE,"8IPkO5ju","Quite likely",98,3,,false
21,45,0,NONE,"ug4484KT","Rather detrimental",96,5,,false
21,45,0,NONE,"Q1OLFyTK","Piece of cake",67,6,,false
21,45,0,NONE,"P1u017Es","Quite likely",81,6,,false
21,45,0,NONE,"yBSHuxsp","Gamble",72,7,,false
21,45,0,NONE,"w6GAmsD9","Rather detrimental",60,7,,false
21,45,0,NONE,"XxnVrSxx","Gamble",80,7,,false
21,45,0,NONE,"FU3ZJNpS","Rather detrimental",61,7,,false
21,47,0,NONE,"oGuQAoIN","Walk in the park",82,1,,false
21,47,0,NONE,"8IPkO5ju","Quite likely",98,1,,false
21,47,0,NONE,"ug4484KT","Rather detrimental",96,3,,false
21,47,0,NONE,"Q1OLFyTK","Piece of cake",67,4,,false
21,47,0,NONE,"P1u017Es","Quite likely",81,4,,true
21,47,0,NONE,"yBSHuxsp","Gamble",72,5,,false
21,47,0,NONE,"w6GAmsD9","Rather detrimental",60,5,,false
21,47,0,NONE,"XxnVrSxx","Gamble",80,5,,false
21,47,0,NONE,"FU3ZJNpS","Rather detrimental",61,5,,false
21,47,0,NONE,"eQsBDQhF","Playing with fire",83,6,,false
21,49,0,NONE,"ug4484KT","Rather detrimental",96,1,,true
21,49,0,NONE,"Q1OLFyTK","Piece of cake",67,2,,false
21,49,0,NONE,"yBSHuxsp","Gamble",72,3,,false
21,49,0,NONE,"w6GAmsD9","Rather detrimental",60,3,,false
21,49,0,NONE,"XxnVrSxx","Gamble",80,3,,false
21,49,0,NONE,"FU3ZJNpS","Rather detrimental",61,3,,false
21,49,0,NONE,"eQsBDQhF","Playing with fire",83,4,,false
21,49,0,NONE,"Be8GwR5A","Suicide mission",61,6,,false
21,49,0,NONE,"H6hmLWPR","Rather detrimental",68,6,,false
21,49,0,NONE,"YQlbdG5q","Hmmm....",68,6,,false
22,0,0,NONE,"HETqW1fd","Piece of cake",69,7,,false
22,0,0,NONE,"TC7T1cI8","Piece of cake",9,7,,false
22,0,0,NONE,"SEN93FyC","Piece of cake",8,7,,false
22,0,0,NONE,"cHiKnQ3L","Rather detrimental",42,7,,false
22,0,0,NONE,"bR9stPB8","Piece of cake",10,7,,false
22,0,0,NONE,"0U4dJTTW","Piece of cake",28,7,,false
22,0,0,NONE,"ab0kssvB","Sure thing",50,7,,true
22,0,0,NONE,"DrnCDkuG","Gamble",37,7,,false
22,0,0,NONE,"sYh0bRA9","Piece of cake",3,7,,false
22,0,0,NONE,"DJMZMQoV","Walk in the park",38,7,,false
22,1,0,NONE,"HETqW1fd","Piece of cake",69,6,,false
22,1,0,NONE,"TC7T1cI8","Piece of cake",9,6,,false
22,1,0,NONE,"SEN93FyC","Piece of cake",8,6,,false
22,1,0,NONE,"cHiKnQ3L","Rather detrimental",42,6,,false
22,1,0,NONE,"bR9stPB8","Piece of cake",10,6,,false
22,1,0,NONE,"0U4dJTTW","Piece of cake",28,6,,true
22,1,0,NONE,"DrnCDkuG","Gamble",37,6,,false
22,1,0,NONE,"sYh0bRA9","Piece of cake",3,6,,false
22,1,0,NONE,"DJMZMQoV","Walk in the park",38,6,,false
22,1,0,NONE,"p9RgivJB","Walk in the park",36,7,,false
22,2,0,NONE,"HETqW1fd","Piece of cake",69,5,,false
22,2,0,NONE,"TC7T1cI8","Piece of cake",9,5,,false
22,2,0,NONE,"SEN93FyC","Piece of cake",8,5,,false
22,2,0,NONE,"cHiKnQ3L","Rather detrimental",42,5,,false
22,2,0,NONE,"bR9stPB8","Piece of cake",10,5,,false
22,2,0,NONE,"DrnCDkuG","Gamble",37,5,,false
22,2,0,NONE,"sYh0bRA9","Piece of cake",3,5,,false
22,2,0,NONE,"DJMZMQoV","Walk in the park",38,5,,false
22,2,0,NONE,"p9RgivJB","Walk in the park",36,6,,false
22,2,0,NONE,"mL2O8Vvb","Sure thing",9,7,,true
22,3,0,NONE,"HETqW1fd","Piece of cake",69,4,,true
22,3,0,NONE,"TC7T1cI8","Piece of cake",9,4,,false
22,3,0,NONE,"SEN93FyC","Piece of cake",8,4,,false
22,3,0,NONE,"cHiKnQ3L","Rather detrimental",42,4,,false
22,3,0,NONE,"bR9stPB8","Piece of cake",10,4,,false
22,3,0,NONE,"DrnCDkuG","Gamble",37,4,,false
22,3,0,NONE,"sYh0bRA9","Piece of cake",3,4,,false
22,3,0,NONE,"DJMZMQoV","Walk in the park",38,4,,false
22,3,0,NONE,"p9RgivJB","Walk in the park",36,5,,false
22,3,0,NONE,"FSTXk6a4","Quite likely",6,7,,false
22,4,0,NONE,"TC7T1cI8","Piece of cake",9,3,,false
22,4,0,NONE,"SEN93FyC","Piece of cake",8,3,,true
22,4,0,NONE,"cHiKnQ3L","Rather detrimental",42,3,,false
22,4,0,NONE,"bR9stPB8","Piece of cake",10,3,,false
22,4,0,NONE,"DrnCDkuG","Gamble",37,3,,false
22,4,0,NONE,"sYh0bRA9","Piece of cake",3,3,,false
22,4,0,NONE,"DJMZMQoV","Walk in the park",38,3,,false
22,4,0,NONE,"p9RgivJB","Walk in the park",36,4,,false
22,4,0,NONE,"FSTXk6a4","Quite likely",6,6,,false
22,4,0,NONE,"mZc6NUJp","Risky",7,7,,false
22,5,0,NONE,"TC7T1cI8","Piece of cake",9,2,,true
22,5,0,NONE,"cHiKnQ3L","Rather detrimental",42,2,,false
22,5,0,NONE,"bR9stPB8","Piece of cake",10,2,,false
22,5,0,NONE,"DrnCDkuG","Gamble",37,2,,false
22,5,0,NONE,"sYh0bRA9","Piece of cake",3,2,,false
22,5,0,NONE,"DJMZMQoV","Walk in the park",38,2,,false
22,5,0,NONE,"p9RgivJB","Walk in the park",36,3,,false
22,5,0,NONE,"FSTXk6a4","Quite likely",6,5,,false
22,5,0,NONE,"mZc6NUJp","Risky",7,6,,false
22,5,0,NONE,"WFFubQyr","Gamble",76,7,,false
22,6,0,NONE,"cHiKnQ3L","Rather detrimental",42,1,,false
22,6,0,NONE,"bR9stPB8","Piece of cake",10,1,,false
22,6,0,NONE,"DrnCDkuG","Gamble",37,1,,false
22,6,0,NONE,"sYh0bRA9","Piece of cake",3,1,,false
22,6,0,NONE,"DJMZMQoV","Walk in the park",38,1,,false
22,6,0,NONE,"p9RgivJB","Walk in the park",36,2,,false
22,6,0,NONE,"FSTXk6a4","Quite likely",6,4,,false
22,6,0,NONE,"mZc6NUJp","Risky",7,5,,false
22,6,0,NONE,"WFFubQyr","Gamble",76,6,,false
22,6,0,NONE,"YGDqRt39","Rather detrimental",36,7,,true
22,7,0,NONE,"p9RgivJB","Walk in the park",36,1,,false
22,7,0,NONE,"FSTXk6a4","Quite likely",6,3,,false
22,7,0,NONE,"mZc6NUJp","Risky",7,4,,false
22,7,0,NONE,"WFFubQyr","Gamble",76,5,,false
22,7,0,NONE,"LgDAt16D","Gamble",21,7,,false
22,7,0,NONE,"3LoCdAq7","Sure thing",49,7,,false
22,7,0,NONE,"pyJ1eWhK","Suicide mission",34,7,,false
22,7,0,NONE,"MnnuA2m8","Walk in the park",47,7,,true
22,7,0,NONE,"CQrrodDt","Piece of cake",46,7,,false
22,7,0,NONE,"SnURGkMg","Sure thing",16,7,,false
22,8,0,NONE,"FSTXk6a4","Quite likely",6,2,,false
22,8,0,NONE,"mZc6NUJp","Risky",7,3,,false
22,8,0,NONE,"WFFubQyr","Gamble",76,4,,false
22,8,0,NONE,"LgDAt16D","Gamble",21,6,,false
22,8,0,NONE,"3LoCdAq7","Sure thing",49,6,,true
22,8,0,NONE,"pyJ1eWhK","Suicide mission",34,6,,false
22,8,0,NONE,"CQrrodDt","Piece of cake",46,6,,false
22,8,0,NONE,"SnURGkMg","Sure thing",16,6,,false
22,8,0,NONE,"sals39PI","Quite likely",77,7,,false
22,8,0,NONE,"JOwMQ57t","Piece of cake",41,7,,false
22,9,0,NONE,"FSTXk6a4","Quite likely",6,1,,false
22,9,0,NONE,"mZc6NUJp","Risky",7,2,,false
22,9,0,NONE,"WFFubQyr","Gamble",76,3,,false
22,9,0,NONE,"LgDAt16D","Gamble",21,5,,false
22,9,0,NONE,"pyJ1eWhK","Suicide mission",34,5,,false
22,9,0,NONE,"CQrrodDt","Piece of cake",46,5,,false
22,9,0,NONE,"SnURGkMg","Sure thing",16,5,,false
22,9,0,NONE,"sals39PI","Quite likely",77,6,,true
22,9,0,NONE,"JOwMQ57t","Piece of cake",41,6,,false
22,9,0,NONE,"et3Wz9O0","Walk in the park",23,7,,false
22,10,0,NONE,"mZc6NUJp","Risky",7,1,,false
22,10,0,NONE,"WFFubQyr","Gamble",76,2,,false
22,10,0,NONE,"LgDAt16D","Gamble",21,4,,false
22,10,0,NONE,"pyJ1eWhK","Suicide mission",34,4,,false
22,10,0,NONE,"CQrrodDt","Piece of cake",46,4,,false
22,10,0,NONE,"SnURGkMg","Sure thing",16,4,,true
22,10,0,NONE,"JOwMQ57t","Piece of cake",41,5,,false
22,10,0,NONE,"et3Wz9O0","Walk in the park",23,6,,false
22,10,0,NONE,"tRwrVXjv","Walk in the park",62,7,,false
22,10,0,NONE,"5kTOlXJ3","Hmmm....",66,7,,false
22,11,0,NONE,"WFFubQyr","Gamble",76,1,,false
22,11,0,NONE,"LgDAt16D","Gamble",21,3,,true
22,11,0,NONE,"pyJ1eWhK","Suicide mission",34,3,,false
22,11,0,NONE,"CQrrodDt","Piece of cake",46,3,,false
22,11,0,NONE,"JOwMQ57t","Piece of cake",41,4,,false
22,11,0,NONE,"et3Wz9O0","Walk in the park",23,5,,false
22,11,0,NONE,"tRwrVXjv","Walk in the park",62,6,,false
22,11,0,NONE,"5kTOlXJ3","Hmmm....",66,6,,false
22,11,0,NONE,"kUWrns6L","Hmmm....",59,7,,false
22,11,0,NONE,"yoibaKE3","Hmmm....",29,7,,false
22,12,0,NONE,"pyJ1eWhK","Suicide mission",34,2,,false
22,12,0,NONE,"CQrrodDt","Piece of cake",46,2,,true
22,12,0,NONE,"JOwMQ57t","Piece of cake",41,3,,false
22,12,0,NONE,"et3Wz9O0","Walk in the park",23,4,,false
22,12,0,NONE,"tRwrVXjv","Walk in the park",62,5,,false
22,12,0,NONE,"5kTOlXJ3","Hmmm....",66,5,,false
22,12,0,NONE,"kUWrns6L","Hmmm....",59,6,,false
22,12,0,NONE,"yoibaKE3","Hmmm....",29,6,,false
22,12,0,NONE,"jesg9EnT","Quite likely",32,7,,false
22,12,0,NONE,"FIYzuK6q","Piece of cake",54,7,,false
22,13,0,NONE,"pyJ1eWhK","Suicide mission",34,1,,false
22,13,0,NONE,"JOwMQ57t","Piece of cake",41,2,,false
22,13,0,NONE,"et3Wz9O0","Walk in the park",23,3,,false
22,13,0,NONE,"tRwrVXjv","Walk in the park",62,4,,false
22,13,0,NONE,"5kTOlXJ3","Hmmm....",66,4,,false
22,13,0,NONE,"kUWrns6L","Hmmm....",59,5,,false
22,13,0,NONE,"yoibaKE3","Hmmm....",29,5,,false
22,13,0,NONE,"jesg9EnT","Quite likely",32,6,,false
22,13,0,NONE,"FIYzuK6q","Piece of cake",54,6,,true
22,13,0,NONE,"oGth4jpw","Quite likely",21,7,,false
22,14,0,NONE,"JOwMQ57t","Piece of cake",41,1,,true
22,14,0,NONE,"et3Wz9O0","Walk in the park",23,2,,false
22,14,0,NONE,"tRwrVXjv","Walk in the park",62,3,,false
22,14,0,NONE,"5kTOlXJ3","Hmmm....",66,3,,false
22,14,0,NONE,"kUWrns6L","Hmmm....",59,4,,false
22,14,0,NONE,"yoibaKE3","Hmmm....",29,4,,false
22,14,0,NONE,"jesg9EnT","Quite likely",32,5,,false
22,14,0,NONE,"oGth4jpw","Quite likely",21,6,,false
22,14,0,NONE,"udpL15xs","Piece of cake",71,7,,false
22,14,0,NONE,"s8QFOZur","Walk in the park",73,7,,false
22,15,0,NONE,"et3Wz9O0","Walk in the park",23,1,,true
22,15,0,NONE,"tRwrVXjv","Walk in the park",62,2,,false
22,15,0,NONE,"5kTOlXJ3","Hmmm....",66,2,,false
22,15,0,NONE,"kUWrns6L","Hmmm....",59,3,,false
22,15,0,NONE,"yoibaKE3","Hmmm....",29,3,,false
22,15,0,NONE,"jesg9EnT","Quite likely",32,4,,false
22,15,0,NONE,"oGth4jpw","Quite likely",21,5,,false
22,15,0,NONE,"udpL15xs","Piece of cake",71,6,,false
22,15,0,NONE,"s8QFOZur","Walk in the park",73,6,,false
22,15,0,NONE,"8bdjNOQI","Quite likely",36,7,,false
22,16,0,NONE,"tRwrVXjv","Walk in the park",62,1,,true
22,16,0,NONE,"5kTOlXJ3","Hmmm....",66,1,,false
22,16,0,NONE,"kUWrns6L","Hmmm....",59,2,,false
22,16,0,NONE,"yoibaKE3","Hmmm....",29,2,,false
22,16,0,NONE,"jesg9EnT","Quite likely",32,3,,false
22,16,0,NONE,"oGth4jpw","Quite likely",21,4,,false
22,16,0,NONE,"udpL15xs","Piece of cake",71,5,,false
22,16,0,NONE,"s8QFOZur","Walk in the park",73,5,,false
22,16,0,NONE,"8bdjNOQI","Quite likely",36,6,,false
22,16,0,NONE,"AgnqOcKf","Gamble",78,7,,false
22,17,0,NONE,"kUWrns6L","Hmmm....",59,1,,false
22,17,0,NONE,"yoibaKE3","Hmmm....",29,1,,false
22,17,0,NONE,"jesg9EnT","Quite likely",32,2,,false
22,17,0,NONE,"oGth4jpw","Quite likely",21,3,,false
22,17,0,NONE,"udpL15xs","Piece of cake",71,4,,false
22,17,0,NONE,"s8QFOZur","Walk in the park",73,4,,false
22,17,0,NONE,"8bdjNOQI","Quite likely",36,5,,false
22,17,0,NONE,"AgnqOcKf","Gamble",78,6,,false
22,17,0,NONE,"pt7JpoYG","Piece of cake",53,7,,true
22,17,0,NONE,"OUmMM6eP","Suicide mission",29,7,,false
22,18,0,NONE,"jesg9EnT","Quite likely",32,1,,false
22,18,0,NONE,"oGth4jpw","Quite likely",21,2,,false
22,18,0,NONE,"udpL15xs","Piece of cake",71,3,,false
22,18,0,NONE,"s8QFOZur","Walk in the park",73,3,,false
22,18,0,NONE,"8bdjNOQI","Quite likely",36,4,,true
22,18,0,NONE,"AgnqOcKf","Gamble",78,5,,false
22,18,0,NONE,"OUmMM6eP","Suicide mission",29,6,,false
22,18,0,NONE,"lDFRDO44","Risky",73,7,,false
22,18,0,NONE,"IDABE9jL","Walk in the park",53,7,,false
22,18,0,NONE,"p5xSsbTW","Suicide mission",127,2,1,false
22,19,0,NONE,"oGth4jpw","Quite likely",21,1,,false
22,19,0,NONE,"udpL15xs","Piece of cake",71,2,,false
22,19,0,NONE,"s8QFOZur","Walk in the park",73,2,,false
22,19,0,NONE,"AgnqOcKf","Gamble",78,4,,false
22,19,0,NONE,"OUmMM6eP","Suicide mission",29,5,,true
22,19,0,NONE,"lDFRDO44","Risky",73,6,,false
22,19,0,NONE,"IDABE9jL","Walk in the park",53,6,,false
22,19,0,NONE,"p5xSsbTW","Suicide mission",127,1,1,false
22,19,0,NONE,"P3X5ucOy","Suicide mission",135,2,1,false
22,19,0,NONE,"VATQJ47e","Quite likely",22,7,,false
22,21,0,NONE,"AgnqOcKf","Gamble",78,2,,false
22,21,0,NONE,"lDFRDO44","Risky",73,4,,false
22,21,0,NONE,"IDABE9jL","Walk in the park",53,4,,false
22,21,0,NONE,"VATQJ47e","Quite likely",22,5,,true
22,21,0,NONE,"sjBIp2hR","Suicide mission",123,2,1,false
22,21,0,NONE,"zuqBx2ux","Quite likely",129,1,1,false
22,21,0,NONE,"BwUSv88M","Playing with fire",60,6,,false
22,21,0,NONE,"9dbgPPIc","Playing with fire",135,2,1,false
22,21,0,NONE,"WnLpI8HB","Sure thing",162,7,,false
22,21,0,NONE,"wOgwqXWi","Piece of cake",57,7,,false
22,22,0,NONE,"AgnqOcKf","Gamble",78,1,,false
22,22,0,NONE,"lDFRDO44","Risky",73,3,,false
22,22,0,NONE,"IDABE9jL","Walk in the park",53,3,,false
22,22,0,NONE,"sjBIp2hR","Suicide mission",123,1,1,false
22,22,0,NONE,"BwUSv88M","Playing with fire",60,5,,true
22,22,0,NONE,"9dbgPPIc","Playing with fire",135,1,1,false
22,22,0,NONE,"WnLpI8HB","Sure thing",162,6,,false
22,22,0,NONE,"wOgwqXWi","Piece of cake",57,6,,false
22,22,0,NONE,"HjjO5V69","Piece of cake",112,7,,false
22,22,0,NONE,"OKppcmx7","Piece of cake",145,7,,false
22,23,0,NONE,"lDFRDO44","Risky",73,2,,false
22,23,0,NONE,"IDABE9jL","Walk in the park",53,2,,false
22,23,0,NONE,"WnLpI8HB","Sure thing",162,5,,false
22,23,0,NONE,"wOgwqXWi","Piece of cake",57,5,,false
22,23,0,NONE,"HjjO5V69","Piece of cake",112,6,,false
22,23,0,NONE,"OKppcmx7","Piece of cake",145,6,,false
22,23,0,NONE,"OBrhCUwQ","Piece of cake",185,7,,false
22,23,0,NONE,"5anRrH2e","Sure thing",147,7,,true
22,23,0,NONE,"AwQosadP","Piece of cake",156,7,,false
22,23,0,NONE,"AwQHnbkR","Hmmm....",154,2,1,false
22,25,0,NONE,"WnLpI8HB","Sure thing",162,3,,true
22,25,0,NONE,"wOgwqXWi","Piece of cake",57,3,,false
22,25,0,NONE,"HjjO5V69","Piece of cake",112,4,,false
22,25,0,NONE,"OKppcmx7","Piece of cake",145,4,,false
22,25,0,NONE,"OBrhCUwQ","Piece of cake",185,5,,false
22,25,0,NONE,"AwQosadP","Piece of cake",156,5,,false
22,25,0,NONE,"HicuHFsQ","Gamble",130,1,1,false
22,25,0,NONE,"EWwvhj7U","Rather detrimental",133,2,1,false
22,25,0,NONE,"8ijLH3o6","Piece of cake",92,7,,false
22,25,0,NONE,"5T9GyOVW","Suicide mission",134,3,1,false
22,27,0,NONE,"wOgwqXWi","Piece of cake",57,1,,false
22,27,0,NONE,"HjjO5V69","Piece of cake",112,2,,false
22,27,0,NONE,"OKppcmx7","Piece of cake",145,2,,false
22,27,0,NONE,"OBrhCUwQ","Piece of cake",185,3,,false
22,27,0,NONE,"AwQosadP","Piece of cake",156,3,,false
22,27,0,NONE,"8ijLH3o6","Piece of cake",92,5,,false
22,27,0,NONE,"5T9GyOVW","Suicide mission",134,1,1,false
22,27,0,NONE,"e78GDx75","Hmmm....",96,6,,false
22,27,0,NONE,"SWNNfvdv","Piece of cake",119,6,,true
22,27,0,NONE,"cgy3LiIx","Impossible",130,2,2,false
22,28,0,NONE,"HjjO5V69","Piece of cake",112,1,,false
22,28,0,NONE,"OKppcmx7","Piece of cake",145,1,,false
22,28,0,NONE,"OBrhCUwQ","Piece of cake",185,2,,false
22,28,0,NONE,"AwQosadP","Piece of cake",156,2,,false
22,28,0,NONE,"8ijLH3o6","Piece of cake",92,4,,false
22,28,0,NONE,"e78GDx75","Hmmm....",96,5,,false
22,28,0,NONE,"cgy3LiIx","Impossible",130,1,2,false
22,28,0,NONE,"rVA71jaN","Suicide mission",146,2,1,false
22,28,0,NONE,"9xr7tGxo","Gamble",96,7,,false
22,28,0,NONE,"xDj57upa","Piece of cake",97,7,,true
22,29,0,NONE,"OBrhCUwQ","Piece of cake",185,1,,false
22,29,0,NONE,"AwQosadP","Piece of cake",156,1,,false
22,29,0,NONE,"8ijLH3o6","Piece of cake",92,3,,true
22,29,0,NONE,"e78GDx75","Hmmm....",96,4,,false
22,29,0,NONE,"rVA71jaN","Suicide mission",146,1,1,false
22,29,0,NONE,"9xr7tGxo","Gamble",96,6,,false
22,29,0,NONE,"EOUiEl3X","Risky",131,3,1,false
22,29,0,NONE,"PAq5SGZA","Walk in the park",74,7,,false
22,29,0,NONE,"tdV3gRvG","Sure thing",160,7,,false
22,29,0,NONE,"5slcT80l","Playing with fire",131,3,1,false
22,30,0,NONE,"e78GDx75","Hmmm....",96,3,,false
22,30,0,NONE,"9xr7tGxo","Gamble",96,5,,false
22,30,0,NONE,"EOUiEl3X","Risky",131,2,1,false
22,30,0,NONE,"PAq5SGZA","Walk in the park",74,6,,false
22,30,0,NONE,"tdV3gRvG","Sure thing",160,6,,true
22,30,0,NONE,"5slcT80l","Playing with fire",131,2,1,false
22,30,0,NONE,"mtucMrWI","Piece of cake",163,7,,false
22,30,0,NONE,"K0Y0KijJ","Hmmm....",142,3,1,false
22,30,0,NONE,"Zj5kwj2w","Rather detrimental",137,2,1,false
22,30,0,NONE,"oPWxfDA4","Rather detrimental",116,2,1,false
22,32,0,NONE,"e78GDx75","Hmmm....",96,1,,false
22,32,0,NONE,"9xr7tGxo","Gamble",96,3,,false
22,32,0,NONE,"PAq5SGZA","Walk in the park",74,4,,false
22,32,0,NONE,"mtucMrWI","Piece of cake",163,5,,false
22,32,0,NONE,"K0Y0KijJ","Hmmm....",142,1,1,false
22,32,0,NONE,"9lFkK7FR","Suicide mission",126,1,1,true
22,32,0,NONE,"ikHl72A1","Suicide mission",136,3,1,false
22,32,0,NONE,"q36tewIu","Suicide mission",136,2,1,false
22,32,0,NONE,"tJM1vMKS","Piece of cake",177,7,,false
22,32,0,NONE,"QmB9V7EH","Suicide mission",137,2,1,false
22,34,0,NONE,"9xr7tGxo","Gamble",96,1,,false
22,34,0,NONE,"PAq5SGZA","Walk in the park",74,2,,false
22,34,0,NONE,"mtucMrWI","Piece of cake",163,3,,false
22,34,0,NONE,"ikHl72A1","Suicide mission",136,1,1,true
22,34,0,NONE,"tJM1vMKS","Piece of cake",177,5,,false
22,34,0,NONE,"EHwUHEs5","Sure thing",143,6,,false
22,34,0,NONE,"2vdqd79Q","Suicide mission",143,2,1,false
22,34,0,NONE,"qqFuk6eG","Playing with fire",134,1,1,false
22,34,0,NONE,"O5oY1n5S","Suicide mission",159,3,1,false
22,34,0,NONE,"qXkKI28y","Rather detrimental",96,7,,false
22,36,0,NONE,"mtucMrWI","Piece of cake",163,1,,true
22,36,0,NONE,"tJM1vMKS","Piece of cake",177,3,,false
22,36,0,NONE,"EHwUHEs5","Sure thing",143,4,,false
22,36,0,NONE,"O5oY1n5S","Suicide mission",159,1,1,false
22,36,0,NONE,"qXkKI28y","Rather detrimental",96,5,,false
22,36,0,NONE,"nfGnOJeB","Quite likely",96,6,,false
22,36,0,NONE,"MaQY9re1","Piece of cake",177,6,,false
22,36,0,NONE,"4sMb2bOi","Sure thing",158,6,,false
22,36,0,NONE,"xTcEIs9B","Sure thing",152,7,,false
22,36,0,NONE,"Knb4RGgq","Piece of cake",136,7,,false
22,38,0,NONE,"tJM1vMKS","Piece of cake",177,1,,false
22,38,0,NONE,"EHwUHEs5","Sure thing",143,2,,false
22,38,0,NONE,"qXkKI28y","Rather detrimental",96,3,,false
22,38,0,NONE,"nfGnOJeB","Quite likely",96,4,,false
22,38,0,NONE,"MaQY9re1","Piece of cake",177,4,,false
22,38,0,NONE,"4sMb2bOi","Sure thing",158,4,,false
22,38,0,NONE,"xTcEIs9B","Sure thing",152,5,,false
22,38,0,NONE,"Knb4RGgq","Piece of cake",136,5,,true
22,38,0,NONE,"oUGJ6RjX","Hmmm....",66,6,,false
22,38,0,NONE,"L4vsTCIG","Suicide mission",75,6,,false
22,40,0,NONE,"qXkKI28y","Rather detrimental",96,1,,false
22,40,0,NONE,"nfGnOJeB","Quite likely",96,2,,false
22,40,0,NONE,"MaQY9re1","Piece of cake",177,2,,false
22,40,0,NONE,"4sMb2bOi","Sure thing",158,2,,true
22,40,0,NONE,"xTcEIs9B","Sure thing",152,3,,false
22,40,0,NONE,"oUGJ6RjX","Hmmm....",66,4,,false
22,40,0,NONE,"L4vsTCIG","Suicide mission",75,4,,false
22,40,0,NONE,"Sp2b5ftS","Gamble",91,6,,false
22,40,0,NONE,"FxpUpxXg","Gamble",96,6,,false
22,40,0,NONE,"jZfJsq2R","Walk in the park",69,7,,false
22,42,0,NONE,"xTcEIs9B","Sure thing",152,1,,false
22,42,0,NONE,"oUGJ6RjX","Hmmm....",66,2,,false
22,42,0,NONE,"L4vsTCIG","Suicide mission",75,2,,false
22,42,0,NONE,"Sp2b5ftS","Gamble",91,4,,false
22,42,0,NONE,"FxpUpxXg","Gamble",96,4,,false
22,42,0,NONE,"jZfJsq2R","Walk in the park",69,5,,false
22,42,0,NONE,"nCWfswQX","Piece of cake",173,6,,false
22,42,0,NONE,"OnP0KRMx","Risky",88,6,,false
22,42,0,NONE,"6LpWFuy5","Sure thing",192,7,,true
22,42,0,NONE,"as8Z3wS4","Sure thing",124,7,,false
22,44,0,NONE,"Sp2b5ftS","Gamble",91,2,,false
22,44,0,NONE,"FxpUpxXg","Gamble",96,2,,false
22,44,0,NONE,"jZfJsq2R","Walk in the park",69,3,,false
22,44,0,NONE,"nCWfswQX","Piece of cake",173,4,,false
22,44,0,NONE,"OnP0KRMx","Risky",88,4,,false
22,44,0,NONE,"as8Z3wS4","Sure thing",124,5,,true
22,44,0,NONE,"mV9nJyFM","Piece of cake",177,6,,false
22,44,0,NONE,"BX7eSoWl","Walk in the park",95,6,,false
22,44,0,NONE,"OZzaU7bi","Piece of cake",163,7,,false
22,44,0,NONE,"jgD3F6sB","Sure thing",151,7,,false
22,46,0,NONE,"jZfJsq2R","Walk in the park",69,1,,false
22,46,0,NONE,"nCWfswQX","Piece of cake",173,2,,false
22,46,0,NONE,"OnP0KRMx","Risky",88,2,,false
22,46,0,NONE,"mV9nJyFM","Piece of cake",177,4,,false
22,46,0,NONE,"BX7eSoWl","Walk in the park",95,4,,true
22,46,0,NONE,"OZzaU7bi","Piece of cake",163,5,,false
22,46,0,NONE,"jgD3F6sB","Sure thing",151,5,,false
22,46,0,NONE,"dZQ3xTIT","Playing with fire",75,6,,false
22,46,0,NONE,"FjyX2uKm","Sure thing",163,7,,false
22,46,0,NONE,"oz9oXHTz","Piece of cake",153,7,,false
22,47,0,NONE,"nCWfswQX","Piece of cake",173,1,,true
22,47,0,NONE,"OnP0KRMx","Risky",88,1,,false
22,47,0,NONE,"mV9nJyFM","Piece of cake",177,3,,false
22,47,0,NONE,"OZzaU7bi","Piece of cake",163,4,,false
22,47,0,NONE,"jgD3F6sB","Sure thing",151,4,,false
22,47,0,NONE,"dZQ3xTIT","Playing with fire",75,5,,false
22,47,0,NONE,"FjyX2uKm","Sure thing",163,6,,false
22,47,0,NONE,"oz9oXHTz","Piece of cake",153,6,,false
22,47,0,NONE,"OwbsqQMg","Piece of cake",137,7,,false
22,47,0,NONE,"Crh54iQa","Hmmm....",70,7,,false
22,49,0,NONE,"mV9nJyFM","Piece of cake",177,1,,true
22,49,0,NONE,"OZzaU7bi","Piece of cake",163,2,,false
22,49,0,NONE,"jgD3F6sB","Sure thing",151,2,,false
22,49,0,NONE,"dZQ3xTIT","Playing with fire",75,3,,false
22,49,0,NONE,"FjyX2uKm","Sure thing",163,4,,false
22,49,0,NONE,"oz9oXHTz","Piece of cake",153,4,,false
22,49,0,NONE,"OwbsqQMg","Piece of cake",137,5,,false
22,49,0,NONE,"Crh54iQa","Hmmm....",70,5,,false
22,49,0,NONE,"rZ22iAtL","Playing with fire",61,6,,false
22,49,0,NONE,"oGd60B7g","Piece of cake",179,6,,false
23,0,0,NONE,"zXtHoQdK","Piece of cake",24,7,,false
23,0,0,NONE,"ARajmzQD","Gamble",69,7,,false
23,0,0,NONE,"IR8UVgUZ","Piece of cake",16,7,,true
23,0,0,NONE,"YJ5wJO3s","Rather detrimental",28,7,,false
23,0,0,NONE,"ZBOK8hRv","Playing with fire",48,7,,false
23,0,0,NONE,"YjvkLt9D","Piece of cake",8,7,,false
23,0,0,NONE,"SFaLHSsn","Piece of cake",22,7,,false
23,0,0,NONE,"zRPvzbgm","Piece of cake",30,7,,false
23,0,0,NONE,"XMJQt4nU","Piece of cake",1,7,,false
23,0,0,NONE,"BCUZln2W","Hmmm....",82,7,,false
23,1,0,NONE,"zXtHoQdK","Piece of cake",24,6,,false
23,1,0,NONE,"ARajmzQD","Gamble",69,6,,false
23,1,0,NONE,"YJ5wJO3s","Rather detrimental",28,6,,false
23,1,0,NONE,"ZBOK8hRv","Playing with fire",48,6,,false
23,1,0,NONE,"YjvkLt9D","Piece of cake",8,6,,false
23,1,0,NONE,"SFaLHSsn","Piece of cake",22,6,,false
23,1,0,NONE,"zRPvzbgm","Piece of cake",30,6,,false
23,1,0,NONE,"XMJQt4nU","Piece of cake",1,6,,false
23,1,0,NONE,"BCUZln2W","Hmmm....",82,6,,false
23,1,0,NONE,"cH37Zb9i","Sure thing",50,7,,true
23,2,0,NONE,"zXtHoQdK","Piece of cake",24,5,,false
23,2,0,NONE,"ARajmzQD","Gamble",69,5,,false
23,2,0,NONE,"YJ5wJO3s","Rather detrimental",28,5,,false
23,2,0,NONE,"ZBOK8hRv","Playing with fire",48,5,,false
23,2,0,NONE,"YjvkLt9D","Piece of cake",8,5,,false
23,2,0,NONE,"SFaLHSsn","Piece of cake",22,5,,true
23,2,0,NONE,"zRPvzbgm","Piece of cake",30,5,,false
23,2,0,NONE,"XMJQt4nU","Piece of cake",1,5,,false
23,2,0,NONE,"BCUZln2W","Hmmm....",82,5,,false
23,2,0,NONE,"Ve694fL5","Suicide mission",39,7,,false
23,3,0,NONE,"zXtHoQdK","Piece of cake",24,4,,false
23,3,0,NONE,"ARajmzQD","Gamble",69,4,,false
23,3,0,NONE,"YJ5wJO3s","Rather detrimental",28,4,,false
23,3,0,NONE,"ZBOK8hRv","Playing with fire",48,4,,false
23,3,0,NONE,"YjvkLt9D","Piece of cake",8,4,,false
23,3,0,NONE,"zRPvzbgm","Piece of cake",30,4,,false
23,3,0,NONE,"XMJQt4nU","Piece of cake",1,4,,true
23,3,0,NONE,"BCUZln2W","Hmmm....",82,4,,false
23,3,0,NONE,"Ve694fL5","Suicide mission",39,6,,false
23,3,0,NONE,"Vxjz2oTL","Rather detrimental",31,7,,false
23,4,0,NONE,"zXtHoQdK","Piece of cake",24,3,,false
23,4,0,NONE,"ARajmzQD","Gamble",69,3,,false
23,4,0,NONE,"YJ5wJO3s","Rather detrimental",28,3,,false
23,4,0,NONE,"ZBOK8hRv","Playing with fire",48,3,,false
23,4,0,NONE,"YjvkLt9D","Piece of cake",8,3,,true
23,4,0,NONE,"zRPvzbgm","Piece of cake",30,3,,false
23,4,0,NONE,"BCUZln2W","Hmmm....",82,3,,false
23,4,0,NONE,"Ve694fL5","Suicide mission",39,5,,false
23,4,0,NONE,"Vxjz2oTL","Rather detrimental",31,6,,false
23,4,0,NONE,"tcSoHTFM","Risky",10,7,,false
23,5,0,NONE,"zXtHoQdK","Piece of cake",24,2,,false
23,5,0,NONE,"ARajmzQD","Gamble",69,2,,false
23,5,0,NONE,"YJ5wJO3s","Rather detrimental",28,2,,false
23,5,0,NONE,"ZBOK8hRv","Playing with fire",48,2,,false
23,5,0,NONE,"zRPvzbgm","Piece of cake",30,2,,true
23,5,0,NONE,"BCUZln2W","Hmmm....",82,2,,false
23,5,0,NONE,"Ve694fL5","Suicide mission",39,4,,false
23,5,0,NONE,"Vxjz2oTL","Rather detrimental",31,5,,false
23,5,0,NONE,"tcSoHTFM","Risky",10,6,,false
23,5,0,NONE,"pgXNTPjY","Risky",38,7,,false
23,6,0,NONE,"zXtHoQdK","Piece of cake",24,1,,false
23,6,0,NONE,"ARajmzQD","Gamble",69,1,,false
23,6,0,NONE,"YJ5wJO3s","Rather detrimental",28,1,,false
23,6,0,NONE,"ZBOK8hRv","Playing with fire",48,1,,false
23,6,0,NONE,"BCUZln2W","Hmmm....",82,1,,false
23,6,0,NONE,"Ve694fL5","Suicide mission",39,3,,false
23,6,0,NONE,"Vxjz2oTL","Rather detrimental",31,4,,true
23,6,0,NONE,"tcSoHTFM","Risky",10,5,,false
23,6,0,NONE,"pgXNTPjY","Risky",38,6,,false
23,6,0,NONE,"55Vqvjbp","Piece of cake",31,7,,false
23,7,0,NONE,"Ve694fL5","Suicide mission",39,2,,false
23,7,0,NONE,"tcSoHTFM","Risky",10,4,,false
23,7,0,NONE,"pgXNTPjY","Risky",38,5,,false
23,7,0,NONE,"55Vqvjbp","Piece of cake",31,6,,true
23,7,0,NONE,"f1jmEble","Walk in the park",55,7,,false
23,7,0,NONE,"B39qln1l","Quite likely",51,7,,false
23,7,0,NONE,"ldVZB2QR","Walk in the park",21,7,,false
23,7,0,NONE,"Axpcwabf","Piece of cake",81,7,,false
23,7,0,NONE,"wgeOq5k6","Rather detrimental",29,7,,false
23,7,0,NONE,"QODhQkJ0","Risky",24,7,,false
23,8,0,NONE,"Ve694fL5","Suicide mission",39,1,,false
23,8,0,NONE,"tcSoHTFM","Risky",10,3,,false
23,8,0,NONE,"pgXNTPjY","Risky",38,4,,false
23,8,0,NONE,"f1jmEble","Walk in the park",55,6,,false
23,8,0,NONE,"B39qln1l","Quite likely",51,6,,false
23,8,0,NONE,"ldVZB2QR","Walk in the park",21,6,,false
23,8,0,NONE,"Axpcwabf","Piece of cake",81,6,,true
23,8,0,NONE,"wgeOq5k6","Rather detrimental",29,6,,false
23,8,0,NONE,"QODhQkJ0","Risky",24,6,,false
23,8,0,NONE,"ihboTzZY","Piece of cake",4,7,,false
23,9,0,NONE,"tcSoHTFM","Risky",10,2,,false
23,9,0,NONE,"pgXNTPjY","Risky",38,3,,false
23,9,0,NONE,"f1jmEble","Walk in the park",55,5,,false
23,9,0,NONE,"B39qln1l","Quite likely",51,5,,false
23,9,0,NONE,"ldVZB2QR","Walk in the park",21,5,,false
23,9,0,NONE,"wgeOq5k6","Rather detrimental",29,5,,false
23,9,0,NONE,"QODhQkJ0","Risky",24,5,,false
23,9,0,NONE,"ihboTzZY","Piece of cake",4,6,,false
23,9,0,NONE,"DM8bELrg","Quite likely",62,7,,false
23,9,0,NONE,"OfXX6gra","Sure thing",15,7,,true
23,10,0,NONE,"tcSoHTFM","Risky",10,1,,false
23,10,0,NONE,"pgXNTPjY","Risky",38,2,,false
23,10,0,NONE,"f1jmEble","Walk in the park",55,4,,false
23,10,0,NONE,"B39qln1l","Quite likely",51,4,,false
23,10,0,NONE,"ldVZB2QR","Walk in the park",21,4,,false
23,10,0,NONE,"wgeOq5k6","Rather detrimental",29,4,,false
23,10,0,NONE,"QODhQkJ0","Risky",24,4,,true
23,10,0,NONE,"ihboTzZY","Piece of cake",4,5,,false
23,10,0,NONE,"DM8bELrg","Quite likely",62,6,,false
23,10,0,NONE,"MO8QwQfT","Sure thing",40,7,,false
23,11,0,NONE,"pgXNTPjY","Risky",38,1,,false
23,11,0,NONE,"f1jmEble","Walk in the park",55,3,,false
23,11,0,NONE,"B39qln1l","Quite likely",51,3,,false
23,11,0,NONE,"ldVZB2QR","Walk in the park",21,3,,false
23,11,0,NONE,"wgeOq5k6","Rather detrimental",29,3,,false
23,11,0,NONE,"ihboTzZY","Piece of cake",4,4,,false
23,11,0,NONE,"DM8bELrg","Quite likely",62,5,,false
23,11,0,NONE,"MO8QwQfT","Sure thing",40,6,,true
23,11,0,NONE,"evqUHi5U","Suicide mission",25,7,,false
23,11,0,NONE,"ftGJW8Ni","Walk in the park",75,7,,false
23,12,0,NONE,"f1jmEble","Walk in the park",55,2,,false
23,12,0,NONE,"B39qln1l","Quite likely",51,2,,false
23,12,0,NONE,"ldVZB2QR","Walk in the park",21,2,,false
23,12,0,NONE,"wgeOq5k6","Rather detrimental",29,2,,false
23,12,0,NONE,"ihboTzZY","Piece of cake",4,3,,true
23,12,0,NONE,"DM8bELrg","Quite likely",62,4,,false
23,12,0,NONE,"evqUHi5U","Suicide mission",25,6,,false
23,12,0,NONE,"ftGJW8Ni","Walk in the park",75,6,,false
23,12,0,NONE,"M7kkcOjd","Walk in the park",36,7,,false
23,12,0,NONE,"tCTAHupc","Hmmm....",9,7,,false
23,13,0,NONE,"f1jmEble","Walk in the park",55,1,,false
23,13,0,NONE,"B39qln1l","Quite likely",51,1,,false
23,13,0,NONE,"ldVZB2QR","Walk in the park",21,1,,false
23,13,0,NONE,"wgeOq5k6","Rather detrimental",29,1,,false
23,13,0,NONE,"DM8bELrg","Quite likely",62,3,,true
23,13,0,NONE,"evqUHi5U","Suicide mission",25,5,,false
23,13,0,NONE,"ftGJW8Ni","Walk in the park",75,5,,false
23,13,0,NONE,"M7kkcOjd","Walk in the park",36,6,,false
23,13,0,NONE,"tCTAHupc","Hmmm....",9,6,,false
23,13,0,NONE,"GQmIjXgM","Hmmm....",28,7,,false
23,14,0,NONE,"evqUHi5U","Suicide mission",25,4,,false
23,14,0,NONE,"ftGJW8Ni","Walk in the park",75,4,,false
23,14,0,NONE,"M7kkcOjd","Walk in the park",36,5,,false
23,14,0,NONE,"tCTAHupc","Hmmm....",9,5,,false
23,14,0,NONE,"GQmIjXgM","Hmmm....",28,6,,false
23,14,0,NONE,"7l9lSQXh","Piece of cake",25,7,,false
23,14,0,NONE,"ptD4lvve","Sure thing",69,7,,true
23,14,0,NONE,"jjVIr4OS","Risky",44,7,,false
23,14,0,NONE,"nkY4yocw","Walk in the park",34,7,,false
23,14,0,NONE,"X5Pt0i1C","Piece of cake",30,7,,false
23,15,0,NONE,"evqUHi5U","Suicide mission",25,3,,false
23,15,0,NONE,"ftGJW8Ni","Walk in the park",75,3,,false
23,15,0,NONE,"M7kkcOjd","Walk in the park",36,4,,false
23,15,0,NONE,"tCTAHupc","Hmmm....",9,4,,false
23,15,0,NONE,"GQmIjXgM","Hmmm....",28,5,,false
23,15,0,NONE,"7l9lSQXh","Piece of cake",25,6,,true
23,15,0,NONE,"jjVIr4OS","Risky",44,6,,false
23,15,0,NONE,"nkY4yocw","Walk in the park",34,6,,false
23,15,0,NONE,"X5Pt0i1C","Piece of cake",30,6,,false
23,15,0,NONE,"R5KClFnn","Gamble",36,7,,false
23,16,0,NONE,"evqUHi5U","Suicide mission",25,2,,false
23,16,0,NONE,"ftGJW8Ni","Walk in the park",75,2,,false
23,16,0,NONE,"M7kkcOjd","Walk in the park",36,3,,false
23,16,0,NONE,"tCTAHupc","Hmmm....",9,3,,false
23,16,0,NONE,"GQmIjXgM","Hmmm....",28,4,,false
23,16,0,NONE,"jjVIr4OS","Risky",44,5,,false
23,16,0,NONE,"nkY4yocw","Walk in the park",34,5,,false
23,16,0,NONE,"X5Pt0i1C","Piece of cake",30,5,,true
23,16,0,NONE,"R5KClFnn","Gamble",36,6,,false
23,16,0,NONE,"oVq8uhD4","Suicide mission",119,2,1,false
23,17,0,NONE,"evqUHi5U","Suicide mission",25,1,,false
23,17,0,NONE,"ftGJW8Ni","Walk in the park",75,1,,false
23,17,0,NONE,"M7kkcOjd","Walk in the park",36,2,,false
23,17,0,NONE,"tCTAHupc","Hmmm....",9,2,,false
23,17,0,NONE,"GQmIjXgM","Hmmm....",28,3,,false
23,17,0,NONE,"jjVIr4OS","Risky",44,4,,false
23,17,0,NONE,"nkY4yocw","Walk in the park",34,4,,true
23,17,0,NONE,"R5KClFnn","Gamble",36,5,,false
23,17,0,NONE,"oVq8uhD4","Suicide mission",119,1,1,false
23,17,0,NONE,"EJy9R4gn","Playing with fire",131,3,1,false
23,19,0,NONE,"GQmIjXgM","Hmmm....",28,1,,false
23,19,0,NONE,"jjVIr4OS","Risky",44,2,,false
23,19,0,NONE,"R5KClFnn","Gamble",36,3,,false
23,19,0,NONE,"EJy9R4gn","Playing with fire",131,1,1,false
23,19,0,NONE,"8JCNZWGx","Gamble",120,1,1,true
23,19,0,NONE,"spAldh7O","Piece of cake",28,6,,false
23,19,0,NONE,"isLBg0al","Quite likely",34,6,,false
23,19,0,NONE,"2I004gNn","Walk in the park",46,6,,false
23,19,0,NONE,"vqNFp5wu","Gamble",29,7,,false
23,19,0,NONE,"R0vnYuap","Piece of cake",53,7,,false
23,20,0,NONE,"jjVIr4OS","Risky",44,1,,false
23,20,0,NONE,"R5KClFnn","Gamble",36,2,,false
23,20,0,NONE,"spAldh7O","Piece of cake",28,5,,false
23,20,0,NONE,"isLBg0al","Quite likely",34,5,,false
23,20,0,NONE,"2I004gNn","Walk in the park",46,5,,false
23,20,0,NONE,"vqNFp5wu","Gamble",29,6,,false
23,20,0,NONE,"R0vnYuap","Piece of cake",53,6,,true
23,20,0,NONE,"83Y4kJbL","Risky",139,2,1,false
23,20,0,NONE,"EYDp0l8M","Playing with fire",145,3,1,false
23,20,0,NONE,"EfDCXHLX","Rather detrimental",56,7,,false
23,21,0,NONE,"R5KClFnn","Gamble",36,1,,false
23,21,0,NONE,"spAldh7O","Piece of cake",28,4,,false
23,21,0,NONE,"isLBg0al","Quite likely",34,4,,false
23,21,0,NONE,"2I004gNn","Walk in the park",46,4,,false
23,21,0,NONE,"vqNFp5wu","Gamble",29,5,,true
23,21,0,NONE,"83Y4kJbL","Risky",139,1,1,false
23,21,0,NONE,"EYDp0l8M","Playing with fire",145,2,1,false
23,21,0,NONE,"EfDCXHLX","Rather detrimental",56,6,,false
23,21,0,NONE,"HRBntGxJ","Playing with fire",128,2,1,false
23,21,0,NONE,"PSG5Ig6o","Risky",153,2,1,false
23,23,0,NONE,"spAldh7O","Piece of cake",28,2,,false
23,23,0,NONE,"isLBg0al","Quite likely",34,2,,false
23,23,0,NONE,"2I004gNn","Walk in the park",46,2,,false
23,23,0,NONE,"EfDCXHLX","Rather detrimental",56,4,,false
23,23,0,NONE,"K0nCo8R5","Suicide mission",149,1,1,false
23,23,0,NONE,"qYU4N1PS","Hmmm....",123,6,,false
23,23,0,NONE,"0FJWhGex","Walk in the park",109,6,,false
23,23,0,NONE,"ZzDQT90t","Hmmm....",149,2,1,false
23,23,0,NONE,"GpO0Sdpu","Suicide mission",141,3,1,true
23,23,0,NONE,"640z0k6k","Gamble",116,2,1,false
23,25,0,NONE,"EfDCXHLX","Rather detrimental",56,2,,false
23,25,0,NONE,"qYU4N1PS","Hmmm....",123,4,,false
23,25,0,NONE,"0FJWhGex","Walk in the park",109,4,,false
23,25,0,NONE,"UJ0YpirX","Hmmm....",58,6,,false
23,25,0,NONE,"wJ9P6DL1","Quite likely",53,6,,false
23,25,0,NONE,"S57CZD63","Playing with fire",135,2,1,false
23,25,0,NONE,"0ZPtFYQY","Playing with fire",140,3,1,false
23,25,0,NONE,"moVZBxFH","Playing with fire",145,2,1,false
23,25,0,NONE,"bsUvamfh","Gamble",115,2,1,false
23,25,0,NONE,"SihjrBBb","Piece of cake",106,7,,true
23,26,0,NONE,"EfDCXHLX","Rather detrimental",56,1,,false
23,26,0,NONE,"qYU4N1PS","Hmmm....",123,3,,false
23,26,0,NONE,"0FJWhGex","Walk in the park",109,3,,true
23,26,0,NONE,"UJ0YpirX","Hmmm....",58,5,,false
23,26,0,NONE,"wJ9P6DL1","Quite likely",53,5,,false
23,26,0,NONE,"S57CZD63","Playing with fire",135,1,1,false
23,26,0,NONE,"0ZPtFYQY","Playing with fire",140,2,1,false
23,26,0,NONE,"moVZBxFH","Playing with fire",145,1,1,false
23,26,0,NONE,"bsUvamfh","Gamble",115,1,1,false
23,26,0,NONE,"CH8Jj9QA","Gamble",147,2,1,false
23,27,0,NONE,"qYU4N1PS","Hmmm....",123,2,,false
23,27,0,NONE,"UJ0YpirX","Hmmm....",58,4,,false
23,27,0,NONE,"wJ9P6DL1","Quite likely",53,4,,false
23,27,0,NONE,"0ZPtFYQY","Playing with fire",140,1,1,false
23,27,0,NONE,"CH8Jj9QA","Gamble",147,1,1,false
23,27,0,NONE,"c8bEUMet","Suicide mission",95,2,2,false
23,27,0,NONE,"eO6hjrki","Sure thing",118,7,,true
23,27,0,NONE,"eN9zTks3","Walk in the park",118,7,,false
23,27,0,NONE,"pRWlJjLT","Suicide mission",156,2,1,false
23,27,0,NONE,"ISK3RfpJ","Suicide mission",137,2,2,false
23,28,0,NONE,"qYU4N1PS","Hmmm....",123,1,,false
23,28,0,NONE,"UJ0YpirX","Hmmm....",58,3,,true
23,28,0,NONE,"wJ9P6DL1","Quite likely",53,3,,false
23,28,0,NONE,"c8bEUMet","Suicide mission",95,1,2,false
23,28,0,NONE,"eN9zTks3","Walk in the park",118,6,,false
23,28,0,NONE,"pRWlJjLT","Suicide mission",156,1,1,false
23,28,0,NONE,"ISK3RfpJ","Suicide mission",137,1,2,false
23,28,0,NONE,"j2NDl9RA","Walk in the park",114,7,,false
23,28,0,NONE,"I8hnXMCY","Gamble",167,3,1,false
23,28,0,NONE,"dB3g8u7L","Playing with fire",171,3,1,false
23,29,0,NONE,"wJ9P6DL1","Quite likely",53,2,,false
23,29,0,NONE,"eN9zTks3","Walk in the park",118,5,,true
23,29,0,NONE,"j2NDl9RA","Walk in the park",114,6,,false
23,29,0,NONE,"I8hnXMCY","Gamble",167,2,1,false
23,29,0,NONE,"dB3g8u7L","Playing with fire",171,2,1,false
23,29,0,NONE,"HBE8HL92","Risky",82,7,,false
23,29,0,NONE,"LyGZctYo","Rather detrimental",131,3,1,false
23,29,0,NONE,"odUo41Ti","Quite likely",167,2,1,false
23,29,0,NONE,"zqLJOeao","Playing with fire",131,2,1,false
23,29,0,NONE,"qM17rf2Y","Impossible",117,2,2,false
23,30,0,NONE,"wJ9P6DL1","Quite likely",53,1,,false
23,30,0,NONE,"j2NDl9RA","Walk in the park",114,5,,true
23,30,0,NONE,"I8hnXMCY","Gamble",167,1,1,false
23,30,0,NONE,"dB3g8u7L","Playing with fire",171,1,1,false
23,30,0,NONE,"HBE8HL92","Risky",82,6,,false
23,30,0,NONE,"LyGZctYo","Rather detrimental",131,2,1,false
23,30,0,NONE,"odUo41Ti","Quite likely",167,1,1,false
23,30,0,NONE,"zqLJOeao","Playing with fire",131,1,1,false
23,30,0,NONE,"qM17rf2Y","Impossible",117,1,2,false
23,30,0,NONE,"g5BVUgo7","Risky",152,2,1,false
23,31,0,NONE,"HBE8HL92","Risky",82,5,,false
23,31,0,NONE,"LyGZctYo","Rather detrimental",131,1,1,true
23,31,0,NONE,"g5BVUgo7","Risky",152,1,1,false
23,31,0,NONE,"3gdDy08f","Gamble",129,3,1,false
23,31,0,NONE,"sxzscm6a","Piece of cake",107,7,,false
23,31,0,NONE,"sb1l9aj2","Suicide mission",134,2,1,false
23,31,0,NONE,"WwIe1keL","Playing with fire",135,2,1,false
23,31,0,NONE,"Bg1nQOeD","Quite likely",89,7,,false
23,31,0,NONE,"hxNz7ste","Suicide mission",162,3,1,false
23,31,0,NONE,"nGr1u0BV","Rather detrimental",153,3,1,false
23,33,0,NONE,"HBE8HL92","Risky",82,3,,false
23,33,0,NONE,"3gdDy08f","Gamble",129,1,1,false
23,33,0,NONE,"sxzscm6a","Piece of cake",107,5,,false
23,33,0,NONE,"Bg1nQOeD","Quite likely",89,5,,false
23,33,0,NONE,"hxNz7ste","Suicide mission",162,1,1,false
23,33,0,NONE,"nGr1u0BV","Rather detrimental",153,1,1,false
23,33,0,NONE,"P9ajyDv3","Rather detrimental",135,1,1,false
23,33,0,NONE,"NETCosnB","Suicide mission",145,2,1,false
23,33,0,NONE,"jcO1eK4y","Piece of cake",107,7,,true
23,33,0,NONE,"gEyhVfuI","Risky",99,7,,false
23,34,0,NONE,"HBE8HL92","Risky",82,2,,false
23,34,0,NONE,"sxzscm6a","Piece of cake",107,4,,true
23,34,0,NONE,"Bg1nQOeD","Quite likely",89,4,,false
23,34,0,NONE,"NETCosnB","Suicide mission",145,1,1,false
23,34,0,NONE,"gEyhVfuI","Risky",99,6,,false
23,34,0,NONE,"Kl4E9R9A","Suicide mission",150,2,1,false
23,34,0,NONE,"7bQQ1Dz3","Gamble",132,3,1,false
23,34,0,NONE,"oWgkLxH5","Rather detrimental",136,2,1,false
23,34,0,NONE,"gJNJCg0d","Hmmm....",92,7,,false
23,34,0,NONE,"3M6c3inT","Playing with fire",132,3,1,false
23,35,0,NONE,"HBE8HL92","Risky",82,1,,true
23,35,0,NONE,"Bg1nQOeD","Quite likely",89,3,,false
23,35,0,NONE,"gEyhVfuI","Risky",99,5,,false
23,35,0,NONE,"Kl4E9R9A","Suicide mission",150,1,1,false
23,35,0,NONE,"7bQQ1Dz3","Gamble",132,2,1,false
23,35,0,NONE,"oWgkLxH5","Rather detrimental",136,1,1,false
23,35,0,NONE,"gJNJCg0d","Hmmm....",92,6,,false
23,35,0,NONE,"3M6c3inT","Playing with fire",132,2,1,false
23,35,0,NONE,"2fldJM40","Quite likely",106,7,,false
23,35,0,NONE,"aSkfyBfO","Hmmm....",61,7,,false
23,37,0,NONE,"Bg1nQOeD","Quite likely",89,1,,false
23,37,0,NONE,"gEyhVfuI","Risky",99,3,,false
23,37,0,NONE,"gJNJCg0d","Hmmm....",92,4,,false
23,37,0,NONE,"2fldJM40","Quite likely",106,5,,false
23,37,0,NONE,"aSkfyBfO","Hmmm....",61,5,,false
23,37,0,NONE,"0PQNihcW","Quite likely",71,6,,true
23,37,0,NONE,"OfDhG5T7","Playing with fire",79,6,,false
23,37,0,NONE,"3WNrmb7l","Risky",97,6,,false
23,37,0,NONE,"eEh18tgQ","Hmmm....",101,7,,false
23,37,0,NONE,"CfBP82Ml","Hmmm....",89,7,,false
23,38,0,NONE,"gEyhVfuI","Risky",99,2,,false
23,38,0,NONE,"gJNJCg0d","Hmmm....",92,3,,false
23,38,0,NONE,"2fldJM40","Quite likely",106,4,,false
23,38,0,NONE,"aSkfyBfO","Hmmm....",61,4,,false
23,38,0,NONE,"OfDhG5T7","Playing with fire",79,5,,false
23,38,0,NONE,"3WNrmb7l","Risky",97,5,,false
23,38,0,NONE,"eEh18tgQ","Hmmm....",101,6,,false
23,38,0,NONE,"CfBP82Ml","Hmmm....",89,6,,false
23,38,0,NONE,"XpknnpAN","Quite likely",79,7,,false
23,38,0,NONE,"K03v5c11","Piece of cake",77,7,,true
23,39,0,NONE,"gEyhVfuI","Risky",99,1,,true
23,39,0,NONE,"gJNJCg0d","Hmmm....",92,2,,false
23,39,0,NONE,"2fldJM40","Quite likely",106,3,,false
23,39,0,NONE,"aSkfyBfO","Hmmm....",61,3,,false
23,39,0,NONE,"OfDhG5T7","Playing with fire",79,4,,false
23,39,0,NONE,"3WNrmb7l","Risky",97,4,,false
23,39,0,NONE,"eEh18tgQ","Hmmm....",101,5,,false
23,39,0,NONE,"CfBP82Ml","Hmmm....",89,5,,false
23,39,0,NONE,"XpknnpAN","Quite likely",79,6,,false
23,39,0,NONE,"JKa8dsTs","Rather detrimental",80,7,,false
23,41,0,NONE,"2fldJM40","Quite likely",106,1,,false
23,41,0,NONE,"aSkfyBfO","Hmmm....",61,1,,false
23,41,0,NONE,"OfDhG5T7","Playing with fire",79,2,,false
23,41,0,NONE,"3WNrmb7l","Risky",97,2,,false
23,41,0,NONE,"eEh18tgQ","Hmmm....",101,3,,false
23,41,0,NONE,"CfBP82Ml","Hmmm....",89,3,,false
23,41,0,NONE,"XpknnpAN","Quite likely",79,4,,false
23,41,0,NONE,"JKa8dsTs","Rather detrimental",80,5,,false
23,41,0,NONE,"jtf8jSBt","Gamble",90,6,,false
23,41,0,NONE,"zxhGLKS1","Hmmm....",67,7,,true
23,42,0,NONE,"OfDhG5T7","Playing with fire",79,1,,false
23,42,0,NONE,"3WNrmb7l","Risky",97,1,,false
23,42,0,NONE,"eEh18tgQ","Hmmm....",101,2,,false
23,42,0,NONE,"CfBP82Ml","Hmmm....",89,2,,false
23,42,0,NONE,"XpknnpAN","Quite likely",79,3,,false
23,42,0,NONE,"JKa8dsTs","Rather detrimental",80,4,,false
23,42,0,NONE,"jtf8jSBt","Gamble",90,5,,false
23,42,0,NONE,"PcIdzlAo","Piece of cake",83,7,,false
23,42,0,NONE,"RlcXwgIW","Piece of cake",82,7,,false
23,42,0,NONE,"F7PTORW1","Piece of cake",88,7,,true
23,43,0,NONE,"eEh18tgQ","Hmmm....",101,1,,false
23,43,0,NONE,"CfBP82Ml","Hmmm....",89,1,,false
23,43,0,NONE,"XpknnpAN","Quite likely",79,2,,false
23,43,0,NONE,"JKa8dsTs","Rather detrimental",80,3,,false
23,43,0,NONE,"jtf8jSBt","Gamble",90,4,,false
23,43,0,NONE,"PcIdzlAo","Piece of cake",83,6,,true
23,43,0,NONE,"RlcXwgIW","Piece of cake",82,6,,false
23,43,0,NONE,"hQJOfIt9","Quite likely",94,7,,false
23,43,0,NONE,"mjDIYdA7","Suicide mission",78,7,,false
23,43,0,NONE,"j36jFIqX","Playing with fire",84,7,,false
23,44,0,NONE,"XpknnpAN","Quite likely",79,1,,true
23,44,0,NONE,"JKa8dsTs","Rather detrimental",80,2,,false
23,44,0,NONE,"jtf8jSBt","Gamble",90,3,,false
23,44,0,NONE,"RlcXwgIW","Piece of cake",82,5,,false
23,44,0,NONE,"hQJOfIt9","Quite likely",94,6,,false
23,44,0,NONE,"mjDIYdA7","Suicide mission",78,6,,false
23,44,0,NONE,"j36jFIqX","Playing with fire",84,6,,false
23,44,0,NONE,"47nWVUSk","Suicide mission",79,7,,false
23,44,0,NONE,"3TZO0i2L","Quite likely",81,7,,false
23,44,0,NONE,"uorjni8k","Suicide mission",75,7,,false
23,45,0,NONE,"JKa8dsTs","Rather detrimental",80,1,,false
23,45,0,NONE,"jtf8jSBt","Gamble",90,2,,false
23,45,0,NONE,"RlcXwgIW","Piece of cake",82,4,,true
23,45,0,NONE,"hQJOfIt9","Quite likely",94,5,,false
23,45,0,NONE,"mjDIYdA7","Suicide mission",78,5,,false
23,45,0,NONE,"j36jFIqX","Playing with fire",84,5,,false
23,45,0,NONE,"47nWVUSk","Suicide mission",79,6,,false
23,45,0,NONE,"3TZO0i2L","Quite likely",81,6,,false
23,45,0,NONE,"uorjni8k","Suicide mission",75,6,,false
23,45,0,NONE,"bd54Qodg","Risky",91,7,,false
23,46,0,NONE,"jtf8jSBt","Gamble",90,1,,false
23,46,0,NONE,"hQJOfIt9","Quite likely",94,4,,false
23,46,0,NONE,"mjDIYdA7","Suicide mission",78,4,,false
23,46,0,NONE,"j36jFIqX","Playing with fire",84,4,,false
23,46,0,NONE,"47nWVUSk","Suicide mission",79,5,,false
23,46,0,NONE,"3TZO0i2L","Quite likely",81,5,,true
23,46,0,NONE,"uorjni8k","Suicide mission",75,5,,false
23,46,0,NONE,"bd54Qodg","Risky",91,6,,false
23,46,0,NONE,"c6R8Svhr","Playing with fire",89,7,,false
23,46,0,NONE,"AdfFSx4H","Rather detrimental",77,7,,false
23,47,0,NONE,"hQJOfIt9","Quite likely",94,3,,true
23,47,0,NONE,"mjDIYdA7","Suicide mission",78,3,,false
23,47,0,NONE,"j36jFIqX","Playing with fire",84,3,,false
23,47,0,NONE,"47nWVUSk","Suicide mission",79,4,,false
23,47,0,NONE,"uorjni8k","Suicide mission",75,4,,false
23,47,0,NONE,"bd54Qodg","Risky",91,5,,false
23,47,0,NONE,"c6R8Svhr","Playing with fire",89,6,,false
23,47,0,NONE,"AdfFSx4H","Rather detrimental",77,6,,false
23,47,0,NONE,"rg6h9D0y","Rather detrimental",84,7,,false
23,47,0,NONE,"T2KGPFyi","Gamble",89,7,,false
23,48,0,NONE,"mjDIYdA7","Suicide mission",78,2,,false
23,48,0,NONE,"j36jFIqX","Playing with fire",84,2,,false
23,48,0,NONE,"47nWVUSk","Suicide mission",79,3,,false
23,48,0,NONE,"uorjni8k","Suicide mission",75,3,,false
23,48,0,NONE,"bd54Qodg","Risky",91,4,,false
23,48,0,NONE,"c6R8Svhr","Playing with fire",89,5,,false
23,48,0,NONE,"AdfFSx4H","Rather detrimental",77,5,,false
23,48,0,NONE,"rg6h9D0y","Rather detrimental",84,6,,false
23,48,0,NONE,"T2KGPFyi","Gamble",89,6,,true
23,48,0,NONE,"ZaFBxUda","Risky",63,7,,false
24,0,0,NONE,"YQDtm0dk","Rather detrimental",32,7,,false
24,0,0,NONE,"7RFQQudL","Walk in the park",18,7,,false
24,0,0,NONE,"GbOIWISa","Rather detrimental",20,7,,false
24,0,0,NONE,"7WFB3OJ5","Piece of cake",22,7,,false
24,0,0,NONE,"SIzAjy6c","Risky",53,7,,false
24,0,0,NONE,"Se3cU7BU","Suicide mission",31,7,,false
24,0,0,NONE,"t1Mh5ZsV","Walk in the park",4,7,,false
24,0,0,NONE,"8upggSNx","Playing with fire",29,7,,false
24,0,0,NONE,"D5sZPvFz","Sure thing",8,7,,true
24,0,0,NONE,"VEy3t0Bn","Piece of cake",6,7,,false
24,1,0,NONE,"YQDtm0dk","Rather detrimental",32,6,,false
24,1,0,NONE,"7RFQQudL","Walk in the park",18,6,,false
24,1,0,NONE,"GbOIWISa","Rather detrimental",20,6,,false
24,1,0,NONE,"7WFB3OJ5","Piece of cake",22,6,,true
24,1,0,NONE,"SIzAjy6c","Risky",53,6,,false
24,1,0,NONE,"Se3cU7BU","Suicide mission",31,6,,false
24,1,0,NONE,"t1Mh5ZsV","Walk in the park",4,6,,false
24,1,0,NONE,"8upggSNx","Playing with fire",29,6,,false
24,1,0,NONE,"VEy3t0Bn","Piece of cake",6,6,,false
24,1,0,NONE,"muGWz1yj","Rather detrimental",38,7,,false
24,2,0,NONE,"YQDtm0dk","Rather detrimental",32,5,,false
24,2,0,NONE,"7RFQQudL","Walk in the park",18,5,,false
24,2,0,NONE,"GbOIWISa","Rather detrimental",20,5,,false
24,2,0,NONE,"SIzAjy6c","Risky",53,5,,false
24,2,0,NONE,"Se3cU7BU","Suicide mission",31,5,,false
24,2,0,NONE,"t1Mh5ZsV","Walk in the park",4,5,,false
24,2,0,NONE,"8upggSNx","Playing with fire",29,5,,false
24,2,0,NONE,"VEy3t0Bn","Piece of cake",6,5,,true
24,2,0,NONE,"muGWz1yj","Rather detrimental",38,6,,false
24,2,0,NONE,"xLfXTOUP","Hmmm....",14,7,,false
24,3,0,NONE,"YQDtm0dk","Rather detrimental",32,4,,false
24,3,0,NONE,"7RFQQudL","Walk in the park",18,4,,false
24,3,0,NONE,"GbOIWISa","Rather detrimental",20,4,,false
24,3,0,NONE,"SIzAjy6c","Risky",53,4,,false
24,3,0,NONE,"Se3cU7BU","Suicide mission",31,4,,false
24,3,0,NONE,"t1Mh5ZsV","Walk in the park",4,4,,false
24,3,0,NONE,"8upggSNx","Playing with fire",29,4,,false
24,3,0,NONE,"muGWz1yj","Rather detrimental",38,5,,false
24,3,0,NONE,"xLfXTOUP","Hmmm....",14,6,,false
24,3,0,NONE,"4e34qANu","Piece of cake",8,7,,true
24,4,0,NONE,"YQDtm0dk","Rather detrimental",32,3,,false
24,4,0,NONE,"7RFQQudL","Walk in the park",18,3,,true
24,4,0,NONE,"GbOIWISa","Rather detrimental",20,3,,false
24,4,0,NONE,"SIzAjy6c","Risky",53,3,,false
24,4,0,NONE,"Se3cU7BU","Suicide mission",31,3,,false
24,4,0,NONE,"t1Mh5ZsV","Walk in the park",4,3,,false
24,4,0,NONE,"8upggSNx","Playing with fire",29,3,,false
24,4,0,NONE,"muGWz1yj","Rather detrimental",38,4,,false
24,4,0,NONE,"xLfXTOUP","Hmmm....",14,5,,false
24,4,0,NONE,"uNujO0Fq","Walk in the park",21,7,,false
24,5,0,NONE,"YQDtm0dk","Rather detrimental",32,2,,false
24,5,0,NONE,"GbOIWISa","Rather detrimental",20,2,,false
24,5,0,NONE,"SIzAjy6c","Risky",53,2,,false
24,5,0,NONE,"Se3cU7BU","Suicide mission",31,2,,false
24,5,0,NONE,"t1Mh5ZsV","Walk in the park",4,2,,true
24,5,0,NONE,"8upggSNx","Playing with fire",29,2,,false
24,5,0,NONE,"muGWz1yj","Rather detrimental",38,3,,false
24,5,0,NONE,"xLfXTOUP","Hmmm....",14,4,,false
24,5,0,NONE,"uNujO0Fq","Walk in the park",21,6,,false
24,5,0,NONE,"euCAUz34","Gamble",12,7,,false
24,6,0,NONE,"YQDtm0dk","Rather detrimental",32,1,,false
24,6,0,NONE,"GbOIWISa","Rather detrimental",20,1,,false
24,6,0,NONE,"SIzAjy6c","Risky",53,1,,false
24,6,0,NONE,"Se3cU7BU","Suicide mission",31,1,,false
24,6,0,NONE,"8upggSNx","Playing with fire",29,1,,false
24,6,0,NONE,"muGWz1yj","Rather detrimental",38,2,,false
24,6,0,NONE,"xLfXTOUP","Hmmm....",14,3,,false
24,6,0,NONE,"uNujO0Fq","Walk in the park",21,5,,false
24,6,0,NONE,"euCAUz34","Gamble",12,6,,false
24,6,0,NONE,"SAR8rM2W","Risky",26,7,,true
24,8,0,NONE,"xLfXTOUP","Hmmm....",14,1,,false
24,8,0,NONE,"uNujO0Fq","Walk in the park",21,3,,false
24,8,0,NONE,"euCAUz34","Gamble",12,4,,false
24,8,0,NONE,"3TarVr96","Quite likely",32,6,,false
24,8,0,NONE,"3ybZxXTB","Risky",37,6,,false
24,8,0,NONE,"aNWuFVev","Gamble",21,6,,false
24,8,0,NONE,"gTxnecDd","Quite likely",10,6,,false
24,8,0,NONE,"KMpgEiRi","Hmmm....",35,6,,false
24,8,0,NONE,"AY0on5zC","Hmmm....",38,6,,true
24,8,0,NONE,"POXZzB1p","Suicide mission",38,7,,false
24,9,0,NONE,"uNujO0Fq","Walk in the park",21,2,,false
24,9,0,NONE,"euCAUz34","Gamble",12,3,,false
24,9,0,NONE,"3TarVr96","Quite likely",32,5,,false
24,9,0,NONE,"3ybZxXTB","Risky",37,5,,false
24,9,0,NONE,"aNWuFVev","Gamble",21,5,,false
24,9,0,NONE,"gTxnecDd","Quite likely",10,5,,false
24,9,0,NONE,"KMpgEiRi","Hmmm....",35,5,,false
24,9,0,NONE,"POXZzB1p","Suicide mission",38,6,,false
24,9,0,NONE,"QLY5ZAlN","Walk in the park",53,7,,true
24,9,0,NONE,"2CuXFkS8","Hmmm....",31,7,,false
24,11,0,NONE,"euCAUz34","Gamble",12,1,,false
24,11,0,NONE,"3TarVr96","Quite likely",32,3,,false
24,11,0,NONE,"3ybZxXTB","Risky",37,3,,false
24,11,0,NONE,"aNWuFVev","Gamble",21,3,,true
24,11,0,NONE,"gTxnecDd","Quite likely",10,3,,false
24,11,0,NONE,"KMpgEiRi","Hmmm....",35,3,,false
24,11,0,NONE,"POXZzB1p","Suicide mission",38,4,,false
24,11,0,NONE,"2CuXFkS8","Hmmm....",31,5,,false
24,11,0,NONE,"J7AqyYEu","Piece of cake",54,6,,false
24,11,0,NONE,"YwDq88NY","Hmmm....",64,7,,false
24,12,0,NONE,"3TarVr96","Quite likely",32,2,,false
24,12,0,NONE,"3ybZxXTB","Risky",37,2,,false
24,12,0,NONE,"gTxnecDd","Quite likely",10,2,,false
24,12,0,NONE,"KMpgEiRi","Hmmm....",35,2,,false
24,12,0,NONE,"POXZzB1p","Suicide mission",38,3,,false
24,12,0,NONE,"2CuXFkS8","Hmmm....",31,4,,false
24,12,0,NONE,"J7AqyYEu","Piece of cake",54,5,,true
24,12,0,NONE,"YwDq88NY","Hmmm....",64,6,,false
24,12,0,NONE,"s5rnh4BB","Walk in the park",54,7,,false
24,12,0,NONE,"vGBIoYhx","Risky",40,7,,false
24,13,0,NONE,"3TarVr96","Quite likely",32,1,,false
24,13,0,NONE,"3ybZxXTB","Risky",37,1,,false
24,13,0,NONE,"gTxnecDd","Quite likely",10,1,,false
24,13,0,NONE,"KMpgEiRi","Hmmm....",35,1,,false
24,13,0,NONE,"POXZzB1p","Suicide mission",38,2,,false
24,13,0,NONE,"2CuXFkS8","Hmmm....",31,3,,false
24,13,0,NONE,"YwDq88NY","Hmmm....",64,5,,false
24,13,0,NONE,"s5rnh4BB","Walk in the park",54,6,,false
24,13,0,NONE,"vGBIoYhx","Risky",40,6,,true
24,13,0,NONE,"Fgqy4ds9","Quite likely",53,7,,false
24,14,0,NONE,"POXZzB1p","Suicide mission",38,1,,false
24,14,0,NONE,"2CuXFkS8","Hmmm....",31,2,,false
24,14,0,NONE,"YwDq88NY","Hmmm....",64,4,,false
24,14,0,NONE,"s5rnh4BB","Walk in the park",54,5,,false
24,14,0,NONE,"Fgqy4ds9","Quite likely",53,6,,false
24,14,0,NONE,"LvAAMp2Q","Quite likely",63,7,,false
24,14,0,NONE,"1Pemnjpo","Risky",36,7,,false
24,14,0,NONE,"jaeBCTnH","Walk in the park",65,7,,false
24,14,0,NONE,"KW1aErPA","Piece of cake",25,7,,true
24,14,0,NONE,"Gj77lgt7","Risky",23,7,,false
24,15,0,NONE,"2CuXFkS8","Hmmm....",31,1,,false
24,15,0,NONE,"YwDq88NY","Hmmm....",64,3,,true
24,15,0,NONE,"s5rnh4BB","Walk in the park",54,4,,false
24,15,0,NONE,"Fgqy4ds9","Quite likely",53,5,,false
24,15,0,NONE,"LvAAMp2Q","Quite likely",63,6,,false
24,15,0,NONE,"1Pemnjpo","Risky",36,6,,false
24,15,0,NONE,"jaeBCTnH","Walk in the park",65,6,,false
24,15,0,NONE,"Gj77lgt7","Risky",23,6,,false
24,15,0,NONE,"rM4TYJqQ","Gamble",21,7,,false
24,15,0,NONE,"b8vq06W5","Rather detrimental",39,7,,false
24,16,0,NONE,"s5rnh4BB","Walk in the park",54,3,,false
24,16,0,NONE,"Fgqy4ds9","Quite likely",53,4,,false
24,16,0,NONE,"LvAAMp2Q","Quite likely",63,5,,false
24,16,0,NONE,"1Pemnjpo","Risky",36,5,,false
24,16,0,NONE,"jaeBCTnH","Walk in the park",65,5,,false
24,16,0,NONE,"Gj77lgt7","Risky",23,5,,false
24,16,0,NONE,"rM4TYJqQ","Gamble",21,6,,false
24,16,0,NONE,"b8vq06W5","Rather detrimental",39,6,,false
24,16,0,NONE,"plDdfQCP","Playing with fire",141,3,1,false
24,16,0,NONE,"FARGVlNz","Piece of cake",63,7,,true
24,17,0,NONE,"s5rnh4BB","Walk in the park",54,2,,false
24,17,0,NONE,"Fgqy4ds9","Quite likely",53,3,,false
24,17,0,NONE,"LvAAMp2Q","Quite likely",63,4,,false
24,17,0,NONE,"1Pemnjpo","Risky",36,4,,false
24,17,0,NONE,"jaeBCTnH","Walk in the park",65,4,,false
24,17,0,NONE,"Gj77lgt7","Risky",23,4,,false
24,17,0,NONE,"rM4TYJqQ","Gamble",21,5,,false
24,17,0,NONE,"b8vq06W5","Rather detrimental",39,5,,false
24,17,0,NONE,"plDdfQCP","Playing with fire",141,2,1,false
24,17,0,NONE,"1J0U6NzJ","Piece of cake",61,7,,true
24,18,0,NONE,"s5rnh4BB","Walk in the park",54,1,,true
24,18,0,NONE,"Fgqy4ds9","Quite likely",53,2,,false
24,18,0,NONE,"LvAAMp2Q","Quite likely",63,3,,false
24,18,0,NONE,"1Pemnjpo","Risky",36,3,,false
24,18,0,NONE,"jaeBCTnH","Walk in the park",65,3,,false
24,18,0,NONE,"Gj77lgt7","Risky",23,3,,false
24,18,0,NONE,"rM4TYJqQ","Gamble",21,4,,false
24,18,0,NONE,"b8vq06W5","Rather detrimental",39,4,,false
24,18,0,NONE,"plDdfQCP","Playing with fire",141,1,1,false
24,18,0,NONE,"LbSmbRC7","Suicide mission",41,7,,false
24,19,0,NONE,"Fgqy4ds9","Quite likely",53,1,,false
24,19,0,NONE,"LvAAMp2Q","Quite likely",63,2,,false
24,19,0,NONE,"1Pemnjpo","Risky",36,2,,false
24,19,0,NONE,"jaeBCTnH","Walk in the park",65,2,,true
24,19,0,NONE,"Gj77lgt7","Risky",23,2,,false
24,19,0,NONE,"rM4TYJqQ","Gamble",21,3,,false
24,19,0,NONE,"b8vq06W5","Rather detrimental",39,3,,false
24,19,0,NONE,"LbSmbRC7","Suicide mission",41,6,,false
24,19,0,NONE,"hfeohOJ7","Playing with fire",160,2,1,false
24,19,0,NONE,"n6GLeV7R","Walk in the park",69,7,,false
24,20,0,NONE,"LvAAMp2Q","Quite likely",63,1,,false
24,20,0,NONE,"1Pemnjpo","Risky",36,1,,false
24,20,0,NONE,"Gj77lgt7","Risky",23,1,,false
24,20,0,NONE,"rM4TYJqQ","Gamble",21,2,,false
24,20,0,NONE,"b8vq06W5","Rather detrimental",39,2,,false
24,20,0,NONE,"LbSmbRC7","Suicide mission",41,5,,false
24,20,0,NONE,"hfeohOJ7","Playing with fire",160,1,1,false
24,20,0,NONE,"n6GLeV7R","Walk in the park",69,6,,true
24,20,0,NONE,"WlUn0oU6","Suicide mission",133,2,1,false
24,20,0,NONE,"2P4HrCBc","Playing with fire",138,2,1,false
24,22,0,NONE,"LbSmbRC7","Suicide mission",41,3,,false
24,22,0,NONE,"D9qkNHEx","Walk in the park",84,6,,false
24,22,0,NONE,"7FohR3NX","Sure thing",91,6,,true
24,22,0,NONE,"FjeMH6p7","Rather detrimental",133,1,1,false
24,22,0,NONE,"BXKhOO8y","Gamble",146,2,1,false
24,22,0,NONE,"BmbnHWC1","Risky",128,2,1,false
24,22,0,NONE,"7WSBwoJu","Suicide mission",147,2,1,false
24,22,0,NONE,"sjiCMMZJ","Impossible",146,2,1,false
24,22,0,NONE,"c4EK7X6M","Risky",147,3,1,false
24,22,0,NONE,"498JB6WQ","Gamble",130,2,1,false
24,23,0,NONE,"LbSmbRC7","Suicide mission",41,2,,false
24,23,0,NONE,"D9qkNHEx","Walk in the park",84,5,,false
24,23,0,NONE,"BXKhOO8y","Gamble",146,1,1,false
24,23,0,NONE,"BmbnHWC1","Risky",128,1,1,false
24,23,0,NONE,"7WSBwoJu","Suicide mission",147,1,1,false
24,23,0,NONE,"sjiCMMZJ","Impossible",146,1,1,false
24,23,0,NONE,"c4EK7X6M","Risky",147,2,1,false
24,23,0,NONE,"498JB6WQ","Gamble",130,1,1,false
24,23,0,NONE,"kiOq1NVX","Piece of cake",119,7,,false
24,23,0,NONE,"w6edCjwu","Impossible",123,3,1,true
24,25,0,NONE,"D9qkNHEx","Walk in the park",84,3,,false
24,25,0,NONE,"kiOq1NVX","Piece of cake",119,5,,true
24,25,0,NONE,"CkqKR8up","Suicide mission",145,2,1,false
24,25,0,NONE,"KGjfIKG0","Quite likely",73,6,,false
24,25,0,NONE,"8T3RQdJF","Suicide mission",157,2,1,false
24,25,0,NONE,"a4CIPuxf","Gamble",146,2,1,false
24,25,0,NONE,"mjUd2pxc","Suicide mission",119,1,1,false
24,25,0,NONE,"Q4YYRbhT","Risky",111,2,1,false
24,25,0,NONE,"azLON9aF","Risky",153,2,1,false
24,25,0,NONE,"z7TRjBJb","Quite likely",127,7,,false
24,26,0,NONE,"D9qkNHEx","Walk in the park",84,2,,true
24,26,0,NONE,"CkqKR8up","Suicide mission",145,1,1,false
24,26,0,NONE,"KGjfIKG0","Quite likely",73,5,,false
24,26,0,NONE,"8T3RQdJF","Suicide mission",157,1,1,false
24,26,0,NONE,"a4CIPuxf","Gamble",146,1,1,false
24,26,0,NONE,"Q4YYRbhT","Risky",111,1,1,false
24,26,0,NONE,"azLON9aF","Risky",153,1,1,false
24,26,0,NONE,"z7TRjBJb","Quite likely",127,6,,false
24,26,0,NONE,"IqYtNYym","Suicide mission",170,2,1,false
24,26,0,NONE,"0NX3f4yX","Suicide mission",130,2,2,false
24,28,0,NONE,"KGjfIKG0","Quite likely",73,3,,false
24,28,0,NONE,"z7TRjBJb","Quite likely",127,4,,false
24,28,0,NONE,"ikmvNRIu","Suicide mission",147,2,1,false
24,28,0,NONE,"8qlyrKIe","Gamble",124,2,1,false
24,28,0,NONE,"ee4jRwXp","Walk in the park",127,6,,false
24,28,0,NONE,"HAqYEzww","Suicide mission",102,1,1,false
24,28,0,NONE,"4w2rQ6l7","Sure thing",96,6,,true
24,28,0,NONE,"2rPFu7nP","Suicide mission",123,1,1,false
24,28,0,NONE,"EG948Vcl","Risky",146,3,1,false
24,28,0,NONE,"5hEKzV6y","Gamble",121,3,1,false
24,29,0,NONE,"KGjfIKG0","Quite likely",73,2,,false
24,29,0,NONE,"z7TRjBJb","Quite likely",127,3,,false
24,29,0,NONE,"ikmvNRIu","Suicide mission",147,1,1,false
24,29,0,NONE,"8qlyrKIe","Gamble",124,1,1,false
24,29,0,NONE,"ee4jRwXp","Walk in the park",127,5,,false
24,29,0,NONE,"EG948Vcl","Risky",146,2,1,false
24,29,0,NONE,"5hEKzV6y","Gamble",121,2,1,false
24,29,0,NONE,"fBfLx8dr","Suicide mission",137,3,1,true
24,29,0,NONE,"Wskpnhzd","Sure thing",91,7,,false
24,29,0,NONE,"VMd8LzqF","Hmmm....",117,3,1,false
24,31,0,NONE,"z7TRjBJb","Quite likely",127,1,,false
24,31,0,NONE,"ee4jRwXp","Walk in the park",127,3,,false
24,31,0,NONE,"Wskpnhzd","Sure thing",91,5,,false
24,31,0,NONE,"VMd8LzqF","Hmmm....",117,1,1,false
24,31,0,NONE,"oqpzyivu","Playing with fire",153,2,1,false
24,31,0,NONE,"EH9oRD0F","Hmmm....",89,6,,false
24,31,0,NONE,"qSsCpBYe","Suicide mission",147,1,1,true
24,31,0,NONE,"kJrXfziJ","Suicide mission",140,3,1,false
24,31,0,NONE,"roMqUXWM","Suicide mission",133,3,1,false
24,31,0,NONE,"hBuX1OxB","Impossible",134,2,1,false
24,33,0,NONE,"ee4jRwXp","Walk in the park",127,1,,false
24,33,0,NONE,"Wskpnhzd","Sure thing",91,3,,false
24,33,0,NONE,"EH9oRD0F","Hmmm....",89,4,,false
24,33,0,NONE,"kJrXfziJ","Suicide mission",140,1,1,false
24,33,0,NONE,"roMqUXWM","Suicide mission",133,1,1,false
24,33,0,NONE,"EOIDp2Sb","Hmmm....",65,6,,false
24,33,0,NONE,"pgXsyCei","Piece of cake",98,6,,false
24,33,0,NONE,"k8PmMsxG","Suicide mission",156,1,1,true
24,33,0,NONE,"18PXWgj7","Gamble",84,7,,false
24,33,0,NONE,"xl4fTUIW","Suicide mission",137,3,1,false
24,35,0,NONE,"Wskpnhzd","Sure thing",91,1,,false
24,35,0,NONE,"EH9oRD0F","Hmmm....",89,2,,false
24,35,0,NONE,"EOIDp2Sb","Hmmm....",65,4,,false
24,35,0,NONE,"pgXsyCei","Piece of cake",98,4,,false
24,35,0,NONE,"18PXWgj7","Gamble",84,5,,false
24,35,0,NONE,"xl4fTUIW","Suicide mission",137,1,1,false
24,35,0,NONE,"D2vkEdMk","Quite likely",101,6,,true
24,35,0,NONE,"HLh0j47A","Rather detrimental",122,1,1,false
24,35,0,NONE,"0h6GeyF9","Quite likely",161,1,1,false
24,35,0,NONE,"LhDuS4BM","Piece of cake",93,6,,false
24,36,0,NONE,"EH9oRD0F","Hmmm....",89,1,,false
24,36,0,NONE,"EOIDp2Sb","Hmmm....",65,3,,false
24,36,0,NONE,"pgXsyCei","Piece of cake",98,3,,false
24,36,0,NONE,"18PXWgj7","Gamble",84,4,,false
24,36,0,NONE,"LhDuS4BM","Piece of cake",93,5,,false
24,36,0,NONE,"4IQEahS8","Hmmm....",76,7,,true
24,36,0,NONE,"KSXuPMyl","Piece of cake",108,7,,false
24,36,0,NONE,"DtAmvXBw","Piece of cake",97,7,,false
24,36,0,NONE,"LXdyFxDi","Piece of cake",75,7,,false
24,36,0,NONE,"OYlEzZ6P","Quite likely",88,7,,false
24,37,0,NONE,"EOIDp2Sb","Hmmm....",65,2,,false
24,37,0,NONE,"pgXsyCei","Piece of cake",98,2,,false
24,37,0,NONE,"18PXWgj7","Gamble",84,3,,false
24,37,0,NONE,"LhDuS4BM","Piece of cake",93,4,,false
24,37,0,NONE,"KSXuPMyl","Piece of cake",108,6,,false
24,37,0,NONE,"DtAmvXBw","Piece of cake",97,6,,true
24,37,0,NONE,"LXdyFxDi","Piece of cake",75,6,,false
24,37,0,NONE,"OYlEzZ6P","Quite likely",88,6,,false
24,37,0,NONE,"hM57epF4","Quite likely",87,7,,false
24,37,0,NONE,"AfOMck8P","Quite likely",102,7,,false
24,38,0,NONE,"EOIDp2Sb","Hmmm....",65,1,,false
24,38,0,NONE,"pgXsyCei","Piece of cake",98,1,,true
24,38,0,NONE,"18PXWgj7","Gamble",84,2,,false
24,38,0,NONE,"LhDuS4BM","Piece of cake",93,3,,false
24,38,0,NONE,"KSXuPMyl","Piece of cake",108,5,,false
24,38,0,NONE,"LXdyFxDi","Piece of cake",75,5,,false
24,38,0,NONE,"OYlEzZ6P","Quite likely",88,5,,false
24,38,0,NONE,"hM57epF4","Quite likely",87,6,,false
24,38,0,NONE,"AfOMck8P","Quite likely",102,6,,false
24,38,0,NONE,"MCM6JATr","Piece of cake",100,7,,false
24,40,0,NONE,"LhDuS4BM","Piece of cake",93,1,,false
24,40,0,NONE,"KSXuPMyl","Piece of cake",108,3,,false
24,40,0,NONE,"LXdyFxDi","Piece of cake",75,3,,false
24,40,0,NONE,"OYlEzZ6P","Quite likely",88,3,,false
24,40,0,NONE,"hM57epF4","Quite likely",87,4,,false
24,40,0,NONE,"AfOMck8P","Quite likely",102,4,,false
24,40,0,NONE,"MCM6JATr","Piece of cake",100,5,,false
24,40,0,NONE,"Iv9xnCOm","Hmmm....",83,6,,false
24,40,0,NONE,"LAFEz7HO","Piece of cake",63,6,,true
24,40,0,NONE,"rD7guz5Q","Suicide mission",93,7,,false
24,41,0,NONE,"KSXuPMyl","Piece of cake",108,2,,true
24,41,0,NONE,"LXdyFxDi","Piece of cake",75,2,,false
24,41,0,NONE,"OYlEzZ6P","Quite likely",88,2,,false
24,41,0,NONE,"hM57epF4","Quite likely",87,3,,false
24,41,0,NONE,"AfOMck8P","Quite likely",102,3,,false
24,41,0,NONE,"MCM6JATr","Piece of cake",100,4,,false
24,41,0,NONE,"Iv9xnCOm","Hmmm....",83,5,,false
24,41,0,NONE,"rD7guz5Q","Suicide mission",93,6,,false
24,41,0,NONE,"J0Pe61ly","Hmmm....",72,7,,false
24,41,0,NONE,"XSRNBKN3","Hmmm....",85,7,,false
24,42,0,NONE,"LXdyFxDi","Piece of cake",75,1,,false
24,42,0,NONE,"OYlEzZ6P","Quite likely",88,1,,false
24,42,0,NONE,"hM57epF4","Quite likely",87,2,,false
24,42,0,NONE,"AfOMck8P","Quite likely",102,2,,false
24,42,0,NONE,"MCM6JATr","Piece of cake",100,3,,true
24,42,0,NONE,"Iv9xnCOm","Hmmm....",83,4,,false
24,42,0,NONE,"rD7guz5Q","Suicide mission",93,5,,false
24,42,0,NONE,"J0Pe61ly","Hmmm....",72,6,,false
24,42,0,NONE,"XSRNBKN3","Hmmm....",85,6,,false
24,42,0,NONE,"XsLlZGeT","Hmmm....",77,7,,false
24,44,0,NONE,"Iv9xnCOm","Hmmm....",83,2,,true
24,44,0,NONE,"rD7guz5Q","Suicide mission",93,3,,false
24,44,0,NONE,"J0Pe61ly","Hmmm....",72,4,,false
24,44,0,NONE,"XSRNBKN3","Hmmm....",85,4,,false
24,44,0,NONE,"XsLlZGeT","Hmmm....",77,5,,false
24,44,0,NONE,"y9sqiEYh","Rather detrimental",90,6,,false
24,44,0,NONE,"Ey8pdrVG","Suicide mission",95,6,,false
24,44,0,NONE,"OghcgoTB","Rather detrimental",81,6,,false
24,44,0,NONE,"IW4yhOEN","Playing with fire",63,7,,false
24,44,0,NONE,"DxRvCd4X","Risky",63,7,,false
24,46,0,NONE,"rD7guz5Q","Suicide mission",93,1,,false
24,46,0,NONE,"J0Pe61ly","Hmmm....",72,2,,false
24,46,0,NONE,"XSRNBKN3","Hmmm....",85,2,,false
24,46,0,NONE,"XsLlZGeT","Hmmm....",77,3,,false
24,46,0,NONE,"y9sqiEYh","Rather detrimental",90,4,,false
24,46,0,NONE,"Ey8pdrVG","Suicide mission",95,4,,false
24,46,0,NONE,"OghcgoTB","Rather detrimental",81,4,,false
24,46,0,NONE,"IW4yhOEN","Playing with fire",63,5,,false
24,46,0,NONE,"DxRvCd4X","Risky",63,5,,false
24,46,0,NONE,"ZTAvlJeL","Suicide mission",65,6,,true
24,48,0,NONE,"XsLlZGeT","Hmmm....",77,1,,true
24,48,0,NONE,"y9sqiEYh","Rather detrimental",90,2,,false
24,48,0,NONE,"Ey8pdrVG","Suicide mission",95,2,,false
24,48,0,NONE,"OghcgoTB","Rather detrimental",81,2,,false
24,48,0,NONE,"IW4yhOEN","Playing with fire",63,3,,false
24,48,0,NONE,"DxRvCd4X","Risky",63,3,,false
24,48,0,NONE,"BOR8pyaV","Gamble",70,6,,false
24,48,0,NONE,"4sp5R1Oq","Hmmm....",79,6,,false
24,48,0,NONE,"DOwKsa9D","Risky",73,7,,false
24,48,0,NONE,"TKEBgMrD","Rather detrimental",54,7,,false
25,0,0,NONE,"M0sLkafK","Hmmm....",39,7,,false
25,0,0,NONE,"zVVVo9qt","Piece of cake",12,7,,false
25,0,0,NONE,"CU9dfj0g","Quite likely",3,7,,false
25,0,0,NONE,"Y3Q1AtEu","Walk in the park",17,7,,false
25,0,0,NONE,"kGqee7M5","Walk in the park",67,7,,false
25,0,0,NONE,"EPbkVU5j","Quite likely",60,7,,false
25,0,0,NONE,"hGSCrNK9","Piece of cake",43,7,,false
25,0,0,NONE,"6loJfWW9","Piece of cake",17,7,,true
25,0,0,NONE,"xK9FTNQw","Walk in the park",57,7,,false
25,0,0,NONE,"1DPtROog","Walk in the park",7,7,,false
25,1,0,NONE,"M0sLkafK","Hmmm....",39,6,,false
25,1,0,NONE,"zVVVo9qt","Piece of cake",12,6,,false
25,1,0,NONE,"CU9dfj0g","Quite likely",3,6,,false
25,1,0,NONE,"Y3Q1AtEu","Walk in the park",17,6,,false
25,1,0,NONE,"kGqee7M5","Walk in the park",67,6,,false
25,1,0,NONE,"EPbkVU5j","Quite likely",60,6,,false
25,1,0,NONE,"hGSCrNK9","Piece of cake",43,6,,true
25,1,0,NONE,"xK9FTNQw","Walk in the park",57,6,,false
25,1,0,NONE,"1DPtROog","Walk in the park",7,6,,false
25,1,0,NONE,"tsXXAOpj","Hmmm....",20,7,,false
25,2,0,NONE,"M0sLkafK","Hmmm....",39,5,,false
25,2,0,NONE,"zVVVo9qt","Piece of cake",12,5,,true
25,2,0,NONE,"CU9dfj0g","Quite likely",3,5,,false
25,2,0,NONE,"Y3Q1AtEu","Walk in the park",17,5,,false
25,2,0,NONE,"kGqee7M5","Walk in the park",67,5,,false
25,2,0,NONE,"EPbkVU5j","Quite likely",60,5,,false
25,2,0,NONE,"xK9FTNQw","Walk in the park",57,5,,false
25,2,0,NONE,"1DPtROog","Walk in the park",7,5,,false
25,2,0,NONE,"tsXXAOpj","Hmmm....",20,6,,false
25,2,0,NONE,"S9wUhD1J","Gamble",89,7,,false
25,3,0,NONE,"M0sLkafK","Hmmm....",39,4,,false
25,3,0,NONE,"CU9dfj0g","Quite likely",3,4,,false
25,3,0,NONE,"Y3Q1AtEu","Walk in the park",17,4,,false
25,3,0,NONE,"kGqee7M5","Walk in the park",67,4,,false
25,3,0,NONE,"EPbkVU5j","Quite likely",60,4,,false
25,3,0,NONE,"xK9FTNQw","Walk in the park",57,4,,false
25,3,0,NONE,"1DPtROog","Walk in the park",7,4,,false
25,3,0,NONE,"tsXXAOpj","Hmmm....",20,5,,false
25,3,0,NONE,"S9wUhD1J","Gamble",89,6,,false
25,3,0,NONE,"dSSLcJc2","Piece of cake",16,7,,true
25,4,0,NONE,"M0sLkafK","Hmmm....",39,3,,false
25,4,0,NONE,"CU9dfj0g","Quite likely",3,3,,false
25,4,0,NONE,"Y3Q1AtEu","Walk in the park",17,3,,false
25,4,0,NONE,"kGqee7M5","Walk in the park",67,3,,false
25,4,0,NONE,"EPbkVU5j","Quite likely",60,3,,false
25,4,0,NONE,"xK9FTNQw","Walk in the park",57,3,,false
25,4,0,NONE,"1DPtROog","Walk in the park",7,3,,false
25,4,0,NONE,"tsXXAOpj","Hmmm....",20,4,,false
25,4,0,NONE,"S9wUhD1J","Gamble",89,5,,false
25,4,0,NONE,"zhlI1JEB","Sure thing",17,7,,true
25,5,0,NONE,"M0sLkafK","Hmmm....",39,2,,false
25,5,0,NONE,"CU9dfj0g","Quite likely",3,2,,false
25,5,0,NONE,"Y3Q1AtEu","Walk in the park",17,2,,false
25,5,0,NONE,"kGqee7M5","Walk in the park",67,2,,false
25,5,0,NONE,"EPbkVU5j","Quite likely",60,2,,false
25,5,0,NONE,"xK9FTNQw","Walk in the park",57,2,,false
25,5,0,NONE,"1DPtROog","Walk in the park",7,2,,false
25,5,0,NONE,"tsXXAOpj","Hmmm....",20,3,,false
25,5,0,NONE,"S9wUhD1J","Gamble",89,4,,false
25,5,0,NONE,"RORuV6IV","Piece of cake",44,7,,true
25,6,0,NONE,"M0sLkafK","Hmmm....",39,1,,false
25,6,0,NONE,"CU9dfj0g","Quite likely",3,1,,false
25,6,0,NONE,"Y3Q1AtEu","Walk in the park",17,1,,false
25,6,0,NONE,"kGqee7M5","Walk in the park",67,1,,false
25,6,0,NONE,"EPbkVU5j","Quite likely",60,1,,false
25,6,0,NONE,"xK9FTNQw","Walk in the park",57,1,,false
25,6,0,NONE,"1DPtROog","Walk in the park",7,1,,false
25,6,0,NONE,"tsXXAOpj","Hmmm....",20,2,,false
25,6,0,NONE,"S9wUhD1J","Gamble",89,3,,false
25,6,0,NONE,"nkXyhHeA","Piece of cake",20,7,,true
25,7,0,NONE,"tsXXAOpj","Hmmm....",20,1,,false
25,7,0,NONE,"S9wUhD1J","Gamble",89,2,,false
25,7,0,NONE,"gg1FswhS","Walk in the park",15,7,,false
25,7,0,NONE,"Dh2nuBtK","Piece of cake",67,7,,false
25,7,0,NONE,"r4NhLCrv","Hmmm....",6,7,,false
25,7,0,NONE,"zvD6PnTe","Risky",79,7,,false
25,7,0,NONE,"1Czj1Xzc","Sure thing",52,7,,false
25,7,0,NONE,"bMfP23AH","Gamble",13,7,,false
25,7,0,NONE,"91leFgBX","Piece of cake",22,7,,false
25,7,0,NONE,"6TQNzjrc","Hmmm....",60,7,,true
25,8,0,NONE,"S9wUhD1J","Gamble",89,1,,true
25,8,0,NONE,"gg1FswhS","Walk in the park",15,6,,false
25,8,0,NONE,"Dh2nuBtK","Piece of cake",67,6,,false
25,8,0,NONE,"r4NhLCrv","Hmmm....",6,6,,false
25,8,0,NONE,"zvD6PnTe","Risky",79,6,,false
25,8,0,NONE,"1Czj1Xzc","Sure thing",52,6,,false
25,8,0,NONE,"bMfP23AH","Gamble",13,6,,false
25,8,0,NONE,"91leFgBX","Piece of cake",22,6,,false
25,8,0,NONE,"kd9Ku5YJ","Walk in the park",27,7,,false
25,8,0,NONE,"dKTEphG0","Sure thing",15,7,,false
25,9,0,NONE,"gg1FswhS","Walk in the park",15,5,,false
25,9,0,NONE,"Dh2nuBtK","Piece of cake",67,5,,false
25,9,0,NONE,"r4NhLCrv","Hmmm....",6,5,,false
25,9,0,NONE,"zvD6PnTe","Risky",79,5,,false
25,9,0,NONE,"1Czj1Xzc","Sure thing",52,5,,true
25,9,0,NONE,"bMfP23AH","Gamble",13,5,,false
25,9,0,NONE,"91leFgBX","Piece of cake",22,5,,false
25,9,0,NONE,"kd9Ku5YJ","Walk in the park",27,6,,false
25,9,0,NONE,"dKTEphG0","Sure thing",15,6,,false
25,9,0,NONE,"9mQQ26Ji","Quite likely",53,7,,false
25,10,0,NONE,"gg1FswhS","Walk in the park",15,4,,false
25,10,0,NONE,"Dh2nuBtK","Piece of cake",67,4,,false
25,10,0,NONE,"r4NhLCrv","Hmmm....",6,4,,false
25,10,0,NONE,"zvD6PnTe","Risky",79,4,,false
25,10,0,NONE,"bMfP23AH","Gamble",13,4,,false
25,10,0,NONE,"91leFgBX","Piece of cake",22,4,,false
25,10,0,NONE,"kd9Ku5YJ","Walk in the park",27,5,,false
25,10,0,NONE,"dKTEphG0","Sure thing",15,5,,true
25,10,0,NONE,"9mQQ26Ji","Quite likely",53,6,,false
25,10,0,NONE,"VwGqzax8","Walk in the park",17,7,,false
25,11,0,NONE,"gg1FswhS","Walk in the park",15,3,,false
25,11,0,NONE,"Dh2nuBtK","Piece of cake",67,3,,false
25,11,0,NONE,"r4NhLCrv","Hmmm....",6,3,,false
25,11,0,NONE,"zvD6PnTe","Risky",79,3,,false
25,11,0,NONE,"bMfP23AH","Gamble",13,3,,false
25,11,0,NONE,"91leFgBX","Piece of cake",22,3,,true
25,11,0,NONE,"kd9Ku5YJ","Walk in the park",27,4,,false
25,11,0,NONE,"9mQQ26Ji","Quite likely",53,5,,false
25,11,0,NONE,"VwGqzax8","Walk in the park",17,6,,false
25,11,0,NONE,"P2NzvguR","Quite likely",68,7,,false
25,12,0,NONE,"gg1FswhS","Walk in the park",15,2,,false
25,12,0,NONE,"Dh2nuBtK","Piece of cake",67,2,,true
25,12,0,NONE,"r4NhLCrv","Hmmm....",6,2,,false
25,12,0,NONE,"zvD6PnTe","Risky",79,2,,false
25,12,0,NONE,"bMfP23AH","Gamble",13,2,,false
25,12,0,NONE,"kd9Ku5YJ","Walk in the park",27,3,,false
25,12,0,NONE,"9mQQ26Ji","Quite likely",53,4,,false
25,12,0,NONE,"VwGqzax8","Walk in the park",17,5,,false
25,12,0,NONE,"P2NzvguR","Quite likely",68,6,,false
25,12,0,NONE,"z9Shkk1H","Piece of cake",25,7,,false
25,13,0,NONE,"gg1FswhS","Walk in the park",15,1,,false
25,13,0,NONE,"r4NhLCrv","Hmmm....",6,1,,false
25,13,0,NONE,"zvD6PnTe","Risky",79,1,,false
25,13,0,NONE,"bMfP23AH","Gamble",13,1,,false
25,13,0,NONE,"kd9Ku5YJ","Walk in the park",27,2,,false
25,13,0,NONE,"9mQQ26Ji","Quite likely",53,3,,false
25,13,0,NONE,"VwGqzax8","Walk in the park",17,4,,false
25,13,0,NONE,"P2NzvguR","Quite likely",68,5,,false
25,13,0,NONE,"z9Shkk1H","Piece of cake",25,6,,false
25,13,0,NONE,"kNl6OzJO","Hmmm....",39,7,,true
25,15,0,NONE,"9mQQ26Ji","Quite likely",53,1,,true
25,15,0,NONE,"VwGqzax8","Walk in the park",17,2,,false
25,15,0,NONE,"P2NzvguR","Quite likely",68,3,,false
25,15,0,NONE,"z9Shkk1H","Piece of cake",25,4,,false
25,15,0,NONE,"6vCkHPNz","Risky",41,6,,false
25,15,0,NONE,"VthXkq3U","Piece of cake",33,6,,false
25,15,0,NONE,"G2Qquuvl","Rather detrimental",24,6,,false
25,15,0,NONE,"ubHOtUuJ","Hmmm....",11,6,,false
25,15,0,NONE,"Sxm8Aaii","Walk in the park",24,6,,false
25,15,0,NONE,"nRbGj7OA","Walk in the park",73,7,,false
25,16,0,NONE,"VwGqzax8","Walk in the park",17,1,,false
25,16,0,NONE,"P2NzvguR","Quite likely",68,2,,false
25,16,0,NONE,"z9Shkk1H","Piece of cake",25,3,,false
25,16,0,NONE,"6vCkHPNz","Risky",41,5,,false
25,16,0,NONE,"VthXkq3U","Piece of cake",33,5,,false
25,16,0,NONE,"G2Qquuvl","Rather detrimental",24,5,,false
25,16,0,NONE,"ubHOtUuJ","Hmmm....",11,5,,false
25,16,0,NONE,"Sxm8Aaii","Walk in the park",24,5,,false
25,16,0,NONE,"nRbGj7OA","Walk in the park",73,6,,true
25,16,0,NONE,"ymSBCLzp","Suicide mission",133,2,1,false
25,17,0,NONE,"P2NzvguR","Quite likely",68,1,,false
25,17,0,NONE,"z9Shkk1H","Piece of cake",25,2,,false
25,17,0,NONE,"6vCkHPNz","Risky",41,4,,false
25,17,0,NONE,"VthXkq3U","Piece of cake",33,4,,true
25,17,0,NONE,"G2Qquuvl","Rather detrimental",24,4,,false
25,17,0,NONE,"ubHOtUuJ","Hmmm....",11,4,,false
25,17,0,NONE,"Sxm8Aaii","Walk in the park",24,4,,false
25,17,0,NONE,"ymSBCLzp","Suicide mission",133,1,1,false
25,17,0,NONE,"0vDyvhk0","Rather detrimental",134,3,1,false
25,17,0,NONE,"nsAc49yu","Rather detrimental",25,7,,false
25,18,0,NONE,"z9Shkk1H","Piece of cake",25,1,,true
25,18,0,NONE,"6vCkHPNz","Risky",41,3,,false
25,18,0,NONE,"G2Qquuvl","Rather detrimental",24,3,,false
25,18,0,NONE,"ubHOtUuJ","Hmmm....",11,3,,false
25,18,0,NONE,"Sxm8Aaii","Walk in the park",24,3,,false
25,18,0,NONE,"0vDyvhk0","Rather detrimental",134,2,1,false
25,18,0,NONE,"nsAc49yu","Rather detrimental",25,6,,false
25,18,0,NONE,"d4pqLG8q","Hmmm....",43,7,,false
25,18,0,NONE,"HAogHiLg","Risky",144,3,1,false
25,18,0,NONE,"4aok2m6C","Suicide mission",171,2,1,false
25,19,0,NONE,"6vCkHPNz","Risky",41,2,,false
25,19,0,NONE,"G2Qquuvl","Rather detrimental",24,2,,false
25,19,0,NONE,"ubHOtUuJ","Hmmm....",11,2,,false
25,19,0,NONE,"Sxm8Aaii","Walk in the park",24,2,,false
25,19,0,NONE,"0vDyvhk0","Rather detrimental",134,1,1,true
25,19,0,NONE,"nsAc49yu","Rather detrimental",25,5,,false
25,19,0,NONE,"d4pqLG8q","Hmmm....",43,6,,false
25,19,0,NONE,"HAogHiLg","Risky",144,2,1,false
25,19,0,NONE,"4aok2m6C","Suicide mission",171,1,1,false
25,19,0,NONE,"imZdd04X","Sure thing",64,7,,false
25,20,0,NONE,"6vCkHPNz","Risky",41,1,,false
25,20,0,NONE,"G2Qquuvl","Rather detrimental",24,1,,true
25,20,0,NONE,"ubHOtUuJ","Hmmm....",11,1,,false
25,20,0,NONE,"Sxm8Aaii","Walk in the park",24,1,,false
25,20,0,NONE,"nsAc49yu","Rather detrimental",25,4,,false
25,20,0,NONE,"d4pqLG8q","Hmmm....",43,5,,false
25,20,0,NONE,"HAogHiLg","Risky",144,1,1,false
25,20,0,NONE,"imZdd04X","Sure thing",64,6,,false
25,20,0,NONE,"u22zyuUQ","Playing with fire",58,7,,false
25,20,0,NONE,"l8Gycnt4","Hmmm....",126,2,1,false
25,21,0,NONE,"nsAc49yu","Rather detrimental",25,3,,false
25,21,0,NONE,"d4pqLG8q","Hmmm....",43,4,,true
25,21,0,NONE,"imZdd04X","Sure thing",64,5,,false
25,21,0,NONE,"u22zyuUQ","Playing with fire",58,6,,false
25,21,0,NONE,"l8Gycnt4","Hmmm....",126,1,1,false
25,21,0,NONE,"t5u8Dv7Z","Walk in the park",100,7,,false
25,21,0,NONE,"8xT4e4ql","Walk in the park",102,7,,false
25,21,0,NONE,"ZqV4lvlf","Hmmm....",125,2,1,false
25,21,0,NONE,"46VjFsDv","Suicide mission",136,2,1,false
25,21,0,NONE,"8O4S5WyD","Suicide mission",156,2,1,false
25,22,0,NONE,"nsAc49yu","Rather detrimental",25,2,,false
25,22,0,NONE,"imZdd04X","Sure thing",64,4,,true
25,22,0,NONE,"u22zyuUQ","Playing with fire",58,5,,false
25,22,0,NONE,"t5u8Dv7Z","Walk in the park",100,6,,false
25,22,0,NONE,"8xT4e4ql","Walk in the park",102,6,,false
25,22,0,NONE,"ZqV4lvlf","Hmmm....",125,1,1,false
25,22,0,NONE,"46VjFsDv","Suicide mission",136,1,1,false
25,22,0,NONE,"8O4S5WyD","Suicide mission",156,1,1,false
25,22,0,NONE,"4dyUJzi9","Rather detrimental",149,2,1,false
25,22,0,NONE,"oDB5fngn","Quite likely",63,7,,false
25,23,0,NONE,"nsAc49yu","Rather detrimental",25,1,,false
25,23,0,NONE,"u22zyuUQ","Playing with fire",58,4,,false
25,23,0,NONE,"t5u8Dv7Z","Walk in the park",100,5,,false
25,23,0,NONE,"8xT4e4ql","Walk in the park",102,5,,false
25,23,0,NONE,"4dyUJzi9","Rather detrimental",149,1,1,false
25,23,0,NONE,"oDB5fngn","Quite likely",63,6,,false
25,23,0,NONE,"mUbtjxjB","Gamble",138,2,1,false
25,23,0,NONE,"25qIrMDy","Risky",55,7,,false
25,23,0,NONE,"jW1PVXQZ","Piece of cake",90,7,,true
25,23,0,NONE,"GfKDHeSB","Quite likely",60,7,,false
25,24,0,NONE,"u22zyuUQ","Playing with fire",58,3,,false
25,24,0,NONE,"t5u8Dv7Z","Walk in the park",100,4,,false
25,24,0,NONE,"8xT4e4ql","Walk in the park",102,4,,true
25,24,0,NONE,"oDB5fngn","Quite likely",63,5,,false
25,24,0,NONE,"mUbtjxjB","Gamble",138,1,1,false
25,24,0,NONE,"25qIrMDy","Risky",55,6,,false
25,24,0,NONE,"GfKDHeSB","Quite likely",60,6,,false
25,24,0,NONE,"CNqjn1sd","Rather detrimental",116,3,1,false
25,24,0,NONE,"SBVN8tAY","Suicide mission",127,2,1,false
25,24,0,NONE,"xtzpTuj3","Suicide mission",157,3,1,false
25,25,0,NONE,"u22zyuUQ","Playing with fire",58,2,,false
25,25,0,NONE,"t5u8Dv7Z","Walk in the park",100,3,,true
25,25,0,NONE,"oDB5fngn","Quite likely",63,4,,false
25,25,0,NONE,"25qIrMDy","Risky",55,5,,false
25,25,0,NONE,"GfKDHeSB","Quite likely",60,5,,false
25,25,0,NONE,"CNqjn1sd","Rather detrimental",116,2,1,false
25,25,0,NONE,"SBVN8tAY","Suicide mission",127,1,1,false
25,25,0,NONE,"xtzpTuj3","Suicide mission",157,2,1,false
25,25,0,NONE,"MRUecvHU","Gamble",120,3,1,false
25,25,0,NONE,"TrGM47Ki","Gamble",136,3,1,false
25,26,0,NONE,"u22zyuUQ","Playing with fire",58,1,,false
25,26,0,NONE,"oDB5fngn","Quite likely",63,3,,false
25,26,0,NONE,"25qIrMDy","Risky",55,4,,false
25,26,0,NONE,"GfKDHeSB","Quite likely",60,4,,true
25,26,0,NONE,"CNqjn1sd","Rather detrimental",116,1,1,false
25,26,0,NONE,"xtzpTuj3","Suicide mission",157,1,1,false
25,26,0,NONE,"MRUecvHU","Gamble",120,2,1,false
25,26,0,NONE,"TrGM47Ki","Gamble",136,2,1,false
25,26,0,NONE,"QQjoaVBv","Hmmm....",99,7,,false
25,26,0,NONE,"V5iSzZJ9","Suicide mission",119,2,2,false
25,27,0,NONE,"oDB5fngn","Quite likely",63,2,,false
25,27,0,NONE,"25qIrMDy","Risky",55,3,,false
25,27,0,NONE,"MRUecvHU","Gamble",120,1,1,false
25,27,0,NONE,"TrGM47Ki","Gamble",136,1,1,false
25,27,0,NONE,"QQjoaVBv","Hmmm....",99,6,,false
25,27,0,NONE,"V5iSzZJ9","Suicide mission",119,1,2,false
25,27,0,NONE,"wODHNzRl","Rather detrimental",110,7,,false
25,27,0,NONE,"ffqgYiLM","Hmmm....",90,7,,false
25,27,0,NONE,"Jk7bgXgl","Suicide mission",173,3,1,true
25,27,0,NONE,"0rfeKjNO","Walk in the park",105,7,,false
25,29,0,NONE,"25qIrMDy","Risky",55,1,,false
25,29,0,NONE,"QQjoaVBv","Hmmm....",99,4,,false
25,29,0,NONE,"wODHNzRl","Rather detrimental",110,5,,false
25,29,0,NONE,"ffqgYiLM","Hmmm....",90,5,,false
25,29,0,NONE,"0rfeKjNO","Walk in the park",105,5,,true
25,29,0,NONE,"JwO4HRkC","Hmmm....",84,6,,false
25,29,0,NONE,"ShduPPo1","Walk in the park",106,6,,false
25,29,0,NONE,"HUBOvfd6","Playing with fire",156,2,1,false
25,29,0,NONE,"voYGSiYk","Risky",172,1,1,false
25,29,0,NONE,"mAiBCAxj","Impossible",108,2,2,false
25,30,0,NONE,"QQjoaVBv","Hmmm....",99,3,,false
25,30,0,NONE,"wODHNzRl","Rather detrimental",110,4,,false
25,30,0,NONE,"ffqgYiLM","Hmmm....",90,4,,false
25,30,0,NONE,"JwO4HRkC","Hmmm....",84,5,,false
25,30,0,NONE,"ShduPPo1","Walk in the park",106,5,,true
25,30,0,NONE,"HUBOvfd6","Playing with fire",156,1,1,false
25,30,0,NONE,"mAiBCAxj","Impossible",108,1,2,false
25,30,0,NONE,"ceVlmr0g","Rather detrimental",147,2,1,false
25,30,0,NONE,"9xSfH1en","Gamble",128,2,1,false
25,30,0,NONE,"lmKx0uhx","Suicide mission",129,3,1,false
25,31,0,NONE,"QQjoaVBv","Hmmm....",99,2,,false
25,31,0,NONE,"wODHNzRl","Rather detrimental",110,3,,true
25,31,0,NONE,"ffqgYiLM","Hmmm....",90,3,,false
25,31,0,NONE,"JwO4HRkC","Hmmm....",84,4,,false
25,31,0,NONE,"ceVlmr0g","Rather detrimental",147,1,1,false
25,31,0,NONE,"9xSfH1en","Gamble",128,1,1,false
25,31,0,NONE,"lmKx0uhx","Suicide mission",129,2,1,false
25,31,0,NONE,"TK7eSrp3","Suicide mission",133,3,1,false
25,31,0,NONE,"pvBpdfqM","Walk in the park",104,7,,false
25,31,0,NONE,"jEH480vB","Quite likely",110,7,,false
25,33,0,NONE,"ffqgYiLM","Hmmm....",90,1,,true
25,33,0,NONE,"JwO4HRkC","Hmmm....",84,2,,false
25,33,0,NONE,"TK7eSrp3","Suicide mission",133,1,1,false
25,33,0,NONE,"pvBpdfqM","Walk in the park",104,5,,false
25,33,0,NONE,"jEH480vB","Quite likely",110,5,,false
25,33,0,NONE,"qAvCNTTW","Suicide mission",116,1,1,false
25,33,0,NONE,"x6VC9K4A","Hmmm....",69,6,,false
25,33,0,NONE,"tFwZbaDN","Suicide mission",139,1,1,false
25,33,0,NONE,"d3JG98No","Gamble",143,2,1,false
25,33,0,NONE,"U6a4SXZ5","Quite likely",86,7,,false
25,34,0,NONE,"JwO4HRkC","Hmmm....",84,1,,true
25,34,0,NONE,"pvBpdfqM","Walk in the park",104,4,,false
25,34,0,NONE,"jEH480vB","Quite likely",110,4,,false
25,34,0,NONE,"x6VC9K4A","Hmmm....",69,5,,false
25,34,0,NONE,"d3JG98No","Gamble",143,1,1,false
25,34,0,NONE,"U6a4SXZ5","Quite likely",86,6,,false
25,34,0,NONE,"UX9zGYk7","Suicide mission",138,2,1,false
25,34,0,NONE,"6TvcYGaS","Suicide mission",134,3,1,false
25,34,0,NONE,"kXAWMmok","Quite likely",73,7,,false
25,34,0,NONE,"Jew6itXD","Walk in the park",84,7,,false
25,36,0,NONE,"pvBpdfqM","Walk in the park",104,2,,false
25,36,0,NONE,"jEH480vB","Quite likely",110,2,,false
25,36,0,NONE,"x6VC9K4A","Hmmm....",69,3,,false
25,36,0,NONE,"U6a4SXZ5","Quite likely",86,4,,false
25,36,0,NONE,"6TvcYGaS","Suicide mission",134,1,1,false
25,36,0,NONE,"kXAWMmok","Quite likely",73,5,,false
25,36,0,NONE,"Jew6itXD","Walk in the park",84,5,,false
25,36,0,NONE,"ztiqPWwL","Piece of cake",104,6,,true
25,36,0,NONE,"bxjKKakh","Rather detrimental",86,6,,false
25,36,0,NONE,"oHXHiqD3","Quite likely",82,7,,false
25,37,0,NONE,"pvBpdfqM","Walk in the park",104,1,,false
25,37,0,NONE,"jEH480vB","Quite likely",110,1,,false
25,37,0,NONE,"x6VC9K4A","Hmmm....",69,2,,false
25,37,0,NONE,"U6a4SXZ5","Quite likely",86,3,,false
25,37,0,NONE,"kXAWMmok","Quite likely",73,4,,false
25,37,0,NONE,"Jew6itXD","Walk in the park",84,4,,false
25,37,0,NONE,"bxjKKakh","Rather detrimental",86,5,,false
25,37,0,NONE,"oHXHiqD3","Quite likely",82,6,,true
25,37,0,NONE,"oxydvxWo","Risky",79,7,,false
25,37,0,NONE,"0AY1AAhX","Piece of cake",62,7,,false
25,38,0,NONE,"x6VC9K4A","Hmmm....",69,1,,false
25,38,0,NONE,"U6a4SXZ5","Quite likely",86,2,,false
25,38,0,NONE,"kXAWMmok","Quite likely",73,3,,false
25,38,0,NONE,"Jew6itXD","Walk in the park",84,3,,false
25,38,0,NONE,"bxjKKakh","Rather detrimental",86,4,,false
25,38,0,NONE,"oxydvxWo","Risky",79,6,,false
25,38,0,NONE,"0AY1AAhX","Piece of cake",62,6,,true
25,38,0,NONE,"CS3SxAzq","Quite likely",102,7,,false
25,38,0,NONE,"WHHUnLLz","Walk in the park",95,7,,false
25,38,0,NONE,"RCpalPb3","Walk in the park",91,7,,false
25,39,0,NONE,"U6a4SXZ5","Quite likely",86,1,,false
25,39,0,NONE,"kXAWMmok","Quite likely",73,2,,false
25,39,0,NONE,"Jew6itXD","Walk in the park",84,2,,false
25,39,0,NONE,"bxjKKakh","Rather detrimental",86,3,,false
25,39,0,NONE,"oxydvxWo","Risky",79,5,,false
25,39,0,NONE,"CS3SxAzq","Quite likely",102,6,,false
25,39,0,NONE,"WHHUnLLz","Walk in the park",95,6,,false
25,39,0,NONE,"RCpalPb3","Walk in the park",91,6,,false
25,39,0,NONE,"fBhkdB0Y","Suicide mission",82,7,,false
25,39,0,NONE,"1NMFWdlj","Quite likely",78,7,,true
25,40,0,NONE,"kXAWMmok","Quite likely",73,1,,false
25,40,0,NONE,"Jew6itXD","Walk in the park",84,1,,false
25,40,0,NONE,"bxjKKakh","Rather detrimental",86,2,,false
25,40,0,NONE,"oxydvxWo","Risky",79,4,,false
25,40,0,NONE,"CS3SxAzq","Quite likely",102,5,,true
25,40,0,NONE,"WHHUnLLz","Walk in the park",95,5,,false
25,40,0,NONE,"RCpalPb3","Walk in the park",91,5,,false
25,40,0,NONE,"fBhkdB0Y","Suicide mission",82,6,,false
25,40,0,NONE,"UQc3X6Ad","Hmmm....",73,7,,false
25,40,0,NONE,"WoNUmt0n","Playing with fire",92,7,,false
25,41,0,NONE,"bxjKKakh","Rather detrimental",86,1,,true
25,41,0,NONE,"oxydvxWo","Risky",79,3,,false
25,41,0,NONE,"WHHUnLLz","Walk in the park",95,4,,false
25,41,0,NONE,"RCpalPb3","Walk in the park",91,4,,false
25,41,0,NONE,"fBhkdB0Y","Suicide mission",82,5,,false
25,41,0,NONE,"UQc3X6Ad","Hmmm....",73,6,,false
25,41,0,NONE,"WoNUmt0n","Playing with fire",92,6,,false
25,41,0,NONE,"89kX4eOp","Rather detrimental",85,7,,false
25,41,0,NONE,"kpIqQ59a","Playing with fire",81,7,,false
25,41,0,NONE,"7fIiUttH","Rather detrimental",85,7,,false
25,43,0,NONE,"oxydvxWo","Risky",79,1,,false
25,43,0,NONE,"WHHUnLLz","Walk in the park",95,2,,false
25,43,0,NONE,"RCpalPb3","Walk in the park",91,2,,true
25,43,0,NONE,"fBhkdB0Y","Suicide mission",82,3,,false
25,43,0,NONE,"UQc3X6Ad","Hmmm....",73,4,,false
25,43,0,NONE,"WoNUmt0n","Playing with fire",92,4,,false
25,43,0,NONE,"89kX4eOp","Rather detrimental",85,5,,false
25,43,0,NONE,"kpIqQ59a","Playing with fire",81,5,,false
25,43,0,NONE,"7fIiUttH","Rather detrimental",85,5,,false
25,43,0,NONE,"owkhit9m","Gamble",97,6,,false
25,44,0,NONE,"WHHUnLLz","Walk in the park",95,1,,true
25,44,0,NONE,"fBhkdB0Y","Suicide mission",82,2,,false
25,44,0,NONE,"UQc3X6Ad","Hmmm....",73,3,,false
25,44,0,NONE,"WoNUmt0n","Playing with fire",92,3,,false
25,44,0,NONE,"89kX4eOp","Rather detrimental",85,4,,false
25,44,0,NONE,"kpIqQ59a","Playing with fire",81,4,,false
25,44,0,NONE,"7fIiUttH","Rather detrimental",85,4,,false
25,44,0,NONE,"owkhit9m","Gamble",97,5,,false
25,44,0,NONE,"U518txGS","Suicide mission",86,7,,false
25,44,0,NONE,"fL4jYDpo","Risky",78,7,,false
25,45,0,NONE,"fBhkdB0Y","Suicide mission",82,1,,true
25,45,0,NONE,"UQc3X6Ad","Hmmm....",73,2,,false
25,45,0,NONE,"WoNUmt0n","Playing with fire",92,2,,false
25,45,0,NONE,"89kX4eOp","Rather detrimental",85,3,,false
25,45,0,NONE,"kpIqQ59a","Playing with fire",81,3,,false
25,45,0,NONE,"7fIiUttH","Rather detrimental",85,3,,false
25,45,0,NONE,"owkhit9m","Gamble",97,4,,false
25,45,0,NONE,"U518txGS","Suicide mission",86,6,,false
25,45,0,NONE,"fL4jYDpo","Risky",78,6,,false
25,45,0,NONE,"dzCw3xPC","Hmmm....",86,7,,false
25,47,0,NONE,"89kX4eOp","Rather detrimental",85,1,,false
25,47,0,NONE,"kpIqQ59a","Playing with fire",81,1,,false
25,47,0,NONE,"7fIiUttH","Rather detrimental",85,1,,false
25,47,0,NONE,"owkhit9m","Gamble",97,2,,false
25,47,0,NONE,"U518txGS","Suicide mission",86,4,,false
25,47,0,NONE,"fL4jYDpo","Risky",78,4,,false
25,47,0,NONE,"dzCw3xPC","Hmmm....",86,5,,true
25,47,0,NONE,"cwN1RBqA","Gamble",78,6,,false
25,47,0,NONE,"yeW4kVGw","Risky",66,7,,false
25,47,0,NONE,"VEzyjVKz","Gamble",60,7,,false
25,49,0,NONE,"U518txGS","Suicide mission",86,2,,false
25,49,0,NONE,"fL4jYDpo","Risky",78,2,,false
25,49,0,NONE,"cwN1RBqA","Gamble",78,4,,false
25,49,0,NONE,"yeW4kVGw","Risky",66,5,,false
25,49,0,NONE,"VEzyjVKz","Gamble",60,5,,false
25,49,0,NONE,"o29C2QH5","Suicide mission",57,6,,false
25,49,0,NONE,"snxKVDyY","Hmmm....",59,6,,true
25,49,0,NONE,"ZeDWgoyk","Risky",83,6,,false
25,49,0,NONE,"WBaMhW4O","Suicide mission",59,6,,false
25,49,0,NONE,"GIQl7fps","Suicide mission",74,7,,false
26,0,0,NONE,"vqZq9Ali","Piece of cake",62,7,,false
26,0,0,NONE,"pLtBVNCw","Gamble",35,7,,false
26,0,0,NONE,"wl9LK4QE","Risky",24,7,,false
26,0,0,NONE,"ehDpr6BC","Piece of cake",53,7,,false
26,0,0,NONE,"UUROGqLI","Piece of cake",55,7,,false
26,0,0,NONE,"NZu5Yw6O","Sure thing",41,7,,false
26,0,0,NONE,"mc3Rfe1l","Sure thing",65,7,,false
26,0,0,NONE,"bpJz8UcE","Risky",35,7,,false
26,0,0,NONE,"C6FtRVfs","Sure thing",64,7,,true
26,0,0,NONE,"5m55em5y","Quite likely",31,7,,false
26,1,0,NONE,"vqZq9Ali","Piece of cake",62,6,,false
26,1,0,NONE,"pLtBVNCw","Gamble",35,6,,false
26,1,0,NONE,"wl9LK4QE","Risky",24,6,,false
26,1,0,NONE,"ehDpr6BC","Piece of cake",53,6,,false
26,1,0,NONE,"UUROGqLI","Piece of cake",55,6,,false
26,1,0,NONE,"NZu5Yw6O","Sure thing",41,6,,true
26,1,0,NONE,"mc3Rfe1l","Sure thing",65,6,,false
26,1,0,NONE,"bpJz8UcE","Risky",35,6,,false
26,1,0,NONE,"5m55em5y","Quite likely",31,6,,false
26,1,0,NONE,"j0RNtFbZ","Gamble",22,7,,false
26,2,0,NONE,"vqZq9Ali","Piece of cake",62,5,,false
26,2,0,NONE,"pLtBVNCw","Gamble",35,5,,false
26,2,0,NONE,"wl9LK4QE","Risky",24,5,,false
26,2,0,NONE,"ehDpr6BC","Piece of cake",53,5,,false
26,2,0,NONE,"UUROGqLI","Piece of cake",55,5,,false
26,2,0,NONE,"mc3Rfe1l","Sure thing",65,5,,true
26,2,0,NONE,"bpJz8UcE","Risky",35,5,,false
26,2,0,NONE,"5m55em5y","Quite likely",31,5,,false
26,2,0,NONE,"j0RNtFbZ","Gamble",22,6,,false
26,2,0,NONE,"Uknuqhns","Risky",28,7,,false
26,3,0,NONE,"vqZq9Ali","Piece of cake",62,4,,false
26,3,0,NONE,"pLtBVNCw","Gamble",35,4,,false
26,3,0,NONE,"wl9LK4QE","Risky",24,4,,false
26,3,0,NONE,"ehDpr6BC","Piece of cake",53,4,,false
26,3,0,NONE,"UUROGqLI","Piece of cake",55,4,,false
26,3,0,NONE,"bpJz8UcE","Risky",35,4,,false
26,3,0,NONE,"5m55em5y","Quite likely",31,4,,false
26,3,0,NONE,"j0RNtFbZ","Gamble",22,5,,false
26,3,0,NONE,"Uknuqhns","Risky",28,6,,false
26,3,0,NONE,"6KEtylSi","Piece of cake",15,7,,true
26,4,0,NONE,"vqZq9Ali","Piece of cake",62,3,,false
26,4,0,NONE,"pLtBVNCw","Gamble",35,3,,false
26,4,0,NONE,"wl9LK4QE","Risky",24,3,,false
26,4,0,NONE,"ehDpr6BC","Piece of cake",53,3,,false
26,4,0,NONE,"UUROGqLI","Piece of cake",55,3,,true
26,4,0,NONE,"bpJz8UcE","Risky",35,3,,false
26,4,0,NONE,"5m55em5y","Quite likely",31,3,,false
26,4,0,NONE,"j0RNtFbZ","Gamble",22,4,,false
26,4,0,NONE,"Uknuqhns","Risky",28,5,,false
26,4,0,NONE,"jRa9zSxT","Quite likely",43,7,,false
26,5,0,NONE,"vqZq9Ali","Piece of cake",62,2,,false
26,5,0,NONE,"pLtBVNCw","Gamble",35,2,,false
26,5,0,NONE,"wl9LK4QE","Risky",24,2,,false
26,5,0,NONE,"ehDpr6BC","Piece of cake",53,2,,true
26,5,0,NONE,"bpJz8UcE","Risky",35,2,,false
26,5,0,NONE,"5m55em5y","Quite likely",31,2,,false
26,5,0,NONE,"j0RNtFbZ","Gamble",22,3,,false
26,5,0,NONE,"Uknuqhns","Risky",28,4,,false
26,5,0,NONE,"jRa9zSxT","Quite likely",43,6,,false
26,5,0,NONE,"DULCJ40Y","Gamble",22,7,,false
26,6,0,NONE,"vqZq9Ali","Piece of cake",62,1,,false
26,6,0,NONE,"pLtBVNCw","Gamble",35,1,,false
26,6,0,NONE,"wl9LK4QE","Risky",24,1,,false
26,6,0,NONE,"bpJz8UcE","Risky",35,1,,false
26,6,0,NONE,"5m55em5y","Quite likely",31,1,,false
26,6,0,NONE,"j0RNtFbZ","Gamble",22,2,,false
26,6,0,NONE,"Uknuqhns","Risky",28,3,,false
26,6,0,NONE,"jRa9zSxT","Quite likely",43,5,,false
26,6,0,NONE,"DULCJ40Y","Gamble",22,6,,true
26,6,0,NONE,"a2AYqet1","Piece of cake",19,7,,false
26,7,0,NONE,"j0RNtFbZ","Gamble",22,1,,true
26,7,0,NONE,"Uknuqhns","Risky",28,2,,false
26,7,0,NONE,"jRa9zSxT","Quite likely",43,4,,false
26,7,0,NONE,"a2AYqet1","Piece of cake",19,6,,false
26,7,0,NONE,"8LVyo3Qp","Suicide mission",22,7,,false
26,7,0,NONE,"zy8SMXXE","Gamble",76,7,,false
26,7,0,NONE,"PXUtjr2b","Quite likely",30,7,,false
26,7,0,NONE,"bzIthSN5","Piece of cake",30,7,,false
26,7,0,NONE,"nvafLNoE","Piece of cake",18,7,,false
26,7,0,NONE,"1BCiGrL8","Quite likely",13,7,,false
26,8,0,NONE,"Uknuqhns","Risky",28,1,,false
26,8,0,NONE,"jRa9zSxT","Quite likely",43,3,,false
26,8,0,NONE,"a2AYqet1","Piece of cake",19,5,,true
26,8,0,NONE,"8LVyo3Qp","Suicide mission",22,6,,false
26,8,0,NONE,"zy8SMXXE","Gamble",76,6,,false
26,8,0,NONE,"PXUtjr2b","Quite likely",30,6,,false
26,8,0,NONE,"bzIthSN5","Piece of cake",30,6,,false
26,8,0,NONE,"nvafLNoE","Piece of cake",18,6,,false
26,8,0,NONE,"1BCiGrL8","Quite likely",13,6,,false
26,8,0,NONE,"wihod3g8","Suicide mission",36,7,,false
26,9,0,NONE,"jRa9zSxT","Quite likely",43,2,,false
26,9,0,NONE,"8LVyo3Qp","Suicide mission",22,5,,false
26,9,0,NONE,"zy8SMXXE","Gamble",76,5,,false
26,9,0,NONE,"PXUtjr2b","Quite likely",30,5,,false
26,9,0,NONE,"bzIthSN5","Piece of cake",30,5,,false
26,9,0,NONE,"nvafLNoE","Piece of cake",18,5,,false
26,9,0,NONE,"1BCiGrL8","Quite likely",13,5,,false
26,9,0,NONE,"wihod3g8","Suicide mission",36,6,,false
26,9,0,NONE,"RuMEZwmJ","Piece of cake",38,7,,false
26,9,0,NONE,"KrmHfL8x","Piece of cake",30,7,,true
26,10,0,NONE,"jRa9zSxT","Quite likely",43,1,,true
26,10,0,NONE,"8LVyo3Qp","Suicide mission",22,4,,false
26,10,0,NONE,"zy8SMXXE","Gamble",76,4,,false
26,10,0,NONE,"PXUtjr2b","Quite likely",30,4,,false
26,10,0,NONE,"bzIthSN5","Piece of cake",30,4,,false
26,10,0,NONE,"nvafLNoE","Piece of cake",18,4,,false
26,10,0,NONE,"1BCiGrL8","Quite likely",13,4,,false
26,10,0,NONE,"wihod3g8","Suicide mission",36,5,,false
26,10,0,NONE,"RuMEZwmJ","Piece of cake",38,6,,false
26,10,0,NONE,"sIIel0wy","Rather detrimental",27,7,,false
26,11,0,NONE,"8LVyo3Qp","Suicide mission",22,3,,false
26,11,0,NONE,"zy8SMXXE","Gamble",76,3,,false
26,11,0,NONE,"PXUtjr2b","Quite likely",30,3,,false
26,11,0,NONE,"bzIthSN5","Piece of cake",30,3,,false
26,11,0,NONE,"nvafLNoE","Piece of cake",18,3,,false
26,11,0,NONE,"1BCiGrL8","Quite likely",13,3,,false
26,11,0,NONE,"wihod3g8","Suicide mission",36,4,,false
26,11,0,NONE,"RuMEZwmJ","Piece of cake",38,5,,true
26,11,0,NONE,"sIIel0wy","Rather detrimental",27,6,,false
26,11,0,NONE,"l2Fu7YJR","Piece of cake",53,7,,false
26,12,0,NONE,"8LVyo3Qp","Suicide mission",22,2,,false
26,12,0,NONE,"zy8SMXXE","Gamble",76,2,,false
26,12,0,NONE,"PXUtjr2b","Quite likely",30,2,,false
26,12,0,NONE,"bzIthSN5","Piece of cake",30,2,,true
26,12,0,NONE,"nvafLNoE","Piece of cake",18,2,,false
26,12,0,NONE,"1BCiGrL8","Quite likely",13,2,,false
26,12,0,NONE,"wihod3g8","Suicide mission",36,3,,false
26,12,0,NONE,"sIIel0wy","Rather detrimental",27,5,,false
26,12,0,NONE,"l2Fu7YJR","Piece of cake",53,6,,false
26,12,0,NONE,"mODFBW8B","Quite likely",64,7,,false
26,13,0,NONE,"8LVyo3Qp","Suicide mission",22,1,,false
26,13,0,NONE,"zy8SMXXE","Gamble",76,1,,false
26,13,0,NONE,"PXUtjr2b","Quite likely",30,1,,false
26,13,0,NONE,"nvafLNoE","Piece of cake",18,1,,false
26,13,0,NONE,"1BCiGrL8","Quite likely",13,1,,false
26,13,0,NONE,"wihod3g8","Suicide mission",36,2,,false
26,13,0,NONE,"sIIel0wy","Rather detrimental",27,4,,false
26,13,0,NONE,"l2Fu7YJR","Piece of cake",53,5,,false
26,13,0,NONE,"mODFBW8B","Quite likely",64,6,,false
26,13,0,NONE,"C3bXHd7c","Piece of cake",152,7,,true
26,15,0,NONE,"sIIel0wy","Rather detrimental",27,2,,false
26,15,0,NONE,"l2Fu7YJR","Piece of cake",53,3,,false
26,15,0,NONE,"mODFBW8B","Quite likely",64,4,,false
26,15,0,NONE,"UDmeMO5C","Walk in the park",21,6,,false
26,15,0,NONE,"ROK6Wp0P","Sure thing",58,6,,true
26,15,0,NONE,"jwCfPmrG","Walk in the park",36,6,,false
26,15,0,NONE,"puQJXeKi","Quite likely",24,6,,false
26,15,0,NONE,"c92xbXjL","Piece of cake",162,6,,false
26,15,0,NONE,"OHrARhzA","Walk in the park",55,6,,false
26,15,0,NONE,"Co9mej0s","Piece of cake",172,7,,false
26,16,0,NONE,"sIIel0wy","Rather detrimental",27,1,,true
26,16,0,NONE,"l2Fu7YJR","Piece of cake",53,2,,false
26,16,0,NONE,"mODFBW8B","Quite likely",64,3,,false
26,16,0,NONE,"UDmeMO5C","Walk in the park",21,5,,false
26,16,0,NONE,"jwCfPmrG","Walk in the park",36,5,,false
26,16,0,NONE,"puQJXeKi","Quite likely",24,5,,false
26,16,0,NONE,"c92xbXjL","Piece of cake",162,5,,false
26,16,0,NONE,"OHrARhzA","Walk in the park",55,5,,false
26,16,0,NONE,"Co9mej0s","Piece of cake",172,6,,false
26,16,0,NONE,"iWYMYbkm","Rather detrimental",64,7,,false
26,18,0,NONE,"mODFBW8B","Quite likely",64,1,,false
26,18,0,NONE,"UDmeMO5C","Walk in the park",21,3,,false
26,18,0,NONE,"jwCfPmrG","Walk in the park",36,3,,false
26,18,0,NONE,"puQJXeKi","Quite likely",24,3,,true
26,18,0,NONE,"c92xbXjL","Piece of cake",162,3,,false
26,18,0,NONE,"OHrARhzA","Walk in the park",55,3,,false
26,18,0,NONE,"Co9mej0s","Piece of cake",172,4,,false
26,18,0,NONE,"iWYMYbkm","Rather detrimental",64,5,,false
26,18,0,NONE,"9cQKbd0E","Sure thing",174,6,,false
26,18,0,NONE,"qmJkMLr3","Piece of cake",28,7,,false
26,19,0,NONE,"UDmeMO5C","Walk in the park",21,2,,false
26,19,0,NONE,"jwCfPmrG","Walk in the park",36,2,,false
26,19,0,NONE,"c92xbXjL","Piece of cake",162,2,,false
26,19,0,NONE,"OHrARhzA","Walk in the park",55,2,,false
26,19,0,NONE,"Co9mej0s","Piece of cake",172,3,,false
26,19,0,NONE,"iWYMYbkm","Rather detrimental",64,4,,false
26,19,0,NONE,"9cQKbd0E","Sure thing",174,5,,true
26,19,0,NONE,"qmJkMLr3","Piece of cake",28,6,,false
26,19,0,NONE,"CBAZsrfY","Piece of cake",150,7,,false
26,19,0,NONE,"mLYyZybK","Sure thing",152,7,,false
26,21,0,NONE,"Co9mej0s","Piece of cake",172,1,,false
26,21,0,NONE,"iWYMYbkm","Rather detrimental",64,2,,false
26,21,0,NONE,"qmJkMLr3","Piece of cake",28,4,,false
26,21,0,NONE,"CBAZsrfY","Piece of cake",150,5,,true
26,21,0,NONE,"mLYyZybK","Sure thing",152,5,,false
26,21,0,NONE,"47Ho8all","Rather detrimental",131,1,1,false
26,21,0,NONE,"vqVTlvC3","Suicide mission",134,2,1,false
26,21,0,NONE,"ASNLLQSi","Suicide mission",144,3,1,false
26,21,0,NONE,"lsE2VAVD","Quite likely",117,7,,false
26,21,0,NONE,"En0RD8TF","Gamble",120,3,1,false
26,23,0,NONE,"qmJkMLr3","Piece of cake",28,2,,false
26,23,0,NONE,"mLYyZybK","Sure thing",152,3,,false
26,23,0,NONE,"ASNLLQSi","Suicide mission",144,1,1,false
26,23,0,NONE,"lsE2VAVD","Quite likely",117,5,,false
26,23,0,NONE,"En0RD8TF","Gamble",120,1,1,false
26,23,0,NONE,"h8P5DGvz","Risky",123,1,1,true
26,23,0,NONE,"qSG9lQVy","Suicide mission",156,2,1,false
26,23,0,NONE,"N6dJU46n","Risky",54,6,,false
26,23,0,NONE,"3uXhqybl","Rather detrimental",66,7,,false
26,23,0,NONE,"HdEbOiIt","Piece of cake",159,7,,false
26,24,0,NONE,"qmJkMLr3","Piece of cake",28,1,,false
26,24,0,NONE,"mLYyZybK","Sure thing",152,2,,false
26,24,0,NONE,"lsE2VAVD","Quite likely",117,4,,false
26,24,0,NONE,"qSG9lQVy","Suicide mission",156,1,1,false
26,24,0,NONE,"N6dJU46n","Risky",54,5,,false
26,24,0,NONE,"3uXhqybl","Rather detrimental",66,6,,false
26,24,0,NONE,"HdEbOiIt","Piece of cake",159,6,,false
26,24,0,NONE,"Dx1SA0ou","Sure thing",177,7,,false
26,24,0,NONE,"Q8EDegpS","Piece of cake",66,7,,true
26,24,0,NONE,"dVzGiljm","Risky",110,7,,false
26,25,0,NONE,"mLYyZybK","Sure thing",152,1,,true
26,25,0,NONE,"lsE2VAVD","Quite likely",117,3,,false
26,25,0,NONE,"N6dJU46n","Risky",54,4,,false
26,25,0,NONE,"3uXhqybl","Rather detrimental",66,5,,false
26,25,0,NONE,"HdEbOiIt","Piece of cake",159,5,,false
26,25,0,NONE,"Dx1SA0ou","Sure thing",177,6,,false
26,25,0,NONE,"dVzGiljm","Risky",110,6,,false
26,25,0,NONE,"hooCF42F","Playing with fire",146,3,1,false
26,25,0,NONE,"IfE8XeKy","Walk in the park",100,7,,false
26,25,0,NONE,"E20WRyMd","Piece of cake",127,7,,false
26,27,0,NONE,"lsE2VAVD","Quite likely",117,1,,false
26,27,0,NONE,"N6dJU46n","Risky",54,2,,false
26,27,0,NONE,"3uXhqybl","Rather detrimental",66,3,,false
26,27,0,NONE,"HdEbOiIt","Piece of cake",159,3,,false
26,27,0,NONE,"Dx1SA0ou","Sure thing",177,4,,true
26,27,0,NONE,"dVzGiljm","Risky",110,4,,false
26,27,0,NONE,"hooCF42F","Playing with fire",146,1,1,false
26,27,0,NONE,"IfE8XeKy","Walk in the park",100,5,,false
26,27,0,NONE,"E20WRyMd","Piece of cake",127,5,,false
26,27,0,NONE,"dTVr2Y5u","Suicide mission",158,2,1,false
26,29,0,NONE,"3uXhqybl","Rather detrimental",66,1,,true
26,29,0,NONE,"HdEbOiIt","Piece of cake",159,1,,false
26,29,0,NONE,"dVzGiljm","Risky",110,2,,false
26,29,0,NONE,"IfE8XeKy","Walk in the park",100,3,,false
26,29,0,NONE,"E20WRyMd","Piece of cake",127,3,,false
26,29,0,NONE,"lVDbMOyg","Playing with fire",117,2,1,false
26,29,0,NONE,"UNDXmnfq","Risky",129,2,1,false
26,29,0,NONE,"QsW0qaJJ","Suicide mission",143,1,1,false
26,29,0,NONE,"Tw2xcEow","Rather detrimental",101,3,1,false
26,29,0,NONE,"FngUmEjC","Suicide mission",143,2,1,false
26,31,0,NONE,"IfE8XeKy","Walk in the park",100,1,,false
26,31,0,NONE,"E20WRyMd","Piece of cake",127,1,,false
26,31,0,NONE,"Tw2xcEow","Rather detrimental",101,1,1,false
26,31,0,NONE,"Qm06IZFr","Hmmm....",104,6,,false
26,31,0,NONE,"OrW6aglr","Rather detrimental",122,1,1,false
26,31,0,NONE,"L2t6nKsL","Suicide mission",122,1,1,false
26,31,0,NONE,"1pFc6Hp3","Quite likely",142,3,1,false
26,31,0,NONE,"wJCt01lU","Piece of cake",114,7,,true
26,31,0,NONE,"hGjsOTlV","Impossible",116,2,1,false
26,31,0,NONE,"a1ifYGHa","Suicide mission",127,2,1,false
26,32,0,NONE,"Qm06IZFr","Hmmm....",104,5,,false
26,32,0,NONE,"1pFc6Hp3","Quite likely",142,2,1,false
26,32,0,NONE,"hGjsOTlV","Impossible",116,1,1,false
26,32,0,NONE,"a1ifYGHa","Suicide mission",127,1,1,true
26,32,0,NONE,"bTvodnVh","Suicide mission",152,2,1,false
26,32,0,NONE,"Oq1hfSPA","Suicide mission",131,3,1,false
26,32,0,NONE,"5h3bhf59","Walk in the park",89,7,,false
26,32,0,NONE,"nR2qlqPS","Sure thing",154,7,,false
26,32,0,NONE,"e3oybobx","Rather detrimental",163,3,1,false
26,32,0,NONE,"WgXc2RH6","Piece of cake",151,7,,false
26,34,0,NONE,"Qm06IZFr","Hmmm....",104,3,,false
26,34,0,NONE,"Oq1hfSPA","Suicide mission",131,1,1,false
26,34,0,NONE,"5h3bhf59","Walk in the park",89,5,,false
26,34,0,NONE,"nR2qlqPS","Sure thing",154,5,,true
26,34,0,NONE,"e3oybobx","Rather detrimental",163,1,1,false
26,34,0,NONE,"WgXc2RH6","Piece of cake",151,5,,false
26,34,0,NONE,"13J2y9Md","Hmmm....",106,6,,false
26,34,0,NONE,"tfXny2pO","Risky",140,2,1,false
26,34,0,NONE,"xHsD2E9Q","Sure thing",137,7,,false
26,34,0,NONE,"q8rqQNPg","Suicide mission",138,2,1,false
26,36,0,NONE,"Qm06IZFr","Hmmm....",104,1,,false
26,36,0,NONE,"5h3bhf59","Walk in the park",89,3,,false
26,36,0,NONE,"WgXc2RH6","Piece of cake",151,3,,false
26,36,0,NONE,"13J2y9Md","Hmmm....",106,4,,true
26,36,0,NONE,"xHsD2E9Q","Sure thing",137,5,,false
26,36,0,NONE,"5Kh4laGr","Piece of cake",88,6,,false
26,36,0,NONE,"jiS4c1Pm","Sure thing",162,6,,false
26,36,0,NONE,"yblREZAn","Quite likely",78,6,,false
26,36,0,NONE,"IbUX8on3","Sure thing",179,7,,false
26,36,0,NONE,"q5UHIcTC","Sure thing",146,7,,false
26,37,0,NONE,"5h3bhf59","Walk in the park",89,2,,false
26,37,0,NONE,"WgXc2RH6","Piece of cake",151,2,,false
26,37,0,NONE,"xHsD2E9Q","Sure thing",137,4,,false
26,37,0,NONE,"5Kh4laGr","Piece of cake",88,5,,false
26,37,0,NONE,"jiS4c1Pm","Sure thing",162,5,,false
26,37,0,NONE,"yblREZAn","Quite likely",78,5,,false
26,37,0,NONE,"IbUX8on3","Sure thing",179,6,,true
26,37,0,NONE,"q5UHIcTC","Sure thing",146,6,,false
26,37,0,NONE,"H4ez4w4l","Hmmm....",94,7,,false
26,37,0,NONE,"BCNq8ZXR","Hmmm....",61,7,,false
26,39,0,NONE,"xHsD2E9Q","Sure thing",137,2,,false
26,39,0,NONE,"5Kh4laGr","Piece of cake",88,3,,false
26,39,0,NONE,"jiS4c1Pm","Sure thing",162,3,,true
26,39,0,NONE,"yblREZAn","Quite likely",78,3,,false
26,39,0,NONE,"q5UHIcTC","Sure thing",146,4,,false
26,39,0,NONE,"H4ez4w4l","Hmmm....",94,5,,false
26,39,0,NONE,"BCNq8ZXR","Hmmm....",61,5,,false
26,39,0,NONE,"QKR2zznm","Piece of cake",100,6,,false
26,39,0,NONE,"p3csiuri","Quite likely",109,7,,false
26,39,0,NONE,"gAFs3UwW","Piece of cake",159,7,,false
26,41,0,NONE,"5Kh4laGr","Piece of cake",88,1,,false
26,41,0,NONE,"yblREZAn","Quite likely",78,1,,false
26,41,0,NONE,"q5UHIcTC","Sure thing",146,2,,false
26,41,0,NONE,"H4ez4w4l","Hmmm....",94,3,,false
26,41,0,NONE,"BCNq8ZXR","Hmmm....",61,3,,false
26,41,0,NONE,"QKR2zznm","Piece of cake",100,4,,false
26,41,0,NONE,"p3csiuri","Quite likely",109,5,,false
26,41,0,NONE,"gAFs3UwW","Piece of cake",159,5,,false
26,41,0,NONE,"eiOE7dY1","Sure thing",153,6,,false
26,41,0,NONE,"iQNayItz","Piece of cake",155,7,,true
26,43,0,NONE,"H4ez4w4l","Hmmm....",94,1,,false
26,43,0,NONE,"BCNq8ZXR","Hmmm....",61,1,,false
26,43,0,NONE,"QKR2zznm","Piece of cake",100,2,,false
26,43,0,NONE,"p3csiuri","Quite likely",109,3,,false
26,43,0,NONE,"gAFs3UwW","Piece of cake",159,3,,false
26,43,0,NONE,"eiOE7dY1","Sure thing",153,4,,true
26,43,0,NONE,"APF6VThY","Risky",85,6,,false
26,43,0,NONE,"yYHFO8QQ","Gamble",100,6,,false
26,43,0,NONE,"4qb1cwMN","Piece of cake",142,6,,false
26,43,0,NONE,"67pAh3xW","Piece of cake",186,7,,false
26,45,0,NONE,"p3csiuri","Quite likely",109,1,,false
26,45,0,NONE,"gAFs3UwW","Piece of cake",159,1,,true
26,45,0,NONE,"APF6VThY","Risky",85,4,,false
26,45,0,NONE,"yYHFO8QQ","Gamble",100,4,,false
26,45,0,NONE,"4qb1cwMN","Piece of cake",142,4,,false
26,45,0,NONE,"67pAh3xW","Piece of cake",186,5,,false
26,45,0,NONE,"paeWCfag","Sure thing",144,6,,false
26,45,0,NONE,"VT6cYdaW","Piece of cake",135,6,,false
26,45,0,NONE,"FtqTgSAh","Rather detrimental",90,6,,false
26,45,0,NONE,"eegEwu4b","Playing with fire",80,7,,false
26,47,0,NONE,"APF6VThY","Risky",85,2,,false
26,47,0,NONE,"yYHFO8QQ","Gamble",100,2,,false
26,47,0,NONE,"4qb1cwMN","Piece of cake",142,2,,false
26,47,0,NONE,"67pAh3xW","Piece of cake",186,3,,false
26,47,0,NONE,"paeWCfag","Sure thing",144,4,,true
26,47,0,NONE,"VT6cYdaW","Piece of cake",135,4,,false
26,47,0,NONE,"FtqTgSAh","Rather detrimental",90,4,,false
26,47,0,NONE,"eegEwu4b","Playing with fire",80,5,,false
26,47,0,NONE,"rmkusSUu","Piece of cake",87,6,,false
26,47,0,NONE,"VnU6jISM","Gamble",85,6,,false
26,49,0,NONE,"67pAh3xW","Piece of cake",186,1,,true
26,49,0,NONE,"VT6cYdaW","Piece of cake",135,2,,false
26,49,0,NONE,"FtqTgSAh","Rather detrimental",90,2,,false
26,49,0,NONE,"eegEwu4b","Playing with fire",80,3,,false
26,49,0,NONE,"rmkusSUu","Piece of cake",87,4,,false
26,49,0,NONE,"VnU6jISM","Gamble",85,4,,false
26,49,0,NONE,"TrxidSZj","Sure thing",171,6,,false
26,49,0,NONE,"BIjOfKkj","Hmmm....",86,7,,false
26,49,0,NONE,"bafLxgx5","Suicide mission",63,7,,false
26,49,0,NONE,"jx1nw1X0","Sure thing",174,7,,false
27,0,0,NONE,"KQr3uMnk","Walk in the park",9,7,,false
27,0,0,NONE,"l3qGLwrn","Gamble",19,7,,false
27,0,0,NONE,"g8uJExrQ","Walk in the park",71,7,,false
27,0,0,NONE,"23QBehmc","Quite likely",40,7,,false
27,0,0,NONE,"LvwpSIPg","Quite likely",61,7,,false
27,0,0,NONE,"qxbfLI72","Sure thing",9,7,,true
27,0,0,NONE,"JUKUTnCi","Hmmm....",31,7,,false
27,0,0,NONE,"i8Oa7th1","Piece of cake",14,7,,false
27,0,0,NONE,"yoRLV1An","Gamble",91,7,,false
27,0,0,NONE,"vWrZLNmh","Piece of cake",10,7,,false
27,1,0,NONE,"KQr3uMnk","Walk in the park",9,6,,false
27,1,0,NONE,"l3qGLwrn","Gamble",19,6,,false
27,1,0,NONE,"g8uJExrQ","Walk in the park",71,6,,false
27,1,0,NONE,"23QBehmc","Quite likely",40,6,,false
27,1,0,NONE,"LvwpSIPg","Quite likely",61,6,,false
27,1,0,NONE,"JUKUTnCi","Hmmm....",31,6,,false
27,1,0,NONE,"i8Oa7th1","Piece of cake",14,6,,true
27,1,0,NONE,"yoRLV1An","Gamble",91,6,,false
27,1,0,NONE,"vWrZLNmh","Piece of cake",10,6,,false
27,1,0,NONE,"w1GFRGZ0","Piece of cake",67,7,,false
27,2,0,NONE,"KQr3uMnk","Walk in the park",9,5,,false
27,2,0,NONE,"l3qGLwrn","Gamble",19,5,,false
27,2,0,NONE,"g8uJExrQ","Walk in the park",71,5,,false
27,2,0,NONE,"23QBehmc","Quite likely",40,5,,false
27,2,0,NONE,"LvwpSIPg","Quite likely",61,5,,false
27,2,0,NONE,"JUKUTnCi","Hmmm....",31,5,,false
27,2,0,NONE,"yoRLV1An","Gamble",91,5,,false
27,2,0,NONE,"vWrZLNmh","Piece of cake",10,5,,true
27,2,0,NONE,"w1GFRGZ0","Piece of cake",67,6,,false
27,2,0,NONE,"AGUVIbyl","Hmmm....",23,7,,false
27,3,0,NONE,"KQr3uMnk","Walk in the park",9,4,,false
27,3,0,NONE,"l3qGLwrn","Gamble",19,4,,false
27,3,0,NONE,"g8uJExrQ","Walk in the park",71,4,,false
27,3,0,NONE,"23QBehmc","Quite likely",40,4,,false
27,3,0,NONE,"LvwpSIPg","Quite likely",61,4,,false
27,3,0,NONE,"JUKUTnCi","Hmmm....",31,4,,false
27,3,0,NONE,"yoRLV1An","Gamble",91,4,,false
27,3,0,NONE,"w1GFRGZ0","Piece of cake",67,5,,false
27,3,0,NONE,"AGUVIbyl","Hmmm....",23,6,,false
27,3,0,NONE,"MsMWAeD9","Piece of cake",47,7,,true
27,4,0,NONE,"KQr3uMnk","Walk in the park",9,3,,false
27,4,0,NONE,"l3qGLwrn","Gamble",19,3,,false
27,4,0,NONE,"g8uJExrQ","Walk in the park",71,3,,false
27,4,0,NONE,"23QBehmc","Quite likely",40,3,,false
27,4,0,NONE,"LvwpSIPg","Quite likely",61,3,,false
27,4,0,NONE,"JUKUTnCi","Hmmm....",31,3,,false
27,4,0,NONE,"yoRLV1An","Gamble",91,3,,false
27,4,0,NONE,"w1GFRGZ0","Piece of cake",67,4,,false
27,4,0,NONE,"AGUVIbyl","Hmmm....",23,5,,false
27,4,0,NONE,"uKqVoU4n","Piece of cake",22,7,,true
27,5,0,NONE,"KQr3uMnk","Walk in the park",9,2,,false
27,5,0,NONE,"l3qGLwrn","Gamble",19,2,,false
27,5,0,NONE,"g8uJExrQ","Walk in the park",71,2,,false
27,5,0,NONE,"23QBehmc","Quite likely",40,2,,false
27,5,0,NONE,"LvwpSIPg","Quite likely",61,2,,false
27,5,0,NONE,"JUKUTnCi","Hmmm....",31,2,,false
27,5,0,NONE,"yoRLV1An","Gamble",91,2,,false
27,5,0,NONE,"w1GFRGZ0","Piece of cake",67,3,,true
27,5,0,NONE,"AGUVIbyl","Hmmm....",23,4,,false
27,5,0,NONE,"Gpy4l9AP","Gamble",33,7,,false
27,6,0,NONE,"KQr3uMnk","Walk in the park",9,1,,false
27,6,0,NONE,"l3qGLwrn","Gamble",19,1,,true
27,6,0,NONE,"g8uJExrQ","Walk in the park",71,1,,false
27,6,0,NONE,"23QBehmc","Quite likely",40,1,,false
27,6,0,NONE,"LvwpSIPg","Quite likely",61,1,,false
27,6,0,NONE,"JUKUTnCi","Hmmm....",31,1,,false
27,6,0,NONE,"yoRLV1An","Gamble",91,1,,false
27,6,0,NONE,"AGUVIbyl","Hmmm....",23,3,,false
27,6,0,NONE,"Gpy4l9AP","Gamble",33,6,,false
27,6,0,NONE,"wJALuNaT","Sure thing",14,7,,false
27,7,0,NONE,"AGUVIbyl","Hmmm....",23,2,,false
27,7,0,NONE,"Gpy4l9AP","Gamble",33,5,,false
27,7,0,NONE,"wJALuNaT","Sure thing",14,6,,true
27,7,0,NONE,"XCCFgC9A","Piece of cake",21,7,,false
27,7,0,NONE,"DJCSW5HU","Piece of cake",27,7,,false
27,7,0,NONE,"Ol3GyN1o","Playing with fire",26,7,,false
27,7,0,NONE,"lFDR6a8i","Walk in the park",9,7,,false
27,7,0,NONE,"hpou3oHd","Walk in the park",42,7,,false
27,7,0,NONE,"Qpyge3yx","Piece of cake",28,7,,false
27,7,0,NONE,"773QVki4","Risky",14,7,,false
27,8,0,NONE,"AGUVIbyl","Hmmm....",23,1,,false
27,8,0,NONE,"Gpy4l9AP","Gamble",33,4,,false
27,8,0,NONE,"XCCFgC9A","Piece of cake",21,6,,false
27,8,0,NONE,"DJCSW5HU","Piece of cake",27,6,,true
27,8,0,NONE,"Ol3GyN1o","Playing with fire",26,6,,false
27,8,0,NONE,"lFDR6a8i","Walk in the park",9,6,,false
27,8,0,NONE,"hpou3oHd","Walk in the park",42,6,,false
27,8,0,NONE,"Qpyge3yx","Piece of cake",28,6,,false
27,8,0,NONE,"773QVki4","Risky",14,6,,false
27,8,0,NONE,"AEZj8JYN","Walk in the park",27,7,,false
27,9,0,NONE,"Gpy4l9AP","Gamble",33,3,,false
27,9,0,NONE,"XCCFgC9A","Piece of cake",21,5,,false
27,9,0,NONE,"Ol3GyN1o","Playing with fire",26,5,,false
27,9,0,NONE,"lFDR6a8i","Walk in the park",9,5,,false
27,9,0,NONE,"hpou3oHd","Walk in the park",42,5,,false
27,9,0,NONE,"Qpyge3yx","Piece of cake",28,5,,false
27,9,0,NONE,"773QVki4","Risky",14,5,,false
27,9,0,NONE,"AEZj8JYN","Walk in the park",27,6,,false
27,9,0,NONE,"GD4cilXP","Piece of cake",84,7,,true
27,9,0,NONE,"EFCXajUT","Walk in the park",35,7,,false
27,10,0,NONE,"Gpy4l9AP","Gamble",33,2,,false
27,10,0,NONE,"XCCFgC9A","Piece of cake",21,4,,false
27,10,0,NONE,"Ol3GyN1o","Playing with fire",26,4,,false
27,10,0,NONE,"lFDR6a8i","Walk in the park",9,4,,false
27,10,0,NONE,"hpou3oHd","Walk in the park",42,4,,false
27,10,0,NONE,"Qpyge3yx","Piece of cake",28,4,,true
27,10,0,NONE,"773QVki4","Risky",14,4,,false
27,10,0,NONE,"AEZj8JYN","Walk in the park",27,5,,false
27,10,0,NONE,"EFCXajUT","Walk in the park",35,6,,false
27,10,0,NONE,"J3eOvMnw","Rather detrimental",34,7,,false
27,11,0,NONE,"Gpy4l9AP","Gamble",33,1,,false
27,11,0,NONE,"XCCFgC9A","Piece of cake",21,3,,true
27,11,0,NONE,"Ol3GyN1o","Playing with fire",26,3,,false
27,11,0,NONE,"lFDR6a8i","Walk in the park",9,3,,false
27,11,0,NONE,"hpou3oHd","Walk in the park",42,3,,false
27,11,0,NONE,"773QVki4","Risky",14,3,,false
27,11,0,NONE,"AEZj8JYN","Walk in the park",27,4,,false
27,11,0,NONE,"EFCXajUT","Walk in the park",35,5,,false
27,11,0,NONE,"J3eOvMnw","Rather detrimental",34,6,,false
27,11,0,NONE,"0RIHKuoH","Hmmm....",18,7,,false
27,12,0,NONE,"Ol3GyN1o","Playing with fire",26,2,,false
27,12,0,NONE,"lFDR6a8i","Walk in the park",9,2,,false
27,12,0,NONE,"hpou3oHd","Walk in the park",42,2,,false
27,12,0,NONE,"773QVki4","Risky",14,2,,false
27,12,0,NONE,"AEZj8JYN","Walk in the park",27,3,,true
27,12,0,NONE,"EFCXajUT","Walk in the park",35,4,,false
27,12,0,NONE,"J3eOvMnw","Rather detrimental",34,5,,false
27,12,0,NONE,"0RIHKuoH","Hmmm....",18,6,,false
27,12,0,NONE,"xsnockmy","Rather detrimental",19,7,,false
27,12,0,NONE,"f6M6I9B6","Risky",36,7,,false
27,13,0,NONE,"Ol3GyN1o","Playing with fire",26,1,,false
27,13,0,NONE,"lFDR6a8i","Walk in the park",9,1,,false
27,13,0,NONE,"hpou3oHd","Walk in the park",42,1,,false
27,13,0,NONE,"773QVki4","Risky",14,1,,false
27,13,0,NONE,"EFCXajUT","Walk in the park",35,3,,false
27,13,0,NONE,"J3eOvMnw","Rather detrimental",34,4,,false
27,13,0,NONE,"0RIHKuoH","Hmmm....",18,5,,false
27,13,0,NONE,"xsnockmy","Rather detrimental",19,6,,false
27,13,0,NONE,"f6M6I9B6","Risky",36,6,,true
27,13,0,NONE,"MgKuYlKH","Piece of cake",64,7,,false
27,14,0,NONE,"EFCXajUT","Walk in the park",35,2,,false
27,14,0,NONE,"J3eOvMnw","Rather detrimental",34,3,,false
27,14,0,NONE,"0RIHKuoH","Hmmm....",18,4,,false
27,14,0,NONE,"xsnockmy","Rather detrimental",19,5,,false
27,14,0,NONE,"MgKuYlKH","Piece of cake",64,6,,false
27,14,0,NONE,"e65HrqN3","Playing with fire",47,7,,false
27,14,0,NONE,"JWcl8flr","Quite likely",23,7,,false
27,14,0,NONE,"784uSqzl","Sure thing",61,7,,true
27,14,0,NONE,"K1Kj1DPk","Walk in the park",34,7,,false
27,14,0,NONE,"v3KQqHiD","Hmmm....",32,7,,false
27,15,0,NONE,"EFCXajUT","Walk in the park",35,1,,false
27,15,0,NONE,"J3eOvMnw","Rather detrimental",34,2,,false
27,15,0,NONE,"0RIHKuoH","Hmmm....",18,3,,false
27,15,0,NONE,"xsnockmy","Rather detrimental",19,4,,false
27,15,0,NONE,"MgKuYlKH","Piece of cake",64,5,,false
27,15,0,NONE,"e65HrqN3","Playing with fire",47,6,,false
27,15,0,NONE,"JWcl8flr","Quite likely",23,6,,false
27,15,0,NONE,"K1Kj1DPk","Walk in the park",34,6,,false
27,15,0,NONE,"v3KQqHiD","Hmmm....",32,6,,false
27,15,0,NONE,"v4Mbdlrk","Walk in the park",37,7,,true
27,16,0,NONE,"J3eOvMnw","Rather detrimental",34,1,,true
27,16,0,NONE,"0RIHKuoH","Hmmm....",18,2,,false
27,16,0,NONE,"xsnockmy","Rather detrimental",19,3,,false
27,16,0,NONE,"MgKuYlKH","Piece of cake",64,4,,false
27,16,0,NONE,"e65HrqN3","Playing with fire",47,5,,false
27,16,0,NONE,"JWcl8flr","Quite likely",23,5,,false
27,16,0,NONE,"K1Kj1DPk","Walk in the park",34,5,,false
27,16,0,NONE,"v3KQqHiD","Hmmm....",32,5,,false
27,16,0,NONE,"nsgxmzrY","Walk in the park",33,7,,false
27,16,0,NONE,"0xwyCEFN","Walk in the park",72,7,,false
27,17,0,NONE,"0RIHKuoH","Hmmm....",18,1,,true
27,17,0,NONE,"xsnockmy","Rather detrimental",19,2,,false
27,17,0,NONE,"MgKuYlKH","Piece of cake",64,3,,false
27,17,0,NONE,"e65HrqN3","Playing with fire",47,4,,false
27,17,0,NONE,"JWcl8flr","Quite likely",23,4,,false
27,17,0,NONE,"K1Kj1DPk","Walk in the park",34,4,,false
27,17,0,NONE,"v3KQqHiD","Hmmm....",32,4,,false
27,17,0,NONE,"nsgxmzrY","Walk in the park",33,6,,false
27,17,0,NONE,"0xwyCEFN","Walk in the park",72,6,,false
27,17,0,NONE,"3j4zFRwX","Walk in the park",57,7,,false
27,19,0,NONE,"MgKuYlKH","Piece of cake",64,1,,true
27,19,0,NONE,"e65HrqN3","Playing with fire",47,2,,false
27,19,0,NONE,"JWcl8flr","Quite likely",23,2,,false
27,19,0,NONE,"K1Kj1DPk","Walk in the park",34,2,,false
27,19,0,NONE,"v3KQqHiD","Hmmm....",32,2,,false
27,19,0,NONE,"nsgxmzrY","Walk in the park",33,4,,false
27,19,0,NONE,"0xwyCEFN","Walk in the park",72,4,,false
27,19,0,NONE,"3j4zFRwX","Walk in the park",57,5,,false
27,19,0,NONE,"k4vDAQbf","Piece of cake",68,6,,false
27,19,0,NONE,"YStceM0W","Walk in the park",26,7,,false
27,20,0,NONE,"e65HrqN3","Playing with fire",47,1,,false
27,20,0,NONE,"JWcl8flr","Quite likely",23,1,,false
27,20,0,NONE,"K1Kj1DPk","Walk in the park",34,1,,false
27,20,0,NONE,"v3KQqHiD","Hmmm....",32,1,,false
27,20,0,NONE,"nsgxmzrY","Walk in the park",33,3,,false
27,20,0,NONE,"0xwyCEFN","Walk in the park",72,3,,false
27,20,0,NONE,"3j4zFRwX","Walk in the park",57,4,,false
27,20,0,NONE,"k4vDAQbf","Piece of cake",68,5,,false
27,20,0,NONE,"YStceM0W","Walk in the park",26,6,,true
27,20,0,NONE,"bCxEnPBg","Risky",46,7,,false
27,21,0,NONE,"nsgxmzrY","Walk in the park",33,2,,false
27,21,0,NONE,"0xwyCEFN","Walk in the park",72,2,,false
27,21,0,NONE,"3j4zFRwX","Walk in the park",57,3,,false
27,21,0,NONE,"k4vDAQbf","Piece of cake",68,4,,true
27,21,0,NONE,"bCxEnPBg","Risky",46,6,,false
27,21,0,NONE,"LHIkA0Xk","Risky",57,7,,false
27,21,0,NONE,"B1zlOVFJ","Suicide mission",145,3,1,false
27,21,0,NONE,"CcIgkEhi","Suicide mission",140,3,1,false
27,21,0,NONE,"BXjxBala","Rather detrimental",138,3,1,false
27,21,0,NONE,"vpqu1dR2","Suicide mission",132,3,1,false
27,22,0,NONE,"nsgxmzrY","Walk in the park",33,1,,false
27,22,0,NONE,"0xwyCEFN","Walk in the park",72,1,,true
27,22,0,NONE,"3j4zFRwX","Walk in the park",57,2,,false
27,22,0,NONE,"bCxEnPBg","Risky",46,5,,false
27,22,0,NONE,"LHIkA0Xk","Risky",57,6,,false
27,22,0,NONE,"B1zlOVFJ","Suicide mission",145,2,1,false
27,22,0,NONE,"CcIgkEhi","Suicide mission",140,2,1,false
27,22,0,NONE,"BXjxBala","Rather detrimental",138,2,1,false
27,22,0,NONE,"vpqu1dR2","Suicide mission",132,2,1,false
27,22,0,NONE,"1iDsYfAh","Walk in the park",91,7,,false
27,23,0,NONE,"3j4zFRwX","Walk in the park",57,1,,false
27,23,0,NONE,"bCxEnPBg","Risky",46,4,,false
27,23,0,NONE,"LHIkA0Xk","Risky",57,5,,false
27,23,0,NONE,"B1zlOVFJ","Suicide mission",145,1,1,false
27,23,0,NONE,"CcIgkEhi","Suicide mission",140,1,1,false
27,23,0,NONE,"BXjxBala","Rather detrimental",138,1,1,false
27,23,0,NONE,"vpqu1dR2","Suicide mission",132,1,1,false
27,23,0,NONE,"1iDsYfAh","Walk in the park",91,6,,false
27,23,0,NONE,"DQBW2nqJ","Suicide mission",146,3,1,true
27,23,0,NONE,"DtsEVPlW","Hmmm....",146,3,1,false
27,25,0,NONE,"bCxEnPBg","Risky",46,2,,false
27,25,0,NONE,"LHIkA0Xk","Risky",57,3,,false
27,25,0,NONE,"1iDsYfAh","Walk in the park",91,4,,true
27,25,0,NONE,"DtsEVPlW","Hmmm....",146,1,1,false
27,25,0,NONE,"lJMFnQP2","Quite likely",55,6,,false
27,25,0,NONE,"WzMy4bA8","Suicide mission",163,2,1,false
27,25,0,NONE,"PkrUZ0R4","Playing with fire",146,1,1,false
27,25,0,NONE,"O3KHWTpD","Gamble",126,2,1,false
27,25,0,NONE,"bC6MlK4F","Quite likely",58,6,,false
27,25,0,NONE,"lWArQ9IF","Playing with fire",138,2,1,false
27,26,0,NONE,"bCxEnPBg","Risky",46,1,,false
27,26,0,NONE,"LHIkA0Xk","Risky",57,2,,false
27,26,0,NONE,"lJMFnQP2","Quite likely",55,5,,false
27,26,0,NONE,"WzMy4bA8","Suicide mission",163,1,1,false
27,26,0,NONE,"O3KHWTpD","Gamble",126,1,1,false
27,26,0,NONE,"bC6MlK4F","Quite likely",58,5,,true
27,26,0,NONE,"lWArQ9IF","Playing with fire",138,1,1,false
27,26,0,NONE,"P89mSzE6","Risky",118,2,1,false
27,26,0,NONE,"YvDjWpHY","Impossible",122,2,2,false
27,26,0,NONE,"ycIrdtR2","Risky",145,2,1,false
27,27,0,NONE,"LHIkA0Xk","Risky",57,1,,false
27,27,0,NONE,"lJMFnQP2","Quite likely",55,4,,false
27,27,0,NONE,"P89mSzE6","Risky",118,1,1,false
27,27,0,NONE,"YvDjWpHY","Impossible",122,1,2,false
27,27,0,NONE,"ycIrdtR2","Risky",145,1,1,false
27,27,0,NONE,"CIlHpbxG","Gamble",162,3,1,false
27,27,0,NONE,"H5WiXW8j","Suicide mission",160,2,1,false
27,27,0,NONE,"phkEWMgh","Impossible",121,2,2,false
27,27,0,NONE,"VezgfQPk","Impossible",98,2,2,false
27,27,0,NONE,"On1oFOlo","Piece of cake",134,3,1,true
27,28,0,NONE,"lJMFnQP2","Quite likely",55,3,,false
27,28,0,NONE,"CIlHpbxG","Gamble",162,2,1,false
27,28,0,NONE,"H5WiXW8j","Suicide mission",160,1,1,false
27,28,0,NONE,"phkEWMgh","Impossible",121,1,2,false
27,28,0,NONE,"VezgfQPk","Impossible",98,1,2,false
27,28,0,NONE,"K1NaPpHB","Quite likely",119,7,,true
27,28,0,NONE,"mCAJ939u","Risky",165,3,1,false
27,28,0,NONE,"SGZBdGUI","Impossible",113,2,2,false
27,28,0,NONE,"LdJbHK3q","Playing with fire",138,2,1,false
27,28,0,NONE,"E91Aq8Z8","Risky",131,2,1,false
27,29,0,NONE,"lJMFnQP2","Quite likely",55,2,,false
27,29,0,NONE,"CIlHpbxG","Gamble",162,1,1,false
27,29,0,NONE,"mCAJ939u","Risky",165,2,1,false
27,29,0,NONE,"SGZBdGUI","Impossible",113,1,2,false
27,29,0,NONE,"LdJbHK3q","Playing with fire",138,1,1,false
27,29,0,NONE,"E91Aq8Z8","Risky",131,1,1,false
27,29,0,NONE,"L5Pupxxi","Playing with fire",143,3,1,true
27,29,0,NONE,"Oq2s08pZ","Rather detrimental",155,2,1,false
27,29,0,NONE,"6DfGocjC","Suicide mission",108,2,2,false
27,29,0,NONE,"SNltcijs","Playing with fire",167,2,1,false
27,31,0,NONE,"ZLZvKus2","Rather detrimental",125,1,1,false
27,31,0,NONE,"8qemDdaV","Piece of cake",143,2,1,false
27,31,0,NONE,"ZUZyv5sx","Suicide mission",147,1,1,false
27,31,0,NONE,"8AvPpJ8n","Piece of cake",104,6,,true
27,31,0,NONE,"THwuMmTF","Suicide mission",126,2,1,false
27,31,0,NONE,"x7Elf9ID","Suicide mission",145,2,1,false
27,31,0,NONE,"cw02cMi8","Risky",122,3,1,false
27,31,0,NONE,"POfHZHhf","Playing with fire",156,3,1,false
27,31,0,NONE,"9ryteQHX","Risky",137,2,1,false
27,31,0,NONE,"3NshtbYh","Suicide mission",106,2,1,false
27,32,0,NONE,"8qemDdaV","Piece of cake",143,1,1,false
27,32,0,NONE,"THwuMmTF","Suicide mission",126,1,1,false
27,32,0,NONE,"x7Elf9ID","Suicide mission",145,1,1,false
27,32,0,NONE,"cw02cMi8","Risky",122,2,1,false
27,32,0,NONE,"POfHZHhf","Playing with fire",156,2,1,false
27,32,0,NONE,"9ryteQHX","Risky",137,1,1,true
27,32,0,NONE,"3NshtbYh","Suicide mission",106,1,1,false
27,32,0,NONE,"o4mcIbdp","Risky",144,2,1,false
27,32,0,NONE,"Iq2L87xY","Rather detrimental",174,3,1,false
27,32,0,NONE,"1RYrhi1Y","Risky",145,3,1,false
27,33,0,NONE,"cw02cMi8","Risky",122,1,1,false
27,33,0,NONE,"POfHZHhf","Playing with fire",156,1,1,false
27,33,0,NONE,"o4mcIbdp","Risky",144,1,1,false
27,33,0,NONE,"Iq2L87xY","Rather detrimental",174,2,1,false
27,33,0,NONE,"1RYrhi1Y","Risky",145,2,1,false
27,33,0,NONE,"1u55hcpP","Hmmm....",104,7,,false
27,33,0,NONE,"8OsUDJwF","Hmmm....",87,7,,false
27,33,0,NONE,"UIDI4pAU","Rather detrimental",125,3,1,false
27,33,0,NONE,"dOcgFoUj","Piece of cake",90,7,,true
27,33,0,NONE,"mrnWaCj8","Suicide mission",137,3,1,false
27,34,0,NONE,"Iq2L87xY","Rather detrimental",174,1,1,false
27,34,0,NONE,"1RYrhi1Y","Risky",145,1,1,false
27,34,0,NONE,"1u55hcpP","Hmmm....",104,6,,false
27,34,0,NONE,"8OsUDJwF","Hmmm....",87,6,,false
27,34,0,NONE,"UIDI4pAU","Rather detrimental",125,2,1,false
27,34,0,NONE,"mrnWaCj8","Suicide mission",137,2,1,false
27,34,0,NONE,"BMx8fEsa","Gamble",92,7,,false
27,34,0,NONE,"xccvVP9m","Piece of cake",74,7,,false
27,34,0,NONE,"6WTYkLUB","Suicide mission",134,2,1,false
27,34,0,NONE,"nPUPx6H8","Piece of cake",91,7,,true
27,35,0,NONE,"1u55hcpP","Hmmm....",104,5,,false
27,35,0,NONE,"8OsUDJwF","Hmmm....",87,5,,false
27,35,0,NONE,"UIDI4pAU","Rather detrimental",125,1,1,false
27,35,0,NONE,"mrnWaCj8","Suicide mission",137,1,1,false
27,35,0,NONE,"BMx8fEsa","Gamble",92,6,,false
27,35,0,NONE,"xccvVP9m","Piece of cake",74,6,,false
27,35,0,NONE,"6WTYkLUB","Suicide mission",134,1,1,false
27,35,0,NONE,"6lIfPA1l","Playing with fire",88,7,,false
27,35,0,NONE,"TV6npihG","Gamble",106,7,,false
27,35,0,NONE,"miwSsiUY","Piece of cake",87,7,,true
27,36,0,NONE,"1u55hcpP","Hmmm....",104,4,,false
27,36,0,NONE,"8OsUDJwF","Hmmm....",87,4,,false
27,36,0,NONE,"BMx8fEsa","Gamble",92,5,,false
27,36,0,NONE,"xccvVP9m","Piece of cake",74,5,,false
27,36,0,NONE,"6lIfPA1l","Playing with fire",88,6,,false
27,36,0,NONE,"TV6npihG","Gamble",106,6,,false
27,36,0,NONE,"2TZ08EIg","Piece of cake",89,7,,true
27,36,0,NONE,"NZAIsOtx","Gamble",77,7,,false
27,36,0,NONE,"5Cuaxqbf","Suicide mission",100,7,,false
27,36,0,NONE,"vgOGsY7j","Suicide mission",97,7,,false
27,37,0,NONE,"1u55hcpP","Hmmm....",104,3,,false
27,37,0,NONE,"8OsUDJwF","Hmmm....",87,3,,false
27,37,0,NONE,"BMx8fEsa","Gamble",92,4,,false
27,37,0,NONE,"xccvVP9m","Piece of cake",74,4,,true
27,37,0,NONE,"6lIfPA1l","Playing with fire",88,5,,false
27,37,0,NONE,"TV6npihG","Gamble",106,5,,false
27,37,0,NONE,"NZAIsOtx","Gamble",77,6,,false
27,37,0,NONE,"5Cuaxqbf","Suicide mission",100,6,,false
27,37,0,NONE,"vgOGsY7j","Suicide mission",97,6,,false
27,37,0,NONE,"PseUwoLv","Rather detrimental",75,7,,false
27,38,0,NONE,"1u55hcpP","Hmmm....",104,2,,false
27,38,0,NONE,"8OsUDJwF","Hmmm....",87,2,,false
27,38,0,NONE,"BMx8fEsa","Gamble",92,3,,false
27,38,0,NONE,"6lIfPA1l","Playing with fire",88,4,,false
27,38,0,NONE,"TV6npihG","Gamble",106,4,,false
27,38,0,NONE,"NZAIsOtx","Gamble",77,5,,false
27,38,0,NONE,"5Cuaxqbf","Suicide mission",100,5,,false
27,38,0,NONE,"vgOGsY7j","Suicide mission",97,5,,false
27,38,0,NONE,"PseUwoLv","Rather detrimental",75,6,,false
27,38,0,NONE,"2iVYSXue","Piece of cake",108,7,,true
27,39,0,NONE,"1u55hcpP","Hmmm....",104,1,,false
27,39,0,NONE,"8OsUDJwF","Hmmm....",87,1,,false
27,39,0,NONE,"BMx8fEsa","Gamble",92,2,,false
27,39,0,NONE,"6lIfPA1l","Playing with fire",88,3,,false
27,39,0,NONE,"TV6npihG","Gamble",106,3,,false
27,39,0,NONE,"NZAIsOtx","Gamble",77,4,,false
27,39,0,NONE,"5Cuaxqbf","Suicide mission",100,4,,false
27,39,0,NONE,"vgOGsY7j","Suicide mission",97,4,,false
27,39,0,NONE,"PseUwoLv","Rather detrimental",75,5,,false
27,39,0,NONE,"kLcgk9sT","Walk in the park",90,7,,true
27,40,0,NONE,"BMx8fEsa","Gamble",92,1,,false
27,40,0,NONE,"6lIfPA1l","Playing with fire",88,2,,false
27,40,0,NONE,"TV6npihG","Gamble",106,2,,false
27,40,0,NONE,"NZAIsOtx","Gamble",77,3,,true
27,40,0,NONE,"5Cuaxqbf","Suicide mission",100,3,,false
27,40,0,NONE,"vgOGsY7j","Suicide mission",97,3,,false
27,40,0,NONE,"PseUwoLv","Rather detrimental",75,4,,false
27,40,0,NONE,"yOZRATao","Rather detrimental",65,7,,false
27,40,0,NONE,"QolGOMKe","Walk in the park",70,7,,false
27,40,0,NONE,"cj8akUj7","Hmmm....",94,7,,false
27,41,0,NONE,"6lIfPA1l","Playing with fire",88,1,,false
27,41,0,NONE,"TV6npihG","Gamble",106,1,,false
27,41,0,NONE,"5Cuaxqbf","Suicide mission",100,2,,false
27,41,0,NONE,"vgOGsY7j","Suicide mission",97,2,,false
27,41,0,NONE,"PseUwoLv","Rather detrimental",75,3,,false
27,41,0,NONE,"yOZRATao","Rather detrimental",65,6,,false
27,41,0,NONE,"QolGOMKe","Walk in the park",70,6,,true
27,41,0,NONE,"cj8akUj7","Hmmm....",94,6,,false
27,41,0,NONE,"3GJ6zm3t","Hmmm....",67,7,,false
27,41,0,NONE,"mHplDlME","Quite likely",73,7,,false
27,42,0,NONE,"5Cuaxqbf","Suicide mission",100,1,,false
27,42,0,NONE,"vgOGsY7j","Suicide mission",97,1,,false
27,42,0,NONE,"PseUwoLv","Rather detrimental",75,2,,false
27,42,0,NONE,"yOZRATao","Rather detrimental",65,5,,false
27,42,0,NONE,"cj8akUj7","Hmmm....",94,5,,false
27,42,0,NONE,"3GJ6zm3t","Hmmm....",67,6,,false
27,42,0,NONE,"mHplDlME","Quite likely",73,6,,false
27,42,0,NONE,"7SawAIf8","Gamble",73,7,,false
27,42,0,NONE,"Hd5ZfLix","Rather detrimental",78,7,,false
27,42,0,NONE,"dYbmZXS4","Walk in the park",74,7,,true
27,43,0,NONE,"PseUwoLv","Rather detrimental",75,1,,true
27,43,0,NONE,"yOZRATao","Rather detrimental",65,4,,false
27,43,0,NONE,"cj8akUj7","Hmmm....",94,4,,false
27,43,0,NONE,"3GJ6zm3t","Hmmm....",67,5,,false
27,43,0,NONE,"mHplDlME","Quite likely",73,5,,false
27,43,0,NONE,"7SawAIf8","Gamble",73,6,,false
27,43,0,NONE,"Hd5ZfLix","Rather detrimental",78,6,,false
27,43,0,NONE,"H0u2BYJy","Suicide mission",81,7,,false
27,43,0,NONE,"E4CZf32o","Hmmm....",88,7,,false
27,43,0,NONE,"l35JUy29","Gamble",68,7,,false
27,45,0,NONE,"yOZRATao","Rather detrimental",65,2,,false
27,45,0,NONE,"cj8akUj7","Hmmm....",94,2,,false
27,45,0,NONE,"3GJ6zm3t","Hmmm....",67,3,,false
27,45,0,NONE,"mHplDlME","Quite likely",73,3,,true
27,45,0,NONE,"7SawAIf8","Gamble",73,4,,false
27,45,0,NONE,"Hd5ZfLix","Rather detrimental",78,4,,false
27,45,0,NONE,"H0u2BYJy","Suicide mission",81,5,,false
27,45,0,NONE,"E4CZf32o","Hmmm....",88,5,,false
27,45,0,NONE,"l35JUy29","Gamble",68,5,,false
27,45,0,NONE,"YWY7bzLL","Rather detrimental",85,6,,false
27,46,0,NONE,"yOZRATao","Rather detrimental",65,1,,false
27,46,0,NONE,"cj8akUj7","Hmmm....",94,1,,false
27,46,0,NONE,"3GJ6zm3t","Hmmm....",67,2,,false
27,46,0,NONE,"7SawAIf8","Gamble",73,3,,false
27,46,0,NONE,"Hd5ZfLix","Rather detrimental",78,3,,false
27,46,0,NONE,"H0u2BYJy","Suicide mission",81,4,,false
27,46,0,NONE,"E4CZf32o","Hmmm....",88,4,,false
27,46,0,NONE,"l35JUy29","Gamble",68,4,,false
27,46,0,NONE,"YWY7bzLL","Rather detrimental",85,5,,true
27,46,0,NONE,"0R0EOu2c","Quite likely",75,7,,false
27,47,0,NONE,"3GJ6zm3t","Hmmm....",67,1,,false
27,47,0,NONE,"7SawAIf8","Gamble",73,2,,false
27,47,0,NONE,"Hd5ZfLix","Rather detrimental",78,2,,false
27,47,0,NONE,"H0u2BYJy","Suicide mission",81,3,,false
27,47,0,NONE,"E4CZf32o","Hmmm....",88,3,,true
27,47,0,NONE,"l35JUy29","Gamble",68,3,,false
27,47,0,NONE,"0R0EOu2c","Quite likely",75,6,,false
27,47,0,NONE,"FHHsfUgd","Rather detrimental",93,7,,false
27,47,0,NONE,"8y17lE6d","Suicide mission",78,7,,false
27,47,0,NONE,"BFYdY0Ym","Risky",85,7,,false
27,48,0,NONE,"7SawAIf8","Gamble",73,1,,false
27,48,0,NONE,"Hd5ZfLix","Rather detrimental",78,1,,false
27,48,0,NONE,"H0u2BYJy","Suicide mission",81,2,,false
27,48,0,NONE,"l35JUy29","Gamble",68,2,,false
27,48,0,NONE,"0R0EOu2c","Quite likely",75,5,,false
27,48,0,NONE,"FHHsfUgd","Rather detrimental",93,6,,true
27,48,0,NONE,"8y17lE6d","Suicide mission",78,6,,false
27,48,0,NONE,"BFYdY0Ym","Risky",85,6,,false
27,48,0,NONE,"IZdvDUT3","Suicide mission",79,7,,false
27,48,0,NONE,"RdK0d4h5","Suicide mission",90,7,,false
28,0,0,NONE,"pptPwehH","Gamble",39,7,,false
28,0,0,NONE,"y397BwKJ","Piece of cake",31,7,,false
28,0,0,NONE,"yfeGj4Io","Quite likely",9,7,,false
28,0,0,NONE,"fHgcqPJG","Gamble",26,7,,false
28,0,0,NONE,"BXwLrvaq","Playing with fire",33,7,,false
28,0,0,NONE,"EsGwlm0K","Piece of cake",30,7,,false
28,0,0,NONE,"7cllaSf4","Piece of cake",21,7,,false
28,0,0,NONE,"rS4sJDDN","Quite likely",13,7,,false
28,0,0,NONE,"XnZXVCmx","Sure thing",48,7,,true
28,0,0,NONE,"SZJwKXYl","Playing with fire",42,7,,false
28,1,0,NONE,"pptPwehH","Gamble",39,6,,false
28,1,0,NONE,"y397BwKJ","Piece of cake",31,6,,false
28,1,0,NONE,"yfeGj4Io","Quite likely",9,6,,false
28,1,0,NONE,"fHgcqPJG","Gamble",26,6,,false
28,1,0,NONE,"BXwLrvaq","Playing with fire",33,6,,false
28,1,0,NONE,"EsGwlm0K","Piece of cake",30,6,,false
28,1,0,NONE,"7cllaSf4","Piece of cake",21,6,,true
28,1,0,NONE,"rS4sJDDN","Quite likely",13,6,,false
28,1,0,NONE,"SZJwKXYl","Playing with fire",42,6,,false
28,1,0,NONE,"QrBHYAEM","Quite likely",20,7,,false
28,2,0,NONE,"pptPwehH","Gamble",39,5,,false
28,2,0,NONE,"y397BwKJ","Piece of cake",31,5,,false
28,2,0,NONE,"yfeGj4Io","Quite likely",9,5,,false
28,2,0,NONE,"fHgcqPJG","Gamble",26,5,,false
28,2,0,NONE,"BXwLrvaq","Playing with fire",33,5,,false
28,2,0,NONE,"EsGwlm0K","Piece of cake",30,5,,true
28,2,0,NONE,"rS4sJDDN","Quite likely",13,5,,false
28,2,0,NONE,"SZJwKXYl","Playing with fire",42,5,,false
28,2,0,NONE,"QrBHYAEM","Quite likely",20,6,,false
28,2,0,NONE,"mhcGS0Lt","Gamble",25,7,,false
28,3,0,NONE,"pptPwehH","Gamble",39,4,,false
28,3,0,NONE,"y397BwKJ","Piece of cake",31,4,,false
28,3,0,NONE,"yfeGj4Io","Quite likely",9,4,,false
28,3,0,NONE,"fHgcqPJG","Gamble",26,4,,false
28,3,0,NONE,"BXwLrvaq","Playing with fire",33,4,,false
28,3,0,NONE,"rS4sJDDN","Quite likely",13,4,,false
28,3,0,NONE,"SZJwKXYl","Playing with fire",42,4,,false
28,3,0,NONE,"QrBHYAEM","Quite likely",20,5,,false
28,3,0,NONE,"mhcGS0Lt","Gamble",25,6,,false
28,3,0,NONE,"CocXDRyp","Piece of cake",60,7,,true
28,4,0,NONE,"pptPwehH","Gamble",39,3,,false
28,4,0,NONE,"y397BwKJ","Piece of cake",31,3,,true
28,4,0,NONE,"yfeGj4Io","Quite likely",9,3,,false
28,4,0,NONE,"fHgcqPJG","Gamble",26,3,,false
28,4,0,NONE,"BXwLrvaq","Playing with fire",33,3,,false
28,4,0,NONE,"rS4sJDDN","Quite likely",13,3,,false
28,4,0,NONE,"SZJwKXYl","Playing with fire",42,3,,false
28,4,0,NONE,"QrBHYAEM","Quite likely",20,4,,false
28,4,0,NONE,"mhcGS0Lt","Gamble",25,5,,false
28,4,0,NONE,"xnsM3jPZ","Risky",30,7,,false
28,5,0,NONE,"pptPwehH","Gamble",39,2,,false
28,5,0,NONE,"yfeGj4Io","Quite likely",9,2,,false
28,5,0,NONE,"fHgcqPJG","Gamble",26,2,,false
28,5,0,NONE,"BXwLrvaq","Playing with fire",33,2,,false
28,5,0,NONE,"rS4sJDDN","Quite likely",13,2,,false
28,5,0,NONE,"SZJwKXYl","Playing with fire",42,2,,false
28,5,0,NONE,"QrBHYAEM","Quite likely",20,3,,false
28,5,0,NONE,"mhcGS0Lt","Gamble",25,4,,false
28,5,0,NONE,"xnsM3jPZ","Risky",30,6,,false
28,5,0,NONE,"NM3CD5ZZ","Piece of cake",64,7,,true
28,6,0,NONE,"pptPwehH","Gamble",39,1,,false
28,6,0,NONE,"yfeGj4Io","Quite likely",9,1,,false
28,6,0,NONE,"fHgcqPJG","Gamble",26,1,,false
28,6,0,NONE,"BXwLrvaq","Playing with fire",33,1,,false
28,6,0,NONE,"rS4sJDDN","Quite likely",13,1,,false
28,6,0,NONE,"SZJwKXYl","Playing with fire",42,1,,false
28,6,0,NONE,"QrBHYAEM","Quite likely",20,2,,false
28,6,0,NONE,"mhcGS0Lt","Gamble",25,3,,true
28,6,0,NONE,"xnsM3jPZ","Risky",30,5,,false
28,6,0,NONE,"LTyuRNY8","Piece of cake",52,7,,false
28,7,0,NONE,"QrBHYAEM","Quite likely",20,1,,false
28,7,0,NONE,"xnsM3jPZ","Risky",30,4,,false
28,7,0,NONE,"LTyuRNY8","Piece of cake",52,6,,false
28,7,0,NONE,"CQmdZbQQ","Quite likely",31,7,,true
28,7,0,NONE,"zTqSMPQ2","Piece of cake",9,7,,false
28,7,0,NONE,"X6IBsAml","Piece of cake",3,7,,false
28,7,0,NONE,"tGb7NZvp","Walk in the park",14,7,,false
28,7,0,NONE,"WwsKG4Ap","Walk in the park",53,7,,false
28,7,0,NONE,"jyudYPoH","Piece of cake",25,7,,false
28,7,0,NONE,"snsUwCZD","Walk in the park",30,7,,false
28,8,0,NONE,"xnsM3jPZ","Risky",30,3,,false
28,8,0,NONE,"LTyuRNY8","Piece of cake",52,5,,true
28,8,0,NONE,"zTqSMPQ2","Piece of cake",9,6,,false
28,8,0,NONE,"X6IBsAml","Piece of cake",3,6,,false
28,8,0,NONE,"tGb7NZvp","Walk in the park",14,6,,false
28,8,0,NONE,"WwsKG4Ap","Walk in the park",53,6,,false
28,8,0,NONE,"jyudYPoH","Piece of cake",25,6,,false
28,8,0,NONE,"snsUwCZD","Walk in the park",30,6,,false
28,8,0,NONE,"m55h3h1f","Playing with fire",28,7,,false
28,8,0,NONE,"pvgO6e8y","Piece of cake",32,7,,false
28,9,0,NONE,"xnsM3jPZ","Risky",30,2,,false
28,9,0,NONE,"zTqSMPQ2","Piece of cake",9,5,,false
28,9,0,NONE,"X6IBsAml","Piece of cake",3,5,,true
28,9,0,NONE,"tGb7NZvp","Walk in the park",14,5,,false
28,9,0,NONE,"WwsKG4Ap","Walk in the park",53,5,,false
28,9,0,NONE,"jyudYPoH","Piece of cake",25,5,,false
28,9,0,NONE,"snsUwCZD","Walk in the park",30,5,,false
28,9,0,NONE,"m55h3h1f","Playing with fire",28,6,,false
28,9,0,NONE,"pvgO6e8y","Piece of cake",32,6,,false
28,9,0,NONE,"iRJVhkrG","Piece of cake",16,7,,false
28,10,0,NONE,"xnsM3jPZ","Risky",30,1,,false
28,10,0,NONE,"zTqSMPQ2","Piece of cake",9,4,,false
28,10,0,NONE,"tGb7NZvp","Walk in the park",14,4,,false
28,10,0,NONE,"WwsKG4Ap","Walk in the park",53,4,,false
28,10,0,NONE,"jyudYPoH","Piece of cake",25,4,,false
28,10,0,NONE,"snsUwCZD","Walk in the park",30,4,,false
28,10,0,NONE,"m55h3h1f","Playing with fire",28,5,,false
28,10,0,NONE,"pvgO6e8y","Piece of cake",32,5,,false
28,10,0,NONE,"iRJVhkrG","Piece of cake",16,6,,true
28,10,0,NONE,"tlL2yqVR","Hmmm....",44,7,,false
28,11,0,NONE,"zTqSMPQ2","Piece of cake",9,3,,false
28,11,0,NONE,"tGb7NZvp","Walk in the park",14,3,,false
28,11,0,NONE,"WwsKG4Ap","Walk in the park",53,3,,false
28,11,0,NONE,"jyudYPoH","Piece of cake",25,3,,false
28,11,0,NONE,"snsUwCZD","Walk in the park",30,3,,false
28,11,0,NONE,"m55h3h1f","Playing with fire",28,4,,false
28,11,0,NONE,"pvgO6e8y","Piece of cake",32,4,,false
28,11,0,NONE,"tlL2yqVR","Hmmm....",44,6,,false
28,11,0,NONE,"UpstYuee","Gamble",30,7,,false
28,11,0,NONE,"iS0YnctZ","Piece of cake",22,7,,true
28,12,0,NONE,"zTqSMPQ2","Piece of cake",9,2,,false
28,12,0,NONE,"tGb7NZvp","Walk in the park",14,2,,false
28,12,0,NONE,"WwsKG4Ap","Walk in the park",53,2,,false
28,12,0,NONE,"jyudYPoH","Piece of cake",25,2,,false
28,12,0,NONE,"snsUwCZD","Walk in the park",30,2,,false
28,12,0,NONE,"m55h3h1f","Playing with fire",28,3,,false
28,12,0,NONE,"pvgO6e8y","Piece of cake",32,3,,false
28,12,0,NONE,"tlL2yqVR","Hmmm....",44,5,,false
28,12,0,NONE,"UpstYuee","Gamble",30,6,,false
28,12,0,NONE,"QGT0Mqpt","Piece of cake",15,7,,true
28,13,0,NONE,"zTqSMPQ2","Piece of cake",9,1,,false
28,13,0,NONE,"tGb7NZvp","Walk in the park",14,1,,false
28,13,0,NONE,"WwsKG4Ap","Walk in the park",53,1,,false
28,13,0,NONE,"jyudYPoH","Piece of cake",25,1,,true
28,13,0,NONE,"snsUwCZD","Walk in the park",30,1,,false
28,13,0,NONE,"m55h3h1f","Playing with fire",28,2,,false
28,13,0,NONE,"pvgO6e8y","Piece of cake",32,2,,false
28,13,0,NONE,"tlL2yqVR","Hmmm....",44,4,,false
28,13,0,NONE,"UpstYuee","Gamble",30,5,,false
28,13,0,NONE,"JLG50FUV","Hmmm....",24,7,,false
28,14,0,NONE,"m55h3h1f","Playing with fire",28,1,,false
28,14,0,NONE,"pvgO6e8y","Piece of cake",32,1,,false
28,14,0,NONE,"tlL2yqVR","Hmmm....",44,3,,false
28,14,0,NONE,"UpstYuee","Gamble",30,4,,false
28,14,0,NONE,"JLG50FUV","Hmmm....",24,6,,false
28,14,0,NONE,"IoMevBoN","Gamble",83,7,,false
28,14,0,NONE,"hbg4GPnT","Walk in the park",30,7,,false
28,14,0,NONE,"dCNZvATs","Piece of cake",38,7,,true
28,14,0,NONE,"GNSnYC5G","Rather detrimental",28,7,,false
28,14,0,NONE,"ijPC7cMB","Sure thing",50,7,,false
28,15,0,NONE,"tlL2yqVR","Hmmm....",44,2,,false
28,15,0,NONE,"UpstYuee","Gamble",30,3,,false
28,15,0,NONE,"JLG50FUV","Hmmm....",24,5,,false
28,15,0,NONE,"IoMevBoN","Gamble",83,6,,false
28,15,0,NONE,"hbg4GPnT","Walk in the park",30,6,,false
28,15,0,NONE,"GNSnYC5G","Rather detrimental",28,6,,false
28,15,0,NONE,"ijPC7cMB","Sure thing",50,6,,true
28,15,0,NONE,"KsOHcxHs","Walk in the park",30,7,,false
28,15,0,NONE,"DU6IeRKm","Gamble",37,7,,false
28,15,0,NONE,"ty2OeYnP","Sure thing",41,7,,false
28,16,0,NONE,"tlL2yqVR","Hmmm....",44,1,,false
28,16,0,NONE,"UpstYuee","Gamble",30,2,,false
28,16,0,NONE,"JLG50FUV","Hmmm....",24,4,,true
28,16,0,NONE,"IoMevBoN","Gamble",83,5,,false
28,16,0,NONE,"hbg4GPnT","Walk in the park",30,5,,false
28,16,0,NONE,"GNSnYC5G","Rather detrimental",28,5,,false
28,16,0,NONE,"KsOHcxHs","Walk in the park",30,6,,false
28,16,0,NONE,"DU6IeRKm","Gamble",37,6,,false
28,16,0,NONE,"ty2OeYnP","Sure thing",41,6,,false
28,16,0,NONE,"hE3lFvON","Suicide mission",151,3,1,false
28,17,0,NONE,"UpstYuee","Gamble",30,1,,true
28,17,0,NONE,"IoMevBoN","Gamble",83,4,,false
28,17,0,NONE,"hbg4GPnT","Walk in the park",30,4,,false
28,17,0,NONE,"GNSnYC5G","Rather detrimental",28,4,,false
28,17,0,NONE,"KsOHcxHs","Walk in the park",30,5,,false
28,17,0,NONE,"DU6IeRKm","Gamble",37,5,,false
28,17,0,NONE,"ty2OeYnP","Sure thing",41,5,,false
28,17,0,NONE,"hE3lFvON","Suicide mission",151,2,1,false
28,17,0,NONE,"yOCjrPrg","Quite likely",69,7,,false
28,17,0,NONE,"UX24tV6X","Sure thing",182,7,,false
28,19,0,NONE,"IoMevBoN","Gamble",83,2,,false
28,19,0,NONE,"hbg4GPnT","Walk in the park",30,2,,false
28,19,0,NONE,"GNSnYC5G","Rather detrimental",28,2,,false
28,19,0,NONE,"KsOHcxHs","Walk in the park",30,3,,false
28,19,0,NONE,"DU6IeRKm","Gamble",37,3,,false
28,19,0,NONE,"ty2OeYnP","Sure thing",41,3,,false
28,19,0,NONE,"yOCjrPrg","Quite likely",69,5,,false
28,19,0,NONE,"UX24tV6X","Sure thing",182,5,,true
28,19,0,NONE,"m64UiEjC","Sure thing",48,6,,false
28,19,0,NONE,"36vM7HuN","Piece of cake",171,7,,false
28,21,0,NONE,"KsOHcxHs","Walk in the park",30,1,,false
28,21,0,NONE,"DU6IeRKm","Gamble",37,1,,false
28,21,0,NONE,"ty2OeYnP","Sure thing",41,1,,true
28,21,0,NONE,"yOCjrPrg","Quite likely",69,3,,false
28,21,0,NONE,"m64UiEjC","Sure thing",48,4,,false
28,21,0,NONE,"36vM7HuN","Piece of cake",171,5,,false
28,21,0,NONE,"KisYnu8d","Gamble",64,6,,false
28,21,0,NONE,"5rO0C2MF","Risky",143,3,1,false
28,21,0,NONE,"m6Yrcf8B","Gamble",146,3,1,false
28,21,0,NONE,"ABxwFHGp","Sure thing",191,7,,false
28,22,0,NONE,"yOCjrPrg","Quite likely",69,2,,false
28,22,0,NONE,"m64UiEjC","Sure thing",48,3,,false
28,22,0,NONE,"36vM7HuN","Piece of cake",171,4,,false
28,22,0,NONE,"KisYnu8d","Gamble",64,5,,false
28,22,0,NONE,"5rO0C2MF","Risky",143,2,1,false
28,22,0,NONE,"m6Yrcf8B","Gamble",146,2,1,false
28,22,0,NONE,"ABxwFHGp","Sure thing",191,6,,true
28,22,0,NONE,"7wC04NVJ","Suicide mission",109,3,1,false
28,22,0,NONE,"AOTxE1j8","Piece of cake",167,7,,false
28,22,0,NONE,"QBgDvEka","Suicide mission",121,2,1,false
28,24,0,NONE,"m64UiEjC","Sure thing",48,1,,false
28,24,0,NONE,"36vM7HuN","Piece of cake",171,2,,false
28,24,0,NONE,"KisYnu8d","Gamble",64,3,,false
28,24,0,NONE,"7wC04NVJ","Suicide mission",109,1,1,true
28,24,0,NONE,"AOTxE1j8","Piece of cake",167,5,,false
28,24,0,NONE,"xRRdG4nr","Impossible",125,1,1,false
28,24,0,NONE,"YGvCpg3V","Suicide mission",133,2,1,false
28,24,0,NONE,"xjko07Xf","Hmmm....",118,2,1,false
28,24,0,NONE,"3hdRus2M","Suicide mission",142,3,1,false
28,24,0,NONE,"woOQ4CPO","Quite likely",77,7,,false
28,25,0,NONE,"36vM7HuN","Piece of cake",171,1,,false
28,25,0,NONE,"KisYnu8d","Gamble",64,2,,false
28,25,0,NONE,"AOTxE1j8","Piece of cake",167,4,,true
28,25,0,NONE,"YGvCpg3V","Suicide mission",133,1,1,false
28,25,0,NONE,"xjko07Xf","Hmmm....",118,1,1,false
28,25,0,NONE,"3hdRus2M","Suicide mission",142,2,1,false
28,25,0,NONE,"woOQ4CPO","Quite likely",77,6,,false
28,25,0,NONE,"6fZXssZ2","Sure thing",148,7,,false
28,25,0,NONE,"NYnuvIAB","Playing with fire",153,3,1,false
28,25,0,NONE,"etbTO92e","Suicide mission",153,2,1,false
28,27,0,NONE,"woOQ4CPO","Quite likely",77,4,,false
28,27,0,NONE,"6fZXssZ2","Sure thing",148,5,,true
28,27,0,NONE,"NYnuvIAB","Playing with fire",153,1,1,false
28,27,0,NONE,"Pv4sqjvn","Piece of cake",88,6,,false
28,27,0,NONE,"NtpKEICx","Suicide mission",140,1,1,false
28,27,0,NONE,"chq42QaV","Hmmm....",127,2,1,false
28,27,0,NONE,"YlzN6MVH","Sure thing",172,6,,false
28,27,0,NONE,"zfy84F2c","Piece of cake",107,7,,false
28,27,0,NONE,"AJqCo7lW","Rather detrimental",151,2,1,false
28,27,0,NONE,"lRExo6NM","Sure thing",130,7,,false
28,29,0,NONE,"woOQ4CPO","Quite likely",77,2,,false
28,29,0,NONE,"Pv4sqjvn","Piece of cake",88,4,,false
28,29,0,NONE,"YlzN6MVH","Sure thing",172,4,,true
28,29,0,NONE,"zfy84F2c","Piece of cake",107,5,,false
28,29,0,NONE,"lRExo6NM","Sure thing",130,5,,false
28,29,0,NONE,"HG1hBOaD","Suicide mission",127,2,1,false
28,29,0,NONE,"J4m3gjbF","Piece of cake",153,6,,false
28,29,0,NONE,"ACTv8lQJ","Piece of cake",95,6,,false
28,29,0,NONE,"cFJcJJjI","Suicide mission",103,2,2,false
28,29,0,NONE,"jKkIwz3r","Suicide mission",121,3,1,false
28,31,0,NONE,"Pv4sqjvn","Piece of cake",88,2,,false
28,31,0,NONE,"zfy84F2c","Piece of cake",107,3,,false
28,31,0,NONE,"lRExo6NM","Sure thing",130,3,,false
28,31,0,NONE,"J4m3gjbF","Piece of cake",153,4,,false
28,31,0,NONE,"ACTv8lQJ","Piece of cake",95,4,,false
28,31,0,NONE,"jKkIwz3r","Suicide mission",121,1,1,false
28,31,0,NONE,"TGqyRE4q","Sure thing",156,6,,false
28,31,0,NONE,"iGe4fGcS","Suicide mission",134,2,1,false
28,31,0,NONE,"qIzc1rAB","Risky",116,3,1,false
28,31,0,NONE,"3PerNtWB","Sure thing",177,7,,true
28,33,0,NONE,"zfy84F2c","Piece of cake",107,1,,false
28,33,0,NONE,"lRExo6NM","Sure thing",130,1,,false
28,33,0,NONE,"J4m3gjbF","Piece of cake",153,2,,false
28,33,0,NONE,"ACTv8lQJ","Piece of cake",95,2,,false
28,33,0,NONE,"TGqyRE4q","Sure thing",156,4,,false
28,33,0,NONE,"qIzc1rAB","Risky",116,1,1,false
28,33,0,NONE,"Hof0D0n1","Playing with fire",127,2,1,false
28,33,0,NONE,"jDvb8uIs","Suicide mission",141,1,1,false
28,33,0,NONE,"hmXQe9Qk","Piece of cake",135,7,,false
28,33,0,NONE,"g5GfmYql","Sure thing",158,7,,true
28,35,0,NONE,"TGqyRE4q","Sure thing",156,2,,false
28,35,0,NONE,"hmXQe9Qk","Piece of cake",135,5,,false
28,35,0,NONE,"muJiRm2p","Hmmm....",99,6,,false
28,35,0,NONE,"mCGurQ8L","Quite likely",80,6,,false
28,35,0,NONE,"jsE7pyMp","Rather detrimental",150,2,1,false
28,35,0,NONE,"yvFXefqE","Piece of cake",81,6,,false
28,35,0,NONE,"jU1LV9eT","Walk in the park",90,6,,false
28,35,0,NONE,"PKUBdzHn","Sure thing",104,7,,true
28,35,0,NONE,"Z1Gy9Hc2","Piece of cake",81,7,,false
28,35,0,NONE,"hjUoHB6H","Sure thing",165,7,,false
28,36,0,NONE,"TGqyRE4q","Sure thing",156,1,,false
28,36,0,NONE,"hmXQe9Qk","Piece of cake",135,4,,false
28,36,0,NONE,"muJiRm2p","Hmmm....",99,5,,false
28,36,0,NONE,"mCGurQ8L","Quite likely",80,5,,false
28,36,0,NONE,"jsE7pyMp","Rather detrimental",150,1,1,false
28,36,0,NONE,"yvFXefqE","Piece of cake",81,5,,false
28,36,0,NONE,"jU1LV9eT","Walk in the park",90,5,,false
28,36,0,NONE,"Z1Gy9Hc2","Piece of cake",81,6,,false
28,36,0,NONE,"hjUoHB6H","Sure thing",165,6,,true
28,36,0,NONE,"DUdHTwx5","Piece of cake",85,7,,false
28,38,0,NONE,"hmXQe9Qk","Piece of cake",135,2,,false
28,38,0,NONE,"muJiRm2p","Hmmm....",99,3,,false
28,38,0,NONE,"mCGurQ8L","Quite likely",80,3,,false
28,38,0,NONE,"yvFXefqE","Piece of cake",81,3,,false
28,38,0,NONE,"jU1LV9eT","Walk in the park",90,3,,false
28,38,0,NONE,"Z1Gy9Hc2","Piece of cake",81,4,,false
28,38,0,NONE,"DUdHTwx5","Piece of cake",85,5,,false
28,38,0,NONE,"oMBgo4N3","Walk in the park",78,6,,false
28,38,0,NONE,"LoOijkY9","Sure thing",170,6,,true
28,38,0,NONE,"vAz1bSnW","Sure thing",163,6,,false
28,40,0,NONE,"muJiRm2p","Hmmm....",99,1,,false
28,40,0,NONE,"mCGurQ8L","Quite likely",80,1,,false
28,40,0,NONE,"yvFXefqE","Piece of cake",81,1,,false
28,40,0,NONE,"jU1LV9eT","Walk in the park",90,1,,false
28,40,0,NONE,"Z1Gy9Hc2","Piece of cake",81,2,,false
28,40,0,NONE,"DUdHTwx5","Piece of cake",85,3,,false
28,40,0,NONE,"oMBgo4N3","Walk in the park",78,4,,true
28,40,0,NONE,"vAz1bSnW","Sure thing",163,4,,false
28,40,0,NONE,"qKdndUz1","Gamble",84,6,,false
28,40,0,NONE,"tb7uE7Ov","Piece of cake",139,7,,false
28,41,0,NONE,"Z1Gy9Hc2","Piece of cake",81,1,,false
28,41,0,NONE,"DUdHTwx5","Piece of cake",85,2,,false
28,41,0,NONE,"vAz1bSnW","Sure thing",163,3,,false
28,41,0,NONE,"qKdndUz1","Gamble",84,5,,false
28,41,0,NONE,"tb7uE7Ov","Piece of cake",139,6,,true
28,41,0,NONE,"w5mHFmbC","Sure thing",156,7,,false
28,41,0,NONE,"trMIUtBr","Sure thing",170,7,,false
28,41,0,NONE,"DnKMd7Pb","Walk in the park",81,7,,false
28,41,0,NONE,"ryv47q1J","Gamble",85,7,,false
28,41,0,NONE,"2nwNC0po","Rather detrimental",74,7,,false
28,43,0,NONE,"vAz1bSnW","Sure thing",163,1,,false
28,43,0,NONE,"qKdndUz1","Gamble",84,3,,false
28,43,0,NONE,"w5mHFmbC","Sure thing",156,5,,false
28,43,0,NONE,"trMIUtBr","Sure thing",170,5,,false
28,43,0,NONE,"DnKMd7Pb","Walk in the park",81,5,,false
28,43,0,NONE,"ryv47q1J","Gamble",85,5,,false
28,43,0,NONE,"2nwNC0po","Rather detrimental",74,5,,false
28,43,0,NONE,"fPj6jznE","Sure thing",151,6,,true
28,43,0,NONE,"mqJeQpV6","Risky",68,6,,false
28,43,0,NONE,"LDnLyFc5","Gamble",103,7,,false
28,45,0,NONE,"qKdndUz1","Gamble",84,1,,false
28,45,0,NONE,"w5mHFmbC","Sure thing",156,3,,false
28,45,0,NONE,"trMIUtBr","Sure thing",170,3,,false
28,45,0,NONE,"DnKMd7Pb","Walk in the park",81,3,,false
28,45,0,NONE,"ryv47q1J","Gamble",85,3,,false
28,45,0,NONE,"2nwNC0po","Rather detrimental",74,3,,false
28,45,0,NONE,"mqJeQpV6","Risky",68,4,,false
28,45,0,NONE,"LDnLyFc5","Gamble",103,5,,true
28,45,0,NONE,"qULg9YJj","Sure thing",152,6,,false
28,45,0,NONE,"h2Uk7NdU","Hmmm....",69,6,,false
28,46,0,NONE,"w5mHFmbC","Sure thing",156,2,,false
28,46,0,NONE,"trMIUtBr","Sure thing",170,2,,false
28,46,0,NONE,"DnKMd7Pb","Walk in the park",81,2,,false
28,46,0,NONE,"ryv47q1J","Gamble",85,2,,false
28,46,0,NONE,"2nwNC0po","Rather detrimental",74,2,,false
28,46,0,NONE,"mqJeQpV6","Risky",68,3,,false
28,46,0,NONE,"qULg9YJj","Sure thing",152,5,,false
28,46,0,NONE,"h2Uk7NdU","Hmmm....",69,5,,false
28,46,0,NONE,"31tCKwKk","Sure thing",164,7,,true
28,46,0,NONE,"vWMprfUG","Gamble",77,7,,false
28,48,0,NONE,"mqJeQpV6","Risky",68,1,,false
28,48,0,NONE,"qULg9YJj","Sure thing",152,3,,false
28,48,0,NONE,"h2Uk7NdU","Hmmm....",69,3,,false
28,48,0,NONE,"vWMprfUG","Gamble",77,5,,false
28,48,0,NONE,"387xt5Da","Sure thing",175,6,,false
28,48,0,NONE,"unXkHJtv","Sure thing",188,7,,false
28,48,0,NONE,"CbqcPaMI","Suicide mission",67,7,,false
28,48,0,NONE,"t2L79sts","Sure thing",154,7,,false
28,48,0,NONE,"SQBizpLg","Sure thing",151,7,,false
28,48,0,NONE,"0zlIlreR","Sure thing",174,7,,true
29,0,0,NONE,"qT0FbZ2m","Piece of cake",56,7,,false
29,0,0,NONE,"sFQ4yI7P","Walk in the park",3,7,,false
29,0,0,NONE,"BuNM8jGg","Piece of cake",4,7,,false
29,0,0,NONE,"M3VeBBRc","Piece of cake",67,7,,false
29,0,0,NONE,"YYkucg0j","Piece of cake",10,7,,false
29,0,0,NONE,"5clspYjw","Piece of cake",3,7,,false
29,0,0,NONE,"lCEdnLYl","Walk in the park",63,7,,false
29,0,0,NONE,"f1dLGm2l","Piece of cake",36,7,,false
29,0,0,NONE,"IU7P9kRN","Risky",43,7,,false
29,0,0,NONE,"fa45LA1B","Sure thing",8,7,,true
29,1,0,NONE,"qT0FbZ2m","Piece of cake",56,6,,false
29,1,0,NONE,"sFQ4yI7P","Walk in the park",3,6,,false
29,1,0,NONE,"BuNM8jGg","Piece of cake",4,6,,false
29,1,0,NONE,"M3VeBBRc","Piece of cake",67,6,,false
29,1,0,NONE,"YYkucg0j","Piece of cake",10,6,,false
29,1,0,NONE,"5clspYjw","Piece of cake",3,6,,true
29,1,0,NONE,"lCEdnLYl","Walk in the park",63,6,,false
29,1,0,NONE,"f1dLGm2l","Piece of cake",36,6,,false
29,1,0,NONE,"IU7P9kRN","Risky",43,6,,false
29,1,0,NONE,"OxL83Og9","Piece of cake",11,7,,false
29,2,0,NONE,"qT0FbZ2m","Piece of cake",56,5,,false
29,2,0,NONE,"sFQ4yI7P","Walk in the park",3,5,,false
29,2,0,NONE,"BuNM8jGg","Piece of cake",4,5,,true
29,2,0,NONE,"M3VeBBRc","Piece of cake",67,5,,false
29,2,0,NONE,"YYkucg0j","Piece of cake",10,5,,false
29,2,0,NONE,"lCEdnLYl","Walk in the park",63,5,,false
29,2,0,NONE,"f1dLGm2l","Piece of cake",36,5,,false
29,2,0,NONE,"IU7P9kRN","Risky",43,5,,false
29,2,0,NONE,"OxL83Og9","Piece of cake",11,6,,false
29,2,0,NONE,"YWMP2jjB","Hmmm....",32,7,,false
29,3,0,NONE,"qT0FbZ2m","Piece of cake",56,4,,false
29,3,0,NONE,"sFQ4yI7P","Walk in the park",3,4,,false
29,3,0,NONE,"M3VeBBRc","Piece of cake",67,4,,true
29,3,0,NONE,"YYkucg0j","Piece of cake",10,4,,false
29,3,0,NONE,"lCEdnLYl","Walk in the park",63,4,,false
29,3,0,NONE,"f1dLGm2l","Piece of cake",36,4,,false
29,3,0,NONE,"IU7P9kRN","Risky",43,4,,false
29,3,0,NONE,"OxL83Og9","Piece of cake",11,5,,false
29,3,0,NONE,"YWMP2jjB","Hmmm....",32,6,,false
29,3,0,NONE,"y7lOMgWT","Piece of cake",77,7,,false
29,4,0,NONE,"qT0FbZ2m","Piece of cake",56,3,,false
29,4,0,NONE,"sFQ4yI7P","Walk in the park",3,3,,false
29,4,0,NONE,"YYkucg0j","Piece of cake",10,3,,false
29,4,0,NONE,"lCEdnLYl","Walk in the park",63,3,,false
29,4,0,NONE,"f1dLGm2l","Piece of cake",36,3,,false
29,4,0,NONE,"IU7P9kRN","Risky",43,3,,false
29,4,0,NONE,"OxL83Og9","Piece of cake",11,4,,true
29,4,0,NONE,"YWMP2jjB","Hmmm....",32,5,,false
29,4,0,NONE,"y7lOMgWT","Piece of cake",77,6,,false
29,4,0,NONE,"zWlQzSVX","Quite likely",18,7,,false
29,5,0,NONE,"qT0FbZ2m","Piece of cake",56,2,,false
29,5,0,NONE,"sFQ4yI7P","Walk in the park",3,2,,false
29,5,0,NONE,"YYkucg0j","Piece of cake",10,2,,true
29,5,0,NONE,"lCEdnLYl","Walk in the park",63,2,,false
29,5,0,NONE,"f1dLGm2l","Piece of cake",36,2,,false
29,5,0,NONE,"IU7P9kRN","Risky",43,2,,false
29,5,0,NONE,"YWMP2jjB","Hmmm....",32,4,,false
29,5,0,NONE,"y7lOMgWT","Piece of cake",77,5,,false
29,5,0,NONE,"zWlQzSVX","Quite likely",18,6,,false
29,5,0,NONE,"8vfSh7q6","Gamble",34,7,,false
29,6,0,NONE,"qT0FbZ2m","Piece of cake",56,1,,false
29,6,0,NONE,"sFQ4yI7P","Walk in the park",3,1,,false
29,6,0,NONE,"lCEdnLYl","Walk in the park",63,1,,false
29,6,0,NONE,"f1dLGm2l","Piece of cake",36,1,,true
29,6,0,NONE,"IU7P9kRN","Risky",43,1,,false
29,6,0,NONE,"YWMP2jjB","Hmmm....",32,3,,false
29,6,0,NONE,"y7lOMgWT","Piece of cake",77,4,,false
29,6,0,NONE,"zWlQzSVX","Quite likely",18,5,,false
29,6,0,NONE,"8vfSh7q6","Gamble",34,6,,false
29,6,0,NONE,"EsgxnT3g","Piece of cake",13,7,,false
29,7,0,NONE,"YWMP2jjB","Hmmm....",32,2,,false
29,7,0,NONE,"y7lOMgWT","Piece of cake",77,3,,false
29,7,0,NONE,"zWlQzSVX","Quite likely",18,4,,false
29,7,0,NONE,"8vfSh7q6","Gamble",34,5,,false
29,7,0,NONE,"EsgxnT3g","Piece of cake",13,6,,false
29,7,0,NONE,"0TO0VyTv","Walk in the park",10,7,,false
29,7,0,NONE,"7cVmQGSG","Quite likely",39,7,,false
29,7,0,NONE,"ranU9O8l","Walk in the park",22,7,,false
29,7,0,NONE,"V2dcKysH","Risky",39,7,,false
29,7,0,NONE,"Ni0i2TOj","Sure thing",69,7,,true
29,8,0,NONE,"YWMP2jjB","Hmmm....",32,1,,true
29,8,0,NONE,"y7lOMgWT","Piece of cake",77,2,,false
29,8,0,NONE,"zWlQzSVX","Quite likely",18,3,,false
29,8,0,NONE,"8vfSh7q6","Gamble",34,4,,false
29,8,0,NONE,"EsgxnT3g","Piece of cake",13,5,,false
29,8,0,NONE,"0TO0VyTv","Walk in the park",10,6,,false
29,8,0,NONE,"7cVmQGSG","Quite likely",39,6,,false
29,8,0,NONE,"ranU9O8l","Walk in the park",22,6,,false
29,8,0,NONE,"V2dcKysH","Risky",39,6,,false
29,8,0,NONE,"OWWBESuJ","Hmmm....",23,7,,false
29,9,0,NONE,"y7lOMgWT","Piece of cake",77,1,,false
29,9,0,NONE,"zWlQzSVX","Quite likely",18,2,,false
29,9,0,NONE,"8vfSh7q6","Gamble",34,3,,false
29,9,0,NONE,"EsgxnT3g","Piece of cake",13,4,,true
29,9,0,NONE,"0TO0VyTv","Walk in the park",10,5,,false
29,9,0,NONE,"7cVmQGSG","Quite likely",39,5,,false
29,9,0,NONE,"ranU9O8l","Walk in the park",22,5,,false
29,9,0,NONE,"V2dcKysH","Risky",39,5,,false
29,9,0,NONE,"OWWBESuJ","Hmmm....",23,6,,false
29,9,0,NONE,"pIEqvBmh","Hmmm....",22,7,,false
29,10,0,NONE,"zWlQzSVX","Quite likely",18,1,,false
29,10,0,NONE,"8vfSh7q6","Gamble",34,2,,false
29,10,0,NONE,"0TO0VyTv","Walk in the park",10,4,,false
29,10,0,NONE,"7cVmQGSG","Quite likely",39,4,,true
29,10,0,NONE,"ranU9O8l","Walk in the park",22,4,,false
29,10,0,NONE,"V2dcKysH","Risky",39,4,,false
29,10,0,NONE,"OWWBESuJ","Hmmm....",23,5,,false
29,10,0,NONE,"pIEqvBmh","Hmmm....",22,6,,false
29,10,0,NONE,"0tn4BNKm","Hmmm....",52,7,,false
29,10,0,NONE,"BxcD2mdW","Rather detrimental",38,7,,false
29,11,0,NONE,"8vfSh7q6","Gamble",34,1,,true
29,11,0,NONE,"0TO0VyTv","Walk in the park",10,3,,false
29,11,0,NONE,"ranU9O8l","Walk in the park",22,3,,false
29,11,0,NONE,"V2dcKysH","Risky",39,3,,false
29,11,0,NONE,"OWWBESuJ","Hmmm....",23,4,,false
29,11,0,NONE,"pIEqvBmh","Hmmm....",22,5,,false
29,11,0,NONE,"0tn4BNKm","Hmmm....",52,6,,false
29,11,0,NONE,"BxcD2mdW","Rather detrimental",38,6,,false
29,11,0,NONE,"bmHCuji0","Walk in the park",28,7,,false
29,11,0,NONE,"bPvbXclQ","Gamble",26,7,,false
29,13,0,NONE,"0TO0VyTv","Walk in the park",10,1,,false
29,13,0,NONE,"ranU9O8l","Walk in the park",22,1,,false
29,13,0,NONE,"V2dcKysH","Risky",39,1,,false
29,13,0,NONE,"OWWBESuJ","Hmmm....",23,2,,false
29,13,0,NONE,"pIEqvBmh","Hmmm....",22,3,,false
29,13,0,NONE,"0tn4BNKm","Hmmm....",52,4,,false
29,13,0,NONE,"BxcD2mdW","Rather detrimental",38,4,,false
29,13,0,NONE,"bmHCuji0","Walk in the park",28,5,,true
29,13,0,NONE,"bPvbXclQ","Gamble",26,5,,false
29,13,0,NONE,"KpXIoMhK","Piece of cake",47,6,,false
29,14,0,NONE,"OWWBESuJ","Hmmm....",23,1,,true
29,14,0,NONE,"pIEqvBmh","Hmmm....",22,2,,false
29,14,0,NONE,"0tn4BNKm","Hmmm....",52,3,,false
29,14,0,NONE,"BxcD2mdW","Rather detrimental",38,3,,false
29,14,0,NONE,"bPvbXclQ","Gamble",26,4,,false
29,14,0,NONE,"KpXIoMhK","Piece of cake",47,5,,false
29,14,0,NONE,"AS4uF0ix","Hmmm....",75,7,,false
29,14,0,NONE,"XaNo7Ket","Piece of cake",17,7,,false
29,14,0,NONE,"RWSMRWGI","Suicide mission",40,7,,false
29,14,0,NONE,"RkpT2uCO","Quite likely",66,7,,false
29,16,0,NONE,"0tn4BNKm","Hmmm....",52,1,,false
29,16,0,NONE,"BxcD2mdW","Rather detrimental",38,1,,true
29,16,0,NONE,"bPvbXclQ","Gamble",26,2,,false
29,16,0,NONE,"KpXIoMhK","Piece of cake",47,3,,false
29,16,0,NONE,"AS4uF0ix","Hmmm....",75,5,,false
29,16,0,NONE,"XaNo7Ket","Piece of cake",17,5,,false
29,16,0,NONE,"RWSMRWGI","Suicide mission",40,5,,false
29,16,0,NONE,"RkpT2uCO","Quite likely",66,5,,false
29,16,0,NONE,"LNAVs8sd","Rather detrimental",62,6,,false
29,16,0,NONE,"ZIC5FqRy","Sure thing",60,7,,false
29,18,0,NONE,"KpXIoMhK","Piece of cake",47,1,,false
29,18,0,NONE,"AS4uF0ix","Hmmm....",75,3,,false
29,18,0,NONE,"XaNo7Ket","Piece of cake",17,3,,false
29,18,0,NONE,"RWSMRWGI","Suicide mission",40,3,,false
29,18,0,NONE,"RkpT2uCO","Quite likely",66,3,,false
29,18,0,NONE,"LNAVs8sd","Rather detrimental",62,4,,true
29,18,0,NONE,"ZIC5FqRy","Sure thing",60,5,,false
29,18,0,NONE,"idifdS4k","Quite likely",29,6,,false
29,18,0,NONE,"KEb5QgJn","Rather detrimental",135,1,1,false
29,18,0,NONE,"61whWmSH","Piece of cake",82,7,,false
29,20,0,NONE,"AS4uF0ix","Hmmm....",75,1,,false
29,20,0,NONE,"XaNo7Ket","Piece of cake",17,1,,false
29,20,0,NONE,"RWSMRWGI","Suicide mission",40,1,,false
29,20,0,NONE,"RkpT2uCO","Quite likely",66,1,,true
29,20,0,NONE,"ZIC5FqRy","Sure thing",60,3,,false
29,20,0,NONE,"idifdS4k","Quite likely",29,4,,false
29,20,0,NONE,"61whWmSH","Piece of cake",82,5,,false
29,20,0,NONE,"EQbjSsWy","Suicide mission",104,2,1,false
29,20,0,NONE,"RKSfbAxH","Playing with fire",32,6,,false
29,20,0,NONE,"D7d1dQOQ","Suicide mission",136,1,1,false
29,21,0,NONE,"ZIC5FqRy","Sure thing",60,2,,false
29,21,0,NONE,"idifdS4k","Quite likely",29,3,,false
29,21,0,NONE,"61whWmSH","Piece of cake",82,4,,false
29,21,0,NONE,"EQbjSsWy","Suicide mission",104,1,1,false
29,21,0,NONE,"RKSfbAxH","Playing with fire",32,5,,false
29,21,0,NONE,"LocPlV40","Quite likely",58,7,,false
29,21,0,NONE,"QOYNT3OB","Suicide mission",143,3,1,true
29,21,0,NONE,"lcYmCqpV","Walk in the park",110,7,,false
29,21,0,NONE,"AE7D792w","Walk in the park",119,7,,false
29,21,0,NONE,"PI7SUzNg","Hmmm....",145,7,,false
29,23,0,NONE,"idifdS4k","Quite likely",29,1,,false
29,23,0,NONE,"61whWmSH","Piece of cake",82,2,,false
29,23,0,NONE,"RKSfbAxH","Playing with fire",32,3,,false
29,23,0,NONE,"LocPlV40","Quite likely",58,5,,true
29,23,0,NONE,"lcYmCqpV","Walk in the park",110,5,,false
29,23,0,NONE,"AE7D792w","Walk in the park",119,5,,false
29,23,0,NONE,"PI7SUzNg","Hmmm....",145,5,,false
29,23,0,NONE,"F3TlYcaW","Suicide mission",136,2,1,false
29,23,0,NONE,"Umr1rMc3","Piece of cake",126,6,,false
29,23,0,NONE,"Pt6bpeS7","Gamble",62,7,,false
29,24,0,NONE,"61whWmSH","Piece of cake",82,1,,false
29,24,0,NONE,"RKSfbAxH","Playing with fire",32,2,,false
29,24,0,NONE,"lcYmCqpV","Walk in the park",110,4,,false
29,24,0,NONE,"AE7D792w","Walk in the park",119,4,,false
29,24,0,NONE,"PI7SUzNg","Hmmm....",145,4,,false
29,24,0,NONE,"F3TlYcaW","Suicide mission",136,1,1,false
29,24,0,NONE,"Umr1rMc3","Piece of cake",126,5,,true
29,24,0,NONE,"Pt6bpeS7","Gamble",62,6,,false
29,24,0,NONE,"Eo76KqyW","Rather detrimental",145,2,1,false
29,24,0,NONE,"JPqnSY48","Quite likely",127,7,,false
29,25,0,NONE,"RKSfbAxH","Playing with fire",32,1,,false
29,25,0,NONE,"lcYmCqpV","Walk in the park",110,3,,false
29,25,0,NONE,"AE7D792w","Walk in the park",119,3,,true
29,25,0,NONE,"PI7SUzNg","Hmmm....",145,3,,false
29,25,0,NONE,"Pt6bpeS7","Gamble",62,5,,false
29,25,0,NONE,"Eo76KqyW","Rather detrimental",145,1,1,false
29,25,0,NONE,"JPqnSY48","Quite likely",127,6,,false
29,25,0,NONE,"WWdHG0lS","Suicide mission",121,2,1,false
29,25,0,NONE,"X58AFMgD","Hmmm....",103,7,,false
29,25,0,NONE,"ntmDjZCq","Suicide mission",159,2,1,false
29,26,0,NONE,"lcYmCqpV","Walk in the park",110,2,,true
29,26,0,NONE,"PI7SUzNg","Hmmm....",145,2,,false
29,26,0,NONE,"Pt6bpeS7","Gamble",62,4,,false
29,26,0,NONE,"JPqnSY48","Quite likely",127,5,,false
29,26,0,NONE,"WWdHG0lS","Suicide mission",121,1,1,false
29,26,0,NONE,"X58AFMgD","Hmmm....",103,6,,false
29,26,0,NONE,"ntmDjZCq","Suicide mission",159,1,1,false
29,26,0,NONE,"jdqtq79u","Rather detrimental",119,3,1,false
29,26,0,NONE,"3wrsoQML","Suicide mission",148,2,1,false
29,26,0,NONE,"RE8o1TJx","Risky",158,2,1,false
29,28,0,NONE,"Pt6bpeS7","Gamble",62,2,,false
29,28,0,NONE,"JPqnSY48","Quite likely",127,3,,false
29,28,0,NONE,"X58AFMgD","Hmmm....",103,4,,false
29,28,0,NONE,"jdqtq79u","Rather detrimental",119,1,1,false
29,28,0,NONE,"vbgiSzlJ","Quite likely",148,1,1,true
29,28,0,NONE,"S9JNWjww","Suicide mission",110,1,2,false
29,28,0,NONE,"tvmXydA2","Impossible",120,1,2,false
29,28,0,NONE,"ldfNY0NH","Suicide mission",146,2,1,false
29,28,0,NONE,"IDXFmrZa","Suicide mission",97,2,2,false
29,28,0,NONE,"8cM08MqN","Playing with fire",112,3,1,false
29,29,0,NONE,"Pt6bpeS7","Gamble",62,1,,false
29,29,0,NONE,"JPqnSY48","Quite likely",127,2,,false
29,29,0,NONE,"X58AFMgD","Hmmm....",103,3,,false
29,29,0,NONE,"ldfNY0NH","Suicide mission",146,1,1,false
29,29,0,NONE,"IDXFmrZa","Suicide mission",97,1,2,false
29,29,0,NONE,"8cM08MqN","Playing with fire",112,2,1,false
29,29,0,NONE,"Ie2fLGwt","Quite likely",122,7,,true
29,29,0,NONE,"YDdtFWB9","Hmmm....",80,7,,false
29,29,0,NONE,"h8Tg3tmN","Risky",148,2,1,false
29,29,0,NONE,"VHKsYuzy","Rather detrimental",160,2,1,false
29,30,0,NONE,"JPqnSY48","Quite likely",127,1,,true
29,30,0,NONE,"X58AFMgD","Hmmm....",103,2,,false
29,30,0,NONE,"8cM08MqN","Playing with fire",112,1,1,false
29,30,0,NONE,"YDdtFWB9","Hmmm....",80,6,,false
29,30,0,NONE,"h8Tg3tmN","Risky",148,1,1,false
29,30,0,NONE,"VHKsYuzy","Rather detrimental",160,1,1,false
29,30,0,NONE,"ufBAb8wu","Suicide mission",145,2,1,false
29,30,0,NONE,"3iBADdPq","Suicide mission",137,3,1,false
29,30,0,NONE,"oaKMd57l","Suicide mission",109,3,1,false
29,30,0,NONE,"IrEdVSzD","Quite likely",96,7,,false
29,31,0,NONE,"X58AFMgD","Hmmm....",103,1,,false
29,31,0,NONE,"YDdtFWB9","Hmmm....",80,5,,false
29,31,0,NONE,"ufBAb8wu","Suicide mission",145,1,1,false
29,31,0,NONE,"3iBADdPq","Suicide mission",137,2,1,false
29,31,0,NONE,"oaKMd57l","Suicide mission",109,2,1,false
29,31,0,NONE,"IrEdVSzD","Quite likely",96,6,,false
29,31,0,NONE,"UceLARCd","Walk in the park",98,7,,false
29,31,0,NONE,"7OvYcKSc","Suicide mission",127,3,1,true
29,31,0,NONE,"KNXcG0YR","Playing with fire",131,2,1,false
29,31,0,NONE,"y2KF5TcN","Walk in the park",58,7,,false
29,33,0,NONE,"YDdtFWB9","Hmmm....",80,3,,false
29,33,0,NONE,"IrEdVSzD","Quite likely",96,4,,false
29,33,0,NONE,"UceLARCd","Walk in the park",98,5,,false
29,33,0,NONE,"y2KF5TcN","Walk in the park",58,5,,false
29,33,0,NONE,"wnECijWc","Gamble",145,1,1,false
29,33,0,NONE,"t4thP1xt","Suicide mission",149,2,1,false
29,33,0,NONE,"1lJxo0xc","Playing with fire",129,2,1,false
29,33,0,NONE,"hYHVMndW","Piece of cake",96,7,,true
29,33,0,NONE,"S0sgpqjP","Suicide mission",114,2,1,false
29,33,0,NONE,"RAE90Sly","Playing with fire",157,3,1,false
29,34,0,NONE,"YDdtFWB9","Hmmm....",80,2,,false
29,34,0,NONE,"IrEdVSzD","Quite likely",96,3,,false
29,34,0,NONE,"UceLARCd","Walk in the park",98,4,,false
29,34,0,NONE,"y2KF5TcN","Walk in the park",58,4,,false
29,34,0,NONE,"t4thP1xt","Suicide mission",149,1,1,false
29,34,0,NONE,"1lJxo0xc","Playing with fire",129,1,1,false
29,34,0,NONE,"S0sgpqjP","Suicide mission",114,1,1,false
29,34,0,NONE,"RAE90Sly","Playing with fire",157,2,1,false
29,34,0,NONE,"VhPlUKmt","Walk in the park",112,7,,false
29,34,0,NONE,"6GGfkmc9","Sure thing",101,7,,true
29,35,0,NONE,"YDdtFWB9","Hmmm....",80,1,,false
29,35,0,NONE,"IrEdVSzD","Quite likely",96,2,,false
29,35,0,NONE,"UceLARCd","Walk in the park",98,3,,false
29,35,0,NONE,"y2KF5TcN","Walk in the park",58,3,,false
29,35,0,NONE,"RAE90Sly","Playing with fire",157,1,1,false
29,35,0,NONE,"VhPlUKmt","Walk in the park",112,6,,false
29,35,0,NONE,"c6UU2qh7","Walk in the park",91,7,,false
29,35,0,NONE,"m4VWwMvT","Gamble",97,7,,false
29,35,0,NONE,"gB6GcLFh","Walk in the park",87,7,,false
29,35,0,NONE,"OsavqwlL","Hmmm....",89,7,,true
29,36,0,NONE,"IrEdVSzD","Quite likely",96,1,,false
29,36,0,NONE,"UceLARCd","Walk in the park",98,2,,false
29,36,0,NONE,"y2KF5TcN","Walk in the park",58,2,,false
29,36,0,NONE,"VhPlUKmt","Walk in the park",112,5,,false
29,36,0,NONE,"c6UU2qh7","Walk in the park",91,6,,false
29,36,0,NONE,"m4VWwMvT","Gamble",97,6,,false
29,36,0,NONE,"gB6GcLFh","Walk in the park",87,6,,false
29,36,0,NONE,"ll2UcwjS","Risky",92,7,,false
29,36,0,NONE,"XxzLb7AB","Walk in the park",73,7,,false
29,36,0,NONE,"QaLfUPwe","Quite likely",80,7,,true
29,37,0,NONE,"UceLARCd","Walk in the park",98,1,,true
29,37,0,NONE,"y2KF5TcN","Walk in the park",58,1,,false
29,37,0,NONE,"VhPlUKmt","Walk in the park",112,4,,false
29,37,0,NONE,"c6UU2qh7","Walk in the park",91,5,,false
29,37,0,NONE,"m4VWwMvT","Gamble",97,5,,false
29,37,0,NONE,"gB6GcLFh","Walk in the park",87,5,,false
29,37,0,NONE,"ll2UcwjS","Risky",92,6,,false
29,37,0,NONE,"XxzLb7AB","Walk in the park",73,6,,false
29,37,0,NONE,"j7H7RvSB","Quite likely",93,7,,false
29,37,0,NONE,"lVHxIycX","Risky",94,7,,false
29,38,0,NONE,"VhPlUKmt","Walk in the park",112,3,,true
29,38,0,NONE,"c6UU2qh7","Walk in the park",91,4,,false
29,38,0,NONE,"m4VWwMvT","Gamble",97,4,,false
29,38,0,NONE,"gB6GcLFh","Walk in the park",87,4,,false
29,38,0,NONE,"ll2UcwjS","Risky",92,5,,false
29,38,0,NONE,"XxzLb7AB","Walk in the park",73,5,,false
29,38,0,NONE,"j7H7RvSB","Quite likely",93,6,,false
29,38,0,NONE,"lVHxIycX","Risky",94,6,,false
29,38,0,NONE,"XCN8P1Q6","Quite likely",92,7,,false
29,38,0,NONE,"N8otn8Yr","Quite likely",77,7,,false
29,39,0,NONE,"c6UU2qh7","Walk in the park",91,3,,false
29,39,0,NONE,"m4VWwMvT","Gamble",97,3,,false
29,39,0,NONE,"gB6GcLFh","Walk in the park",87,3,,false
29,39,0,NONE,"ll2UcwjS","Risky",92,4,,false
29,39,0,NONE,"XxzLb7AB","Walk in the park",73,4,,true
29,39,0,NONE,"j7H7RvSB","Quite likely",93,5,,false
29,39,0,NONE,"lVHxIycX","Risky",94,5,,false
29,39,0,NONE,"XCN8P1Q6","Quite likely",92,6,,false
29,39,0,NONE,"N8otn8Yr","Quite likely",77,6,,false
29,39,0,NONE,"Dp7zTlI3","Quite likely",76,7,,false
29,40,0,NONE,"c6UU2qh7","Walk in the park",91,2,,false
29,40,0,NONE,"m4VWwMvT","Gamble",97,2,,false
29,40,0,NONE,"gB6GcLFh","Walk in the park",87,2,,false
29,40,0,NONE,"ll2UcwjS","Risky",92,3,,false
29,40,0,NONE,"j7H7RvSB","Quite likely",93,4,,false
29,40,0,NONE,"lVHxIycX","Risky",94,4,,false
29,40,0,NONE,"XCN8P1Q6","Quite likely",92,5,,false
29,40,0,NONE,"N8otn8Yr","Quite likely",77,5,,false
29,40,0,NONE,"Dp7zTlI3","Quite likely",76,6,,false
29,40,0,NONE,"2uh2noX3","Walk in the park",63,7,,true
29,41,0,NONE,"c6UU2qh7","Walk in the park",91,1,,true
29,41,0,NONE,"m4VWwMvT","Gamble",97,1,,false
29,41,0,NONE,"gB6GcLFh","Walk in the park",87,1,,false
29,41,0,NONE,"ll2UcwjS","Risky",92,2,,false
29,41,0,NONE,"j7H7RvSB","Quite likely",93,3,,false
29,41,0,NONE,"lVHxIycX","Risky",94,3,,false
29,41,0,NONE,"XCN8P1Q6","Quite likely",92,4,,false
29,41,0,NONE,"N8otn8Yr","Quite likely",77,4,,false
29,41,0,NONE,"Dp7zTlI3","Quite likely",76,5,,false
29,41,0,NONE,"DAtoxDIB","Rather detrimental",78,7,,false
29,42,0,NONE,"ll2UcwjS","Risky",92,1,,false
29,42,0,NONE,"j7H7RvSB","Quite likely",93,2,,false
29,42,0,NONE,"lVHxIycX","Risky",94,2,,false
29,42,0,NONE,"XCN8P1Q6","Quite likely",92,3,,false
29,42,0,NONE,"N8otn8Yr","Quite likely",77,3,,false
29,42,0,NONE,"Dp7zTlI3","Quite likely",76,4,,false
29,42,0,NONE,"DAtoxDIB","Rather detrimental",78,6,,false
29,42,0,NONE,"s8GqcPFq","Walk in the park",71,7,,true
29,42,0,NONE,"VClRRvbO","Rather detrimental",81,7,,false
29,42,0,NONE,"f3t4enj1","Quite likely",95,7,,false
29,43,0,NONE,"j7H7RvSB","Quite likely",93,1,,false
29,43,0,NONE,"lVHxIycX","Risky",94,1,,false
29,43,0,NONE,"XCN8P1Q6","Quite likely",92,2,,false
29,43,0,NONE,"N8otn8Yr","Quite likely",77,2,,false
29,43,0,NONE,"Dp7zTlI3","Quite likely",76,3,,false
29,43,0,NONE,"DAtoxDIB","Rather detrimental",78,5,,false
29,43,0,NONE,"VClRRvbO","Rather detrimental",81,6,,false
29,43,0,NONE,"f3t4enj1","Quite likely",95,6,,false
29,43,0,NONE,"d6B5IFHd","Risky",71,7,,true
29,43,0,NONE,"0iwX0W3v","Playing with fire",76,7,,false
29,44,0,NONE,"XCN8P1Q6","Quite likely",92,1,,false
29,44,0,NONE,"N8otn8Yr","Quite likely",77,1,,true
29,44,0,NONE,"Dp7zTlI3","Quite likely",76,2,,false
29,44,0,NONE,"DAtoxDIB","Rather detrimental",78,4,,false
29,44,0,NONE,"VClRRvbO","Rather detrimental",81,5,,false
29,44,0,NONE,"f3t4enj1","Quite likely",95,5,,false
29,44,0,NONE,"0iwX0W3v","Playing with fire",76,6,,false
29,44,0,NONE,"L9L3XmzS","Walk in the park",73,7,,false
29,44,0,NONE,"bFUp9k8w","Hmmm....",80,7,,false
29,44,0,NONE,"UQXH5elD","Quite likely",57,7,,false
29,46,0,NONE,"DAtoxDIB","Rather detrimental",78,2,,false
29,46,0,NONE,"VClRRvbO","Rather detrimental",81,3,,false
29,46,0,NONE,"f3t4enj1","Quite likely",95,3,,false
29,46,0,NONE,"0iwX0W3v","Playing with fire",76,4,,false
29,46,0,NONE,"L9L3XmzS","Walk in the park",73,5,,true
29,46,0,NONE,"bFUp9k8w","Hmmm....",80,5,,false
29,46,0,NONE,"UQXH5elD","Quite likely",57,5,,false
29,46,0,NONE,"1yt41G0x","Suicide mission",89,6,,false
29,46,0,NONE,"npmIiPSx","Risky",60,6,,false
29,46,0,NONE,"E8VMEPEJ","Playing with fire",59,7,,false
29,47,0,NONE,"DAtoxDIB","Rather detrimental",78,1,,false
29,47,0,NONE,"VClRRvbO","Rather detrimental",81,2,,false
29,47,0,NONE,"f3t4enj1","Quite likely",95,2,,false
29,47,0,NONE,"0iwX0W3v","Playing with fire",76,3,,false
29,47,0,NONE,"bFUp9k8w","Hmmm....",80,4,,false
29,47,0,NONE,"UQXH5elD","Quite likely",57,4,,true
29,47,0,NONE,"1yt41G0x","Suicide mission",89,5,,false
29,47,0,NONE,"npmIiPSx","Risky",60,5,,false
29,47,0,NONE,"E8VMEPEJ","Playing with fire",59,6,,false
29,47,0,NONE,"ICswZJom","Suicide mission",66,7,,false
29,48,0,NONE,"VClRRvbO","Rather detrimental",81,1,,false
29,48,0,NONE,"f3t4enj1","Quite likely",95,1,,true
29,48,0,NONE,"0iwX0W3v","Playing with fire",76,2,,false
29,48,0,NONE,"bFUp9k8w","Hmmm....",80,3,,false
29,48,0,NONE,"1yt41G0x","Suicide mission",89,4,,false
29,48,0,NONE,"npmIiPSx","Risky",60,4,,false
29,48,0,NONE,"E8VMEPEJ","Playing with fire",59,5,,false
29,48,0,NONE,"ICswZJom","Suicide mission",66,6,,false
29,48,0,NONE,"6geDlzXa","Suicide mission",85,7,,false
29,48,0,NONE,"4crt9lBy","Gamble",63,7,,false
29,49,0,NONE,"0iwX0W3v","Playing with fire",76,1,,false
29,49,0,NONE,"bFUp9k8w","Hmmm....",80,2,,false
29,49,0,NONE,"1yt41G0x","Suicide mission",89,3,,false
29,49,0,NONE,"npmIiPSx","Risky",60,3,,false
29,49,0,NONE,"E8VMEPEJ","Playing with fire",59,4,,true
29,49,0,NONE,"ICswZJom","Suicide mission",66,5,,false
29,49,0,NONE,"6geDlzXa","Suicide mission",85,6,,false
29,49,0,NONE,"4crt9lBy","Gamble",63,6,,false
29,49,0,NONE,"5MkX6yZA","Gamble",77,7,,false
29,49,0,NONE,"cf22sOgh","Suicide mission",80,7,,false
30,0,0,NONE,"2uokemkH","Piece of cake",9,7,,false
30,0,0,NONE,"7YEhaupx","Risky",45,7,,false
30,0,0,NONE,"rD6BRW4M","Suicide mission",73,7,,false
30,0,0,NONE,"3XyMPFf9","Piece of cake",5,7,,false
30,0,0,NONE,"rAg9v23E","Sure thing",23,7,,true
30,0,0,NONE,"CtoQuuWs","Piece of cake",1,7,,false
30,0,0,NONE,"J9pBIbEN","Piece of cake",29,7,,false
30,0,0,NONE,"EcQy5gMS","Walk in the park",3,7,,false
30,0,0,NONE,"2AOdAJnK","Gamble",33,7,,false
30,0,0,NONE,"yiUNvCCo","Sure thing",60,7,,false
30,1,0,NONE,"2uokemkH","Piece of cake",9,6,,false
30,1,0,NONE,"7YEhaupx","Risky",45,6,,false
30,1,0,NONE,"rD6BRW4M","Suicide mission",73,6,,false
30,1,0,NONE,"3XyMPFf9","Piece of cake",5,6,,false
30,1,0,NONE,"CtoQuuWs","Piece of cake",1,6,,false
30,1,0,NONE,"J9pBIbEN","Piece of cake",29,6,,false
30,1,0,NONE,"EcQy5gMS","Walk in the park",3,6,,false
30,1,0,NONE,"2AOdAJnK","Gamble",33,6,,false
30,1,0,NONE,"yiUNvCCo","Sure thing",60,6,,true
30,1,0,NONE,"HapKP1pT","Piece of cake",4,7,,false
30,2,0,NONE,"2uokemkH","Piece of cake",9,5,,true
30,2,0,NONE,"7YEhaupx","Risky",45,5,,false
30,2,0,NONE,"rD6BRW4M","Suicide mission",73,5,,false
30,2,0,NONE,"3XyMPFf9","Piece of cake",5,5,,false
30,2,0,NONE,"CtoQuuWs","Piece of cake",1,5,,false
30,2,0,NONE,"J9pBIbEN","Piece of cake",29,5,,false
30,2,0,NONE,"EcQy5gMS","Walk in the park",3,5,,false
30,2,0,NONE,"2AOdAJnK","Gamble",33,5,,false
30,2,0,NONE,"HapKP1pT","Piece of cake",4,6,,false
30,2,0,NONE,"iXzeuLr9","Playing with fire",33,7,,false
30,3,0,NONE,"7YEhaupx","Risky",45,4,,false
30,3,0,NONE,"rD6BRW4M","Suicide mission",73,4,,false
30,3,0,NONE,"3XyMPFf9","Piece of cake",5,4,,true
30,3,0,NONE,"CtoQuuWs","Piece of cake",1,4,,false
30,3,0,NONE,"J9pBIbEN","Piece of cake",29,4,,false
30,3,0,NONE,"EcQy5gMS","Walk in the park",3,4,,false
30,3,0,NONE,"2AOdAJnK","Gamble",33,4,,false
30,3,0,NONE,"HapKP1pT","Piece of cake",4,5,,false
30,3,0,NONE,"iXzeuLr9","Playing with fire",33,6,,false
30,3,0,NONE,"ljRhpodV","Piece of cake",7,7,,false
30,4,0,NONE,"7YEhaupx","Risky",45,3,,false
30,4,0,NONE,"rD6BRW4M","Suicide mission",73,3,,false
30,4,0,NONE,"CtoQuuWs","Piece of cake",1,3,,false
30,4,0,NONE,"J9pBIbEN","Piece of cake",29,3,,false
30,4,0,NONE,"EcQy5gMS","Walk in the park",3,3,,false
30,4,0,NONE,"2AOdAJnK","Gamble",33,3,,false
30,4,0,NONE,"HapKP1pT","Piece of cake",4,4,,false
30,4,0,NONE,"iXzeuLr9","Playing with fire",33,5,,false
30,4,0,NONE,"ljRhpodV","Piece of cake",7,6,,false
30,4,0,NONE,"9Ip9039t","Piece of cake",9,7,,true
30,5,0,NONE,"7YEhaupx","Risky",45,2,,false
30,5,0,NONE,"rD6BRW4M","Suicide mission",73,2,,false
30,5,0,NONE,"CtoQuuWs","Piece of cake",1,2,,false
30,5,0,NONE,"J9pBIbEN","Piece of cake",29,2,,false
30,5,0,NONE,"EcQy5gMS","Walk in the park",3,2,,false
30,5,0,NONE,"2AOdAJnK","Gamble",33,2,,false
30,5,0,NONE,"HapKP1pT","Piece of cake",4,3,,false
30,5,0,NONE,"iXzeuLr9","Playing with fire",33,4,,false
30,5,0,NONE,"ljRhpodV","Piece of cake",7,5,,false
30,5,0,NONE,"dRPgDUUA","Sure thing",17,7,,true
30,6,0,NONE,"7YEhaupx","Risky",45,1,,false
30,6,0,NONE,"rD6BRW4M","Suicide mission",73,1,,false
30,6,0,NONE,"CtoQuuWs","Piece of cake",1,1,,false
30,6,0,NONE,"J9pBIbEN","Piece of cake",29,1,,false
30,6,0,NONE,"EcQy5gMS","Walk in the park",3,1,,false
30,6,0,NONE,"2AOdAJnK","Gamble",33,1,,true
30,6,0,NONE,"HapKP1pT","Piece of cake",4,2,,false
30,6,0,NONE,"iXzeuLr9","Playing with fire",33,3,,false
30,6,0,NONE,"ljRhpodV","Piece of cake",7,4,,false
30,6,0,NONE,"zUxbXTzB","Gamble",57,7,,false
30,7,0,NONE,"HapKP1pT","Piece of cake",4,1,,false
30,7,0,NONE,"iXzeuLr9","Playing with fire",33,2,,false
30,7,0,NONE,"ljRhpodV","Piece of cake",7,3,,false
30,7,0,NONE,"zUxbXTzB","Gamble",57,6,,false
30,7,0,NONE,"M2yg0yFj","Gamble",20,7,,false
30,7,0,NONE,"lybnbtz0","Hmmm....",23,7,,false
30,7,0,NONE,"GB0R6IJx","Piece of cake",65,7,,true
30,7,0,NONE,"DqGJj4vh","Gamble",21,7,,false
30,7,0,NONE,"Utm8NQRP","Quite likely",69,7,,false
30,7,0,NONE,"ylIExn2k","Hmmm....",16,7,,false
30,8,0,NONE,"iXzeuLr9","Playing with fire",33,1,,false
30,8,0,NONE,"ljRhpodV","Piece of cake",7,2,,false
30,8,0,NONE,"zUxbXTzB","Gamble",57,5,,false
30,8,0,NONE,"M2yg0yFj","Gamble",20,6,,false
30,8,0,NONE,"lybnbtz0","Hmmm....",23,6,,false
30,8,0,NONE,"DqGJj4vh","Gamble",21,6,,false
30,8,0,NONE,"Utm8NQRP","Quite likely",69,6,,false
30,8,0,NONE,"ylIExn2k","Hmmm....",16,6,,false
30,8,0,NONE,"xnqvEkm2","Sure thing",27,7,,true
30,8,0,NONE,"QUiz0rNs","Quite likely",17,7,,false
30,9,0,NONE,"ljRhpodV","Piece of cake",7,1,,false
30,9,0,NONE,"zUxbXTzB","Gamble",57,4,,false
30,9,0,NONE,"M2yg0yFj","Gamble",20,5,,false
30,9,0,NONE,"lybnbtz0","Hmmm....",23,5,,false
30,9,0,NONE,"DqGJj4vh","Gamble",21,5,,false
30,9,0,NONE,"Utm8NQRP","Quite likely",69,5,,false
30,9,0,NONE,"ylIExn2k","Hmmm....",16,5,,false
30,9,0,NONE,"QUiz0rNs","Quite likely",17,6,,false
30,9,0,NONE,"zRR5gvDn","Gamble",39,7,,false
30,9,0,NONE,"3SXxAhok","Piece of cake",78,7,,true
30,10,0,NONE,"zUxbXTzB","Gamble",57,3,,false
30,10,0,NONE,"M2yg0yFj","Gamble",20,4,,false
30,10,0,NONE,"lybnbtz0","Hmmm....",23,4,,false
30,10,0,NONE,"DqGJj4vh","Gamble",21,4,,false
30,10,0,NONE,"Utm8NQRP","Quite likely",69,4,,false
30,10,0,NONE,"ylIExn2k","Hmmm....",16,4,,false
30,10,0,NONE,"QUiz0rNs","Quite likely",17,5,,false
30,10,0,NONE,"zRR5gvDn","Gamble",39,6,,false
30,10,0,NONE,"anA86Upp","Rather detrimental",35,7,,false
30,10,0,NONE,"9xIBhMZ7","Piece of cake",44,7,,true
30,11,0,NONE,"zUxbXTzB","Gamble",57,2,,false
30,11,0,NONE,"M2yg0yFj","Gamble",20,3,,false
30,11,0,NONE,"lybnbtz0","Hmmm....",23,3,,false
30,11,0,NONE,"DqGJj4vh","Gamble",21,3,,false
30,11,0,NONE,"Utm8NQRP","Quite likely",69,3,,false
30,11,0,NONE,"ylIExn2k","Hmmm....",16,3,,false
30,11,0,NONE,"QUiz0rNs","Quite likely",17,4,,true
30,11,0,NONE,"zRR5gvDn","Gamble",39,5,,false
30,11,0,NONE,"anA86Upp","Rather detrimental",35,6,,false
30,11,0,NONE,"K6ZO9VcR","Hmmm....",18,7,,false
30,12,0,NONE,"zUxbXTzB","Gamble",57,1,,true
30,12,0,NONE,"M2yg0yFj","Gamble",20,2,,false
30,12,0,NONE,"lybnbtz0","Hmmm....",23,2,,false
30,12,0,NONE,"DqGJj4vh","Gamble",21,2,,false
30,12,0,NONE,"Utm8NQRP","Quite likely",69,2,,false
30,12,0,NONE,"ylIExn2k","Hmmm....",16,2,,false
30,12,0,NONE,"zRR5gvDn","Gamble",39,4,,false
30,12,0,NONE,"anA86Upp","Rather detrimental",35,5,,false
30,12,0,NONE,"K6ZO9VcR","Hmmm....",18,6,,false
30,12,0,NONE,"I8jZUmdL","Playing with fire",38,7,,false
30,13,0,NONE,"M2yg0yFj","Gamble",20,1,,false
30,13,0,NONE,"lybnbtz0","Hmmm....",23,1,,false
30,13,0,NONE,"DqGJj4vh","Gamble",21,1,,false
30,13,0,NONE,"Utm8NQRP","Quite likely",69,1,,false
30,13,0,NONE,"ylIExn2k","Hmmm....",16,1,,false
30,13,0,NONE,"zRR5gvDn","Gamble",39,3,,true
30,13,0,NONE,"anA86Upp","Rather detrimental",35,4,,false
30,13,0,NONE,"K6ZO9VcR","Hmmm....",18,5,,false
30,13,0,NONE,"I8jZUmdL","Playing with fire",38,6,,false
30,13,0,NONE,"SZWojjJS","Piece of cake",36,7,,false
30,14,0,NONE,"anA86Upp","Rather detrimental",35,3,,false
30,14,0,NONE,"K6ZO9VcR","Hmmm....",18,4,,false
30,14,0,NONE,"I8jZUmdL","Playing with fire",38,5,,false
30,14,0,NONE,"SZWojjJS","Piece of cake",36,6,,false
30,14,0,NONE,"RF7znjf8","Piece of cake",62,7,,false
30,14,0,NONE,"5LKCYbDn","Rather detrimental",66,7,,false
30,14,0,NONE,"SYbg1YXr","Piece of cake",17,7,,false
30,14,0,NONE,"R4XeSr2J","Piece of cake",68,7,,true
30,14,0,NONE,"piKB3z4D","Gamble",31,7,,false
30,14,0,NONE,"Rxdf3lGz","Piece of cake",20,7,,false
30,15,0,NONE,"anA86Upp","Rather detrimental",35,2,,false
30,15,0,NONE,"K6ZO9VcR","Hmmm....",18,3,,false
30,15,0,NONE,"I8jZUmdL","Playing with fire",38,4,,false
30,15,0,NONE,"SZWojjJS","Piece of cake",36,5,,false
30,15,0,NONE,"RF7znjf8","Piece of cake",62,6,,true
30,15,0,NONE,"5LKCYbDn","Rather detrimental",66,6,,false
30,15,0,NONE,"SYbg1YXr","Piece of cake",17,6,,false
30,15,0,NONE,"piKB3z4D","Gamble",31,6,,false
30,15,0,NONE,"Rxdf3lGz","Piece of cake",20,6,,false
30,15,0,NONE,"NO4zS80f","Rather detrimental",35,7,,false
30,16,0,NONE,"anA86Upp","Rather detrimental",35,1,,true
30,16,0,NONE,"K6ZO9VcR","Hmmm....",18,2,,false
30,16,0,NONE,"I8jZUmdL","Playing with fire",38,3,,false
30,16,0,NONE,"SZWojjJS","Piece of cake",36,4,,false
30,16,0,NONE,"5LKCYbDn","Rather detrimental",66,5,,false
30,16,0,NONE,"SYbg1YXr","Piece of cake",17,5,,false
30,16,0,NONE,"piKB3z4D","Gamble",31,5,,false
30,16,0,NONE,"Rxdf3lGz","Piece of cake",20,5,,false
30,16,0,NONE,"NO4zS80f","Rather detrimental",35,6,,false
30,16,0,NONE,"kye5Twxz","Walk in the park",37,7,,false
30,17,0,NONE,"K6ZO9VcR","Hmmm....",18,1,,false
30,17,0,NONE,"I8jZUmdL","Playing with fire",38,2,,false
30,17,0,NONE,"SZWojjJS","Piece of cake",36,3,,false
30,17,0,NONE,"5LKCYbDn","Rather detrimental",66,4,,false
30,17,0,NONE,"SYbg1YXr","Piece of cake",17,4,,false
30,17,0,NONE,"piKB3z4D","Gamble",31,4,,false
30,17,0,NONE,"Rxdf3lGz","Piece of cake",20,4,,true
30,17,0,NONE,"NO4zS80f","Rather detrimental",35,5,,false
30,17,0,NONE,"kye5Twxz","Walk in the park",37,6,,false
30,17,0,NONE,"oSJXEONI","Quite likely",125,3,1,false
30,18,0,NONE,"I8jZUmdL","Playing with fire",38,1,,false
30,18,0,NONE,"SZWojjJS","Piece of cake",36,2,,false
30,18,0,NONE,"5LKCYbDn","Rather detrimental",66,3,,false
30,18,0,NONE,"SYbg1YXr","Piece of cake",17,3,,true
30,18,0,NONE,"piKB3z4D","Gamble",31,3,,false
30,18,0,NONE,"NO4zS80f","Rather detrimental",35,4,,false
30,18,0,NONE,"kye5Twxz","Walk in the park",37,5,,false
30,18,0,NONE,"oSJXEONI","Quite likely",125,2,1,false
30,18,0,NONE,"Ppcr4lsP","Quite likely",39,7,,false
30,18,0,NONE,"KhAn7j8w","Suicide mission",42,7,,false
30,19,0,NONE,"SZWojjJS","Piece of cake",36,1,,false
30,19,0,NONE,"5LKCYbDn","Rather detrimental",66,2,,false
30,19,0,NONE,"piKB3z4D","Gamble",31,2,,false
30,19,0,NONE,"NO4zS80f","Rather detrimental",35,3,,false
30,19,0,NONE,"kye5Twxz","Walk in the park",37,4,,false
30,19,0,NONE,"oSJXEONI","Quite likely",125,1,1,true
30,19,0,NONE,"Ppcr4lsP","Quite likely",39,6,,false
30,19,0,NONE,"KhAn7j8w","Suicide mission",42,6,,false
30,19,0,NONE,"1qlpL0Dj","Quite likely",28,7,,false
30,19,0,NONE,"X4L3kdzw","Sure thing",65,7,,false
30,21,0,NONE,"NO4zS80f","Rather detrimental",35,1,,false
30,21,0,NONE,"kye5Twxz","Walk in the park",37,2,,false
30,21,0,NONE,"Ppcr4lsP","Quite likely",39,4,,false
30,21,0,NONE,"KhAn7j8w","Suicide mission",42,4,,false
30,21,0,NONE,"1qlpL0Dj","Quite likely",28,5,,false
30,21,0,NONE,"X4L3kdzw","Sure thing",65,5,,true
30,21,0,NONE,"kvp0j4jc","Risky",122,1,1,false
30,21,0,NONE,"XmpLkT3n","Piece of cake",85,6,,false
30,21,0,NONE,"IKuCDEYC","Suicide mission",141,2,1,false
30,21,0,NONE,"QppoDhfl","Suicide mission",127,2,1,false
30,22,0,NONE,"kye5Twxz","Walk in the park",37,1,,false
30,22,0,NONE,"Ppcr4lsP","Quite likely",39,3,,false
30,22,0,NONE,"KhAn7j8w","Suicide mission",42,3,,false
30,22,0,NONE,"1qlpL0Dj","Quite likely",28,4,,false
30,22,0,NONE,"XmpLkT3n","Piece of cake",85,5,,false
30,22,0,NONE,"IKuCDEYC","Suicide mission",141,1,1,true
30,22,0,NONE,"QppoDhfl","Suicide mission",127,1,1,false
30,22,0,NONE,"Hy01RcxT","Walk in the park",105,7,,false
30,22,0,NONE,"YQihVDGn","Playing with fire",140,3,1,false
30,22,0,NONE,"sZ63sThV","Quite likely",93,7,,false
30,24,0,NONE,"Ppcr4lsP","Quite likely",39,1,,true
30,24,0,NONE,"KhAn7j8w","Suicide mission",42,1,,false
30,24,0,NONE,"1qlpL0Dj","Quite likely",28,2,,false
30,24,0,NONE,"XmpLkT3n","Piece of cake",85,3,,false
30,24,0,NONE,"Hy01RcxT","Walk in the park",105,5,,false
30,24,0,NONE,"YQihVDGn","Playing with fire",140,1,1,false
30,24,0,NONE,"sZ63sThV","Quite likely",93,5,,false
30,24,0,NONE,"iqU4HuKd","Walk in the park",63,6,,false
30,24,0,NONE,"DPeIvSzj","Piece of cake",144,6,,false
30,24,0,NONE,"BFIT519r","Quite likely",63,6,,false
30,26,0,NONE,"XmpLkT3n","Piece of cake",85,1,,false
30,26,0,NONE,"Hy01RcxT","Walk in the park",105,3,,false
30,26,0,NONE,"sZ63sThV","Quite likely",93,3,,false
30,26,0,NONE,"iqU4HuKd","Walk in the park",63,4,,false
30,26,0,NONE,"DPeIvSzj","Piece of cake",144,4,,true
30,26,0,NONE,"BFIT519r","Quite likely",63,4,,false
30,26,0,NONE,"uyJ8Oi1y","Suicide mission",154,2,1,false
30,26,0,NONE,"le7ysgK3","Gamble",134,1,1,false
30,26,0,NONE,"pVN9lv4w","Quite likely",157,1,1,false
30,26,0,NONE,"vUFsrUFs","Suicide mission",136,2,2,false
30,28,0,NONE,"Hy01RcxT","Walk in the park",105,1,,false
30,28,0,NONE,"sZ63sThV","Quite likely",93,1,,false
30,28,0,NONE,"iqU4HuKd","Walk in the park",63,2,,false
30,28,0,NONE,"BFIT519r","Quite likely",63,2,,false
30,28,0,NONE,"nBENUB22","Sure thing",182,6,,false
30,28,0,NONE,"XsAQ3Kz0","Sure thing",152,6,,true
30,28,0,NONE,"LA6Tb3zN","Risky",118,1,1,false
30,28,0,NONE,"Ld6YOJHD","Hmmm....",117,6,,false
30,28,0,NONE,"Lu3J2Kxh","Playing with fire",162,3,1,false
30,28,0,NONE,"oTEHSs4E","Rather detrimental",150,2,1,false
30,30,0,NONE,"nBENUB22","Sure thing",182,4,,false
30,30,0,NONE,"Ld6YOJHD","Hmmm....",117,4,,false
30,30,0,NONE,"Lu3J2Kxh","Playing with fire",162,1,1,false
30,30,0,NONE,"AmWEww2p","Suicide mission",139,1,1,false
30,30,0,NONE,"xqOuJPFh","Gamble",137,2,1,false
30,30,0,NONE,"5EHZkYpa","Sure thing",180,6,,true
30,30,0,NONE,"O9rkWOyz","Suicide mission",155,2,1,false
30,30,0,NONE,"lNys8xmn","Walk in the park",94,7,,false
30,30,0,NONE,"FYTSwC7g","Gamble",87,7,,false
30,30,0,NONE,"09rHprLE","Gamble",129,2,1,false
30,32,0,NONE,"nBENUB22","Sure thing",182,2,,false
30,32,0,NONE,"Ld6YOJHD","Hmmm....",117,2,,false
30,32,0,NONE,"lNys8xmn","Walk in the park",94,5,,false
30,32,0,NONE,"FYTSwC7g","Gamble",87,5,,false
30,32,0,NONE,"tjiOPbmY","Rather detrimental",138,1,1,false
30,32,0,NONE,"YExznBwa","Rather detrimental",114,2,1,false
30,32,0,NONE,"P3FLownr","Gamble",130,1,1,false
30,32,0,NONE,"xzvTQV3Q","Suicide mission",143,2,1,false
30,32,0,NONE,"SSOdrgtr","Rather detrimental",155,3,1,true
30,32,0,NONE,"vMKHCE0i","Sure thing",161,7,,false
30,34,0,NONE,"lNys8xmn","Walk in the park",94,3,,false
30,34,0,NONE,"FYTSwC7g","Gamble",87,3,,false
30,34,0,NONE,"vMKHCE0i","Sure thing",161,5,,false
30,34,0,NONE,"tP4rLC9d","Playing with fire",158,2,1,false
30,34,0,NONE,"6ynSedwt","Risky",69,6,,false
30,34,0,NONE,"Aa0Cr7HO","Rather detrimental",88,6,,false
30,34,0,NONE,"bTY6wh0Y","Sure thing",176,7,,true
30,34,0,NONE,"ofxbKQMV","Sure thing",164,7,,false
30,34,0,NONE,"JExRu2x0","Playing with fire",131,2,1,false
30,34,0,NONE,"eflhIdXo","Suicide mission",130,2,1,false
30,36,0,NONE,"lNys8xmn","Walk in the park",94,1,,false
30,36,0,NONE,"FYTSwC7g","Gamble",87,1,,false
30,36,0,NONE,"vMKHCE0i","Sure thing",161,3,,false
30,36,0,NONE,"6ynSedwt","Risky",69,4,,false
30,36,0,NONE,"Aa0Cr7HO","Rather detrimental",88,4,,false
30,36,0,NONE,"ofxbKQMV","Sure thing",164,5,,false
30,36,0,NONE,"0tisv2az","Hmmm....",60,6,,false
30,36,0,NONE,"z3OLPVSq","Piece of cake",104,7,,false
30,36,0,NONE,"hzIAVgNG","Sure thing",186,7,,true
30,36,0,NONE,"q46wPkUQ","Piece of cake",106,7,,false
30,38,0,NONE,"vMKHCE0i","Sure thing",161,1,,true
30,38,0,NONE,"6ynSedwt","Risky",69,2,,false
30,38,0,NONE,"Aa0Cr7HO","Rather detrimental",88,2,,false
30,38,0,NONE,"ofxbKQMV","Sure thing",164,3,,false
30,38,0,NONE,"0tisv2az","Hmmm....",60,4,,false
30,38,0,NONE,"z3OLPVSq","Piece of cake",104,5,,false
30,38,0,NONE,"q46wPkUQ","Piece of cake",106,5,,false
30,38,0,NONE,"U2oPR8sJ","Piece of cake",166,6,,false
30,38,0,NONE,"ZHNL2sMR","Quite likely",89,6,,false
30,38,0,NONE,"aP1jr4K7","Piece of cake",84,6,,false
30,40,0,NONE,"ofxbKQMV","Sure thing",164,1,,false
30,40,0,NONE,"0tisv2az","Hmmm....",60,2,,false
30,40,0,NONE,"z3OLPVSq","Piece of cake",104,3,,false
30,40,0,NONE,"q46wPkUQ","Piece of cake",106,3,,false
30,40,0,NONE,"U2oPR8sJ","Piece of cake",166,4,,false
30,40,0,NONE,"ZHNL2sMR","Quite likely",89,4,,false
30,40,0,NONE,"aP1jr4K7","Piece of cake",84,4,,false
30,40,0,NONE,"wOuLKk0H","Piece of cake",77,6,,false
30,40,0,NONE,"OS8sB98X","Sure thing",147,7,,true
30,40,0,NONE,"kY70uX0J","Piece of cake",149,7,,false
30,42,0,NONE,"z3OLPVSq","Piece of cake",104,1,,false
30,42,0,NONE,"q46wPkUQ","Piece of cake",106,1,,true
30,42,0,NONE,"U2oPR8sJ","Piece of cake",166,2,,false
30,42,0,NONE,"ZHNL2sMR","Quite likely",89,2,,false
30,42,0,NONE,"aP1jr4K7","Piece of cake",84,2,,false
30,42,0,NONE,"wOuLKk0H","Piece of cake",77,4,,false
30,42,0,NONE,"kY70uX0J","Piece of cake",149,5,,false
30,42,0,NONE,"KpUUAuuB","Sure thing",154,6,,false
30,42,0,NONE,"wKjG8pq4","Risky",74,6,,false
30,42,0,NONE,"l8IhwcWI","Sure thing",184,7,,false
30,43,0,NONE,"U2oPR8sJ","Piece of cake",166,1,,false
30,43,0,NONE,"ZHNL2sMR","Quite likely",89,1,,true
30,43,0,NONE,"aP1jr4K7","Piece of cake",84,1,,false
30,43,0,NONE,"wOuLKk0H","Piece of cake",77,3,,false
30,43,0,NONE,"kY70uX0J","Piece of cake",149,4,,false
30,43,0,NONE,"KpUUAuuB","Sure thing",154,5,,false
30,43,0,NONE,"wKjG8pq4","Risky",74,5,,false
30,43,0,NONE,"l8IhwcWI","Sure thing",184,6,,false
30,43,0,NONE,"PrPNSqE1","Sure thing",159,7,,false
30,43,0,NONE,"OynIBxWc","Quite likely",91,7,,false
30,44,0,NONE,"wOuLKk0H","Piece of cake",77,2,,false
30,44,0,NONE,"kY70uX0J","Piece of cake",149,3,,false
30,44,0,NONE,"KpUUAuuB","Sure thing",154,4,,true
30,44,0,NONE,"wKjG8pq4","Risky",74,4,,false
30,44,0,NONE,"l8IhwcWI","Sure thing",184,5,,false
30,44,0,NONE,"PrPNSqE1","Sure thing",159,6,,false
30,44,0,NONE,"OynIBxWc","Quite likely",91,6,,false
30,44,0,NONE,"XBxQaeQq","Suicide mission",84,7,,false
30,44,0,NONE,"bOAzOiiA","Gamble",71,7,,false
30,44,0,NONE,"8aEKVP3w","Walk in the park",73,7,,false
30,46,0,NONE,"kY70uX0J","Piece of cake",149,1,,false
30,46,0,NONE,"wKjG8pq4","Risky",74,2,,false
30,46,0,NONE,"l8IhwcWI","Sure thing",184,3,,false
30,46,0,NONE,"PrPNSqE1","Sure thing",159,4,,true
30,46,0,NONE,"OynIBxWc","Quite likely",91,4,,false
30,46,0,NONE,"XBxQaeQq","Suicide mission",84,5,,false
30,46,0,NONE,"bOAzOiiA","Gamble",71,5,,false
30,46,0,NONE,"8aEKVP3w","Walk in the park",73,5,,false
30,46,0,NONE,"eJpyOAdh","Sure thing",170,6,,false
30,46,0,NONE,"bYHU8woY","Playing with fire",87,7,,false
30,48,0,NONE,"l8IhwcWI","Sure thing",184,1,,false
30,48,0,NONE,"OynIBxWc","Quite likely",91,2,,false
30,48,0,NONE,"XBxQaeQq","Suicide mission",84,3,,false
30,48,0,NONE,"bOAzOiiA","Gamble",71,3,,false
30,48,0,NONE,"8aEKVP3w","Walk in the park",73,3,,false
30,48,0,NONE,"eJpyOAdh","Sure thing",170,4,,true
30,48,0,NONE,"bYHU8woY","Playing with fire",87,5,,false
30,48,0,NONE,"sQ0XP0dn","Rather detrimental",68,6,,false
30,48,0,NONE,"NrJBk0VF","Playing with fire",81,6,,false
30,48,0,NONE,"XMqWeoQb","Walk in the park",66,7,,false
31,0,0,NONE,"TiAjBn3t","Rather detrimental",30,7,,false
31,0,0,NONE,"hwcJgzcM","Quite likely",1,7,,false
31,0,0,NONE,"hix2HWKF","Piece of cake",7,7,,false
31,0,0,NONE,"oeHK6CI5","Gamble",33,7,,false
31,0,0,NONE,"q7gTXlZz","Playing with fire",24,7,,false
31,0,0,NONE,"cyriP2H0","Walk in the park",1,7,,false
31,0,0,NONE,"eIi82QkK","Hmmm....",18,7,,false
31,0,0,NONE,"cihcxws5","Risky",39,7,,false
31,0,0,NONE,"0NAEyjFy","Playing with fire",31,7,,false
31,0,0,NONE,"c3T2mUKr","Piece of cake",16,7,,true
31,1,0,NONE,"TiAjBn3t","Rather detrimental",30,6,,false
31,1,0,NONE,"hwcJgzcM","Quite likely",1,6,,false
31,1,0,NONE,"hix2HWKF","Piece of cake",7,6,,false
31,1,0,NONE,"oeHK6CI5","Gamble",33,6,,false
31,1,0,NONE,"q7gTXlZz","Playing with fire",24,6,,false
31,1,0,NONE,"cyriP2H0","Walk in the park",1,6,,false
31,1,0,NONE,"eIi82QkK","Hmmm....",18,6,,false
31,1,0,NONE,"cihcxws5","Risky",39,6,,false
31,1,0,NONE,"0NAEyjFy","Playing with fire",31,6,,false
31,1,0,NONE,"kcLHvTWe","Sure thing",18,7,,true
31,2,0,NONE,"TiAjBn3t","Rather detrimental",30,5,,false
31,2,0,NONE,"hwcJgzcM","Quite likely",1,5,,false
31,2,0,NONE,"hix2HWKF","Piece of cake",7,5,,false
31,2,0,NONE,"oeHK6CI5","Gamble",33,5,,false
31,2,0,NONE,"q7gTXlZz","Playing with fire",24,5,,false
31,2,0,NONE,"cyriP2H0","Walk in the park",1,5,,false
31,2,0,NONE,"eIi82QkK","Hmmm....",18,5,,false
31,2,0,NONE,"cihcxws5","Risky",39,5,,false
31,2,0,NONE,"0NAEyjFy","Playing with fire",31,5,,false
31,2,0,NONE,"R7HgWp1Q","Piece of cake",8,7,,true
31,3,0,NONE,"TiAjBn3t","Rather detrimental",30,4,,false
31,3,0,NONE,"hwcJgzcM","Quite likely",1,4,,false
31,3,0,NONE,"hix2HWKF","Piece of cake",7,4,,true
31,3,0,NONE,"oeHK6CI5","Gamble",33,4,,false
31,3,0,NONE,"q7gTXlZz","Playing with fire",24,4,,false
31,3,0,NONE,"cyriP2H0","Walk in the park",1,4,,false
31,3,0,NONE,"eIi82QkK","Hmmm....",18,4,,false
31,3,0,NONE,"cihcxws5","Risky",39,4,,false
31,3,0,NONE,"0NAEyjFy","Playing with fire",31,4,,false
31,3,0,NONE,"PQHiFtO4","Quite likely",41,7,,false
31,4,0,NONE,"TiAjBn3t","Rather detrimental",30,3,,false
31,4,0,NONE,"hwcJgzcM","Quite likely",1,3,,false
31,4,0,NONE,"oeHK6CI5","Gamble",33,3,,false
31,4,0,NONE,"q7gTXlZz","Playing with fire",24,3,,false
31,4,0,NONE,"cyriP2H0","Walk in the park",1,3,,false
31,4,0,NONE,"eIi82QkK","Hmmm....",18,3,,false
31,4,0,NONE,"cihcxws5","Risky",39,3,,false
31,4,0,NONE,"0NAEyjFy","Playing with fire",31,3,,false
31,4,0,NONE,"PQHiFtO4","Quite likely",41,6,,false
31,4,0,NONE,"HhN5TVvj","Piece of cake",6,7,,true
31,5,0,NONE,"TiAjBn3t","Rather detrimental",30,2,,false
31,5,0,NONE,"hwcJgzcM","Quite likely",1,2,,false
31,5,0,NONE,"oeHK6CI5","Gamble",33,2,,false
31,5,0,NONE,"q7gTXlZz","Playing with fire",24,2,,false
31,5,0,NONE,"cyriP2H0","Walk in the park",1,2,,true
31,5,0,NONE,"eIi82QkK","Hmmm....",18,2,,false
31,5,0,NONE,"cihcxws5","Risky",39,2,,false
31,5,0,NONE,"0NAEyjFy","Playing with fire",31,2,,false
31,5,0,NONE,"PQHiFtO4","Quite likely",41,5,,false
31,5,0,NONE,"zVRz34px","Quite likely",26,7,,false
31,6,0,NONE,"TiAjBn3t","Rather detrimental",30,1,,false
31,6,0,NONE,"hwcJgzcM","Quite likely",1,1,,true
31,6,0,NONE,"oeHK6CI5","Gamble",33,1,,false
31,6,0,NONE,"q7gTXlZz","Playing with fire",24,1,,false
31,6,0,NONE,"eIi82QkK","Hmmm....",18,1,,false
31,6,0,NONE,"cihcxws5","Risky",39,1,,false
31,6,0,NONE,"0NAEyjFy","Playing with fire",31,1,,false
31,6,0,NONE,"PQHiFtO4","Quite likely",41,4,,false
31,6,0,NONE,"zVRz34px","Quite likely",26,6,,false
31,6,0,NONE,"ImmX6Shn","Suicide mission",30,7,,false
31,7,0,NONE,"PQHiFtO4","Quite likely",41,3,,false
31,7,0,NONE,"zVRz34px","Quite likely",26,5,,false
31,7,0,NONE,"ImmX6Shn","Suicide mission",30,6,,false
31,7,0,NONE,"KuObobTA","Quite likely",15,7,,false
31,7,0,NONE,"P1tZgjNc","Walk in the park",40,7,,false
31,7,0,NONE,"GP1dYDuL","Quite likely",48,7,,false
31,7,0,NONE,"2nnP0ElW","Walk in the park",42,7,,true
31,7,0,NONE,"XcVGA9UC","Walk in the park",19,7,,false
31,7,0,NONE,"M1koGVEg","Walk in the park",24,7,,false
31,7,0,NONE,"KF5t2dCy","Walk in the park",70,7,,false
31,8,0,NONE,"PQHiFtO4","Quite likely",41,2,,false
31,8,0,NONE,"zVRz34px","Quite likely",26,4,,false
31,8,0,NONE,"ImmX6Shn","Suicide mission",30,5,,false
31,8,0,NONE,"KuObobTA","Quite likely",15,6,,false
31,8,0,NONE,"P1tZgjNc","Walk in the park",40,6,,false
31,8,0,NONE,"GP1dYDuL","Quite likely",48,6,,false
31,8,0,NONE,"XcVGA9UC","Walk in the park",19,6,,false
31,8,0,NONE,"M1koGVEg","Walk in the park",24,6,,false
31,8,0,NONE,"KF5t2dCy","Walk in the park",70,6,,true
31,8,0,NONE,"rjyaPyK1","Risky",24,7,,false
31,9,0,NONE,"PQHiFtO4","Quite likely",41,1,,true
31,9,0,NONE,"zVRz34px","Quite likely",26,3,,false
31,9,0,NONE,"ImmX6Shn","Suicide mission",30,4,,false
31,9,0,NONE,"KuObobTA","Quite likely",15,5,,false
31,9,0,NONE,"P1tZgjNc","Walk in the park",40,5,,false
31,9,0,NONE,"GP1dYDuL","Quite likely",48,5,,false
31,9,0,NONE,"XcVGA9UC","Walk in the park",19,5,,false
31,9,0,NONE,"M1koGVEg","Walk in the park",24,5,,false
31,9,0,NONE,"rjyaPyK1","Risky",24,6,,false
31,9,0,NONE,"jpzau0VC","Quite likely",51,7,,false
31,11,0,NONE,"zVRz34px","Quite likely",26,1,,true
31,11,0,NONE,"ImmX6Shn","Suicide mission",30,2,,false
31,11,0,NONE,"KuObobTA","Quite likely",15,3,,false
31,11,0,NONE,"P1tZgjNc","Walk in the park",40,3,,false
31,11,0,NONE,"GP1dYDuL","Quite likely",48,3,,false
31,11,0,NONE,"XcVGA9UC","Walk in the park",19,3,,false
31,11,0,NONE,"M1koGVEg","Walk in the park",24,3,,false
31,11,0,NONE,"rjyaPyK1","Risky",24,4,,false
31,11,0,NONE,"jpzau0VC","Quite likely",51,5,,false
31,11,0,NONE,"GbaZNt25","Rather detrimental",36,6,,false
31,12,0,NONE,"ImmX6Shn","Suicide mission",30,1,,false
31,12,0,NONE,"KuObobTA","Quite likely",15,2,,false
31,12,0,NONE,"P1tZgjNc","Walk in the park",40,2,,false
31,12,0,NONE,"GP1dYDuL","Quite likely",48,2,,false
31,12,0,NONE,"XcVGA9UC","Walk in the park",19,2,,false
31,12,0,NONE,"M1koGVEg","Walk in the park",24,2,,false
31,12,0,NONE,"rjyaPyK1","Risky",24,3,,false
31,12,0,NONE,"jpzau0VC","Quite likely",51,4,,false
31,12,0,NONE,"GbaZNt25","Rather detrimental",36,5,,false
31,12,0,NONE,"W5lMZj8k","Piece of cake",33,7,,true
31,13,0,NONE,"KuObobTA","Quite likely",15,1,,false
31,13,0,NONE,"P1tZgjNc","Walk in the park",40,1,,false
31,13,0,NONE,"GP1dYDuL","Quite likely",48,1,,false
31,13,0,NONE,"XcVGA9UC","Walk in the park",19,1,,false
31,13,0,NONE,"M1koGVEg","Walk in the park",24,1,,false
31,13,0,NONE,"rjyaPyK1","Risky",24,2,,false
31,13,0,NONE,"jpzau0VC","Quite likely",51,3,,true
31,13,0,NONE,"GbaZNt25","Rather detrimental",36,4,,false
31,13,0,NONE,"RHkyVaju","Risky",32,7,,false
31,13,0,NONE,"xTR0m73S","Piece of cake",40,7,,false
31,15,0,NONE,"GbaZNt25","Rather detrimental",36,2,,false
31,15,0,NONE,"RHkyVaju","Risky",32,5,,false
31,15,0,NONE,"xTR0m73S","Piece of cake",40,5,,false
31,15,0,NONE,"EBfHDwlN","Walk in the park",33,6,,false
31,15,0,NONE,"LMYE5zdE","Sure thing",59,6,,true
31,15,0,NONE,"TxaRC2uJ","Walk in the park",12,6,,false
31,15,0,NONE,"V6KIkVLP","Piece of cake",36,6,,false
31,15,0,NONE,"l1iftfOP","Suicide mission",38,6,,false
31,15,0,NONE,"WAIzzoWj","Piece of cake",58,6,,false
31,15,0,NONE,"G6GjGTD6","Walk in the park",45,7,,false
31,16,0,NONE,"GbaZNt25","Rather detrimental",36,1,,false
31,16,0,NONE,"RHkyVaju","Risky",32,4,,false
31,16,0,NONE,"xTR0m73S","Piece of cake",40,4,,false
31,16,0,NONE,"EBfHDwlN","Walk in the park",33,5,,false
31,16,0,NONE,"TxaRC2uJ","Walk in the park",12,5,,false
31,16,0,NONE,"V6KIkVLP","Piece of cake",36,5,,true
31,16,0,NONE,"l1iftfOP","Suicide mission",38,5,,false
31,16,0,NONE,"WAIzzoWj","Piece of cake",58,5,,false
31,16,0,NONE,"G6GjGTD6","Walk in the park",45,6,,false
31,16,0,NONE,"MbR3SibR","Gamble",66,7,,false
31,17,0,NONE,"RHkyVaju","Risky",32,3,,false
31,17,0,NONE,"xTR0m73S","Piece of cake",40,3,,false
31,17,0,NONE,"EBfHDwlN","Walk in the park",33,4,,false
31,17,0,NONE,"TxaRC2uJ","Walk in the park",12,4,,false
31,17,0,NONE,"l1iftfOP","Suicide mission",38,4,,false
31,17,0,NONE,"WAIzzoWj","Piece of cake",58,4,,true
31,17,0,NONE,"G6GjGTD6","Walk in the park",45,5,,false
31,17,0,NONE,"MbR3SibR","Gamble",66,6,,false
31,17,0,NONE,"qjl5dtYJ","Suicide mission",149,3,1,false
31,17,0,NONE,"nXVFEvAe","Suicide mission",118,3,1,false
31,18,0,NONE,"RHkyVaju","Risky",32,2,,false
31,18,0,NONE,"xTR0m73S","Piece of cake",40,2,,false
31,18,0,NONE,"EBfHDwlN","Walk in the park",33,3,,false
31,18,0,NONE,"TxaRC2uJ","Walk in the park",12,3,,false
31,18,0,NONE,"l1iftfOP","Suicide mission",38,3,,false
31,18,0,NONE,"G6GjGTD6","Walk in the park",45,4,,false
31,18,0,NONE,"MbR3SibR","Gamble",66,5,,false
31,18,0,NONE,"qjl5dtYJ","Suicide mission",149,2,1,false
31,18,0,NONE,"nXVFEvAe","Suicide mission",118,2,1,false
31,18,0,NONE,"PtnKlFYq","Piece of cake",56,7,,true
31,19,0,NONE,"RHkyVaju","Risky",32,1,,false
31,19,0,NONE,"xTR0m73S","Piece of cake",40,1,,true
31,19,0,NONE,"EBfHDwlN","Walk in the park",33,2,,false
31,19,0,NONE,"TxaRC2uJ","Walk in the park",12,2,,false
31,19,0,NONE,"l1iftfOP","Suicide mission",38,2,,false
31,19,0,NONE,"G6GjGTD6","Walk in the park",45,3,,false
31,19,0,NONE,"MbR3SibR","Gamble",66,4,,false
31,19,0,NONE,"qjl5dtYJ","Suicide mission",149,1,1,false
31,19,0,NONE,"nXVFEvAe","Suicide mission",118,1,1,false
31,19,0,NONE,"9ygRFwDw","Gamble",66,7,,false
31,20,0,NONE,"EBfHDwlN","Walk in the park",33,1,,false
31,20,0,NONE,"TxaRC2uJ","Walk in the park",12,1,,false
31,20,0,NONE,"l1iftfOP","Suicide mission",38,1,,true
31,20,0,NONE,"G6GjGTD6","Walk in the park",45,2,,false
31,20,0,NONE,"MbR3SibR","Gamble",66,3,,false
31,20,0,NONE,"9ygRFwDw","Gamble",66,6,,false
31,20,0,NONE,"2I8BBcbP","Piece of cake",69,7,,false
31,20,0,NONE,"EsOfxVgm","Rather detrimental",141,2,1,false
31,20,0,NONE,"KnaGoNoZ","Impossible",149,2,1,false
31,20,0,NONE,"HbiYJb2E","Suicide mission",128,3,1,false
31,21,0,NONE,"G6GjGTD6","Walk in the park",45,1,,false
31,21,0,NONE,"MbR3SibR","Gamble",66,2,,false
31,21,0,NONE,"9ygRFwDw","Gamble",66,5,,false
31,21,0,NONE,"2I8BBcbP","Piece of cake",69,6,,true
31,21,0,NONE,"EsOfxVgm","Rather detrimental",141,1,1,false
31,21,0,NONE,"KnaGoNoZ","Impossible",149,1,1,false
31,21,0,NONE,"HbiYJb2E","Suicide mission",128,2,1,false
31,21,0,NONE,"YVTQXERn","Gamble",133,3,1,false
31,21,0,NONE,"zF5AWo2g","Playing with fire",64,7,,false
31,21,0,NONE,"bo2bLGlW","Quite likely",73,7,,false
31,22,0,NONE,"MbR3SibR","Gamble",66,1,,true
31,22,0,NONE,"9ygRFwDw","Gamble",66,4,,false
31,22,0,NONE,"HbiYJb2E","Suicide mission",128,1,1,false
31,22,0,NONE,"YVTQXERn","Gamble",133,2,1,false
31,22,0,NONE,"zF5AWo2g","Playing with fire",64,6,,false
31,22,0,NONE,"bo2bLGlW","Quite likely",73,6,,false
31,22,0,NONE,"zFqOkzUz","Risky",57,7,,false
31,22,0,NONE,"6SyKdgUz","Piece of cake",72,7,,false
31,22,0,NONE,"ZbD8q5Q3","Risky",145,3,1,false
31,22,0,NONE,"5AaPQmSh","Piece of cake",126,7,,false
31,24,0,NONE,"9ygRFwDw","Gamble",66,2,,false
31,24,0,NONE,"zF5AWo2g","Playing with fire",64,4,,false
31,24,0,NONE,"bo2bLGlW","Quite likely",73,4,,false
31,24,0,NONE,"zFqOkzUz","Risky",57,5,,false
31,24,0,NONE,"6SyKdgUz","Piece of cake",72,5,,false
31,24,0,NONE,"ZbD8q5Q3","Risky",145,1,1,true
31,24,0,NONE,"5AaPQmSh","Piece of cake",126,5,,false
31,24,0,NONE,"CMLzaSgn","Playing with fire",147,2,1,false
31,24,0,NONE,"61h4IlKJ","Suicide mission",141,2,1,false
31,24,0,NONE,"RlvDY4Xg","Walk in the park",62,7,,false
31,26,0,NONE,"zF5AWo2g","Playing with fire",64,2,,false
31,26,0,NONE,"bo2bLGlW","Quite likely",73,2,,false
31,26,0,NONE,"zFqOkzUz","Risky",57,3,,false
31,26,0,NONE,"6SyKdgUz","Piece of cake",72,3,,false
31,26,0,NONE,"5AaPQmSh","Piece of cake",126,3,,true
31,26,0,NONE,"RlvDY4Xg","Walk in the park",62,5,,false
31,26,0,NONE,"IdkjJTT3","Piece of cake",101,6,,false
31,26,0,NONE,"0FVXwMPe","Rather detrimental",136,2,1,false
31,26,0,NONE,"R8gZkhoR","Suicide mission",127,3,1,false
31,26,0,NONE,"OSE8P4Ck","Impossible",87,2,2,false
31,27,0,NONE,"zF5AWo2g","Playing with fire",64,1,,false
31,27,0,NONE,"bo2bLGlW","Quite likely",73,1,,false
31,27,0,NONE,"zFqOkzUz","Risky",57,2,,false
31,27,0,NONE,"6SyKdgUz","Piece of cake",72,2,,true
31,27,0,NONE,"RlvDY4Xg","Walk in the park",62,4,,false
31,27,0,NONE,"IdkjJTT3","Piece of cake",101,5,,false
31,27,0,NONE,"0FVXwMPe","Rather detrimental",136,1,1,false
31,27,0,NONE,"R8gZkhoR","Suicide mission",127,2,1,false
31,27,0,NONE,"OSE8P4Ck","Impossible",87,1,2,false
31,27,0,NONE,"Pjzf7ez5","Risky",143,2,1,false
31,29,0,NONE,"RlvDY4Xg","Walk in the park",62,2,,false
31,29,0,NONE,"IdkjJTT3","Piece of cake",101,3,,false
31,29,0,NONE,"gqT0nGgu","Piece of cake",99,6,,false
31,29,0,NONE,"7MBU0c9U","Hmmm....",136,1,1,false
31,29,0,NONE,"WA9VnMEJ","Suicide mission",128,1,1,true
31,29,0,NONE,"KlOeuF1N","Hmmm....",91,6,,false
31,29,0,NONE,"iu5jjxQc","Quite likely",94,6,,false
31,29,0,NONE,"Tpf7A4Nf","Suicide mission",99,3,1,false
31,29,0,NONE,"VXdMSdVq","Walk in the park",92,7,,false
31,29,0,NONE,"uYjTeSJz","Impossible",97,2,2,false
31,31,0,NONE,"IdkjJTT3","Piece of cake",101,1,,true
31,31,0,NONE,"gqT0nGgu","Piece of cake",99,4,,false
31,31,0,NONE,"KlOeuF1N","Hmmm....",91,4,,false
31,31,0,NONE,"iu5jjxQc","Quite likely",94,4,,false
31,31,0,NONE,"Tpf7A4Nf","Suicide mission",99,1,1,false
31,31,0,NONE,"VXdMSdVq","Walk in the park",92,5,,false
31,31,0,NONE,"EqZ7LrYO","Walk in the park",109,6,,false
31,31,0,NONE,"vZP7Rodq","Risky",136,2,1,false
31,31,0,NONE,"zJF2rX5i","Piece of cake",86,7,,false
31,31,0,NONE,"ubjHypxi","Sure thing",110,7,,false
31,32,0,NONE,"gqT0nGgu","Piece of cake",99,3,,false
31,32,0,NONE,"KlOeuF1N","Hmmm....",91,3,,false
31,32,0,NONE,"iu5jjxQc","Quite likely",94,3,,false
31,32,0,NONE,"VXdMSdVq","Walk in the park",92,4,,false
31,32,0,NONE,"EqZ7LrYO","Walk in the park",109,5,,false
31,32,0,NONE,"vZP7Rodq","Risky",136,1,1,false
31,32,0,NONE,"zJF2rX5i","Piece of cake",86,6,,false
31,32,0,NONE,"ubjHypxi","Sure thing",110,6,,false
31,32,0,NONE,"DZuWXaZy","Risky",160,3,1,true
31,32,0,NONE,"qD2gPKhl","Hmmm....",94,7,,false
31,34,0,NONE,"gqT0nGgu","Piece of cake",99,1,,false
31,34,0,NONE,"KlOeuF1N","Hmmm....",91,1,,false
31,34,0,NONE,"iu5jjxQc","Quite likely",94,1,,false
31,34,0,NONE,"VXdMSdVq","Walk in the park",92,2,,false
31,34,0,NONE,"EqZ7LrYO","Walk in the park",109,3,,false
31,34,0,NONE,"zJF2rX5i","Piece of cake",86,4,,false
31,34,0,NONE,"ubjHypxi","Sure thing",110,4,,false
31,34,0,NONE,"qD2gPKhl","Hmmm....",94,5,,true
31,34,0,NONE,"NcEJjRSz","Hmmm....",158,2,1,false
31,34,0,NONE,"c3CSOwyu","Suicide mission",105,2,1,false
31,35,0,NONE,"VXdMSdVq","Walk in the park",92,1,,false
31,35,0,NONE,"EqZ7LrYO","Walk in the park",109,2,,false
31,35,0,NONE,"zJF2rX5i","Piece of cake",86,3,,false
31,35,0,NONE,"ubjHypxi","Sure thing",110,3,,false
31,35,0,NONE,"NcEJjRSz","Hmmm....",158,1,1,false
31,35,0,NONE,"c3CSOwyu","Suicide mission",105,1,1,false
31,35,0,NONE,"Yt67SL2X","Hmmm....",63,7,,false
31,35,0,NONE,"5VWZlTC1","Playing with fire",77,7,,false
31,35,0,NONE,"1HBW5bOd","Hmmm....",81,7,,true
31,35,0,NONE,"h2pYYlEr","Quite likely",101,7,,false
31,36,0,NONE,"EqZ7LrYO","Walk in the park",109,1,,true
31,36,0,NONE,"zJF2rX5i","Piece of cake",86,2,,false
31,36,0,NONE,"ubjHypxi","Sure thing",110,2,,false
31,36,0,NONE,"Yt67SL2X","Hmmm....",63,6,,false
31,36,0,NONE,"5VWZlTC1","Playing with fire",77,6,,false
31,36,0,NONE,"h2pYYlEr","Quite likely",101,6,,false
31,36,0,NONE,"IG7y6N1i","Gamble",87,7,,false
31,36,0,NONE,"SLWBGxXt","Risky",89,7,,false
31,36,0,NONE,"xKgaMEAe","Walk in the park",88,7,,false
31,36,0,NONE,"d0O55pQj","Quite likely",89,7,,false
31,37,0,NONE,"zJF2rX5i","Piece of cake",86,1,,false
31,37,0,NONE,"ubjHypxi","Sure thing",110,1,,true
31,37,0,NONE,"Yt67SL2X","Hmmm....",63,5,,false
31,37,0,NONE,"5VWZlTC1","Playing with fire",77,5,,false
31,37,0,NONE,"h2pYYlEr","Quite likely",101,5,,false
31,37,0,NONE,"IG7y6N1i","Gamble",87,6,,false
31,37,0,NONE,"SLWBGxXt","Risky",89,6,,false
31,37,0,NONE,"xKgaMEAe","Walk in the park",88,6,,false
31,37,0,NONE,"d0O55pQj","Quite likely",89,6,,false
31,37,0,NONE,"XzIJ8F7Q","Sure thing",75,7,,false
31,38,0,NONE,"Yt67SL2X","Hmmm....",63,4,,false
31,38,0,NONE,"5VWZlTC1","Playing with fire",77,4,,false
31,38,0,NONE,"h2pYYlEr","Quite likely",101,4,,false
31,38,0,NONE,"IG7y6N1i","Gamble",87,5,,false
31,38,0,NONE,"SLWBGxXt","Risky",89,5,,false
31,38,0,NONE,"xKgaMEAe","Walk in the park",88,5,,false
31,38,0,NONE,"d0O55pQj","Quite likely",89,5,,false
31,38,0,NONE,"XzIJ8F7Q","Sure thing",75,6,,true
31,38,0,NONE,"pezMwIXa","Playing with fire",86,7,,false
31,38,0,NONE,"MOMQRI2P","Piece of cake",103,7,,false
31,39,0,NONE,"Yt67SL2X","Hmmm....",63,3,,false
31,39,0,NONE,"5VWZlTC1","Playing with fire",77,3,,false
31,39,0,NONE,"h2pYYlEr","Quite likely",101,3,,false
31,39,0,NONE,"IG7y6N1i","Gamble",87,4,,false
31,39,0,NONE,"SLWBGxXt","Risky",89,4,,false
31,39,0,NONE,"xKgaMEAe","Walk in the park",88,4,,false
31,39,0,NONE,"d0O55pQj","Quite likely",89,4,,false
31,39,0,NONE,"pezMwIXa","Playing with fire",86,6,,false
31,39,0,NONE,"MOMQRI2P","Piece of cake",103,6,,true
31,39,0,NONE,"dTR1yy70","Walk in the park",87,7,,false
31,40,0,NONE,"Yt67SL2X","Hmmm....",63,2,,false
31,40,0,NONE,"5VWZlTC1","Playing with fire",77,2,,false
31,40,0,NONE,"h2pYYlEr","Quite likely",101,2,,false
31,40,0,NONE,"IG7y6N1i","Gamble",87,3,,false
31,40,0,NONE,"SLWBGxXt","Risky",89,3,,false
31,40,0,NONE,"xKgaMEAe","Walk in the park",88,3,,false
31,40,0,NONE,"d0O55pQj","Quite likely",89,3,,false
31,40,0,NONE,"pezMwIXa","Playing with fire",86,5,,false
31,40,0,NONE,"dTR1yy70","Walk in the park",87,6,,true
31,40,0,NONE,"ZOb25Q1D","Gamble",77,7,,false
31,41,0,NONE,"Yt67SL2X","Hmmm....",63,1,,false
31,41,0,NONE,"5VWZlTC1","Playing with fire",77,1,,false
31,41,0,NONE,"h2pYYlEr","Quite likely",101,1,,false
31,41,0,NONE,"IG7y6N1i","Gamble",87,2,,false
31,41,0,NONE,"SLWBGxXt","Risky",89,2,,false
31,41,0,NONE,"xKgaMEAe","Walk in the park",88,2,,false
31,41,0,NONE,"d0O55pQj","Quite likely",89,2,,false
31,41,0,NONE,"pezMwIXa","Playing with fire",86,4,,true
31,41,0,NONE,"ZOb25Q1D","Gamble",77,6,,false
31,41,0,NONE,"ghimKv4E","Rather detrimental",76,7,,false
31,42,0,NONE,"IG7y6N1i","Gamble",87,1,,true
31,42,0,NONE,"SLWBGxXt","Risky",89,1,,false
31,42,0,NONE,"xKgaMEAe","Walk in the park",88,1,,false
31,42,0,NONE,"d0O55pQj","Quite likely",89,1,,false
31,42,0,NONE,"ZOb25Q1D","Gamble",77,5,,false
31,42,0,NONE,"ghimKv4E","Rather detrimental",76,6,,false
31,42,0,NONE,"p8hsLIvS","Quite likely",77,7,,false
31,42,0,NONE,"hR9jH15p","Playing with fire",85,7,,false
31,42,0,NONE,"Ii7nvcHC","Playing with fire",91,7,,false
31,42,0,NONE,"TUAeeZic","Suicide mission",77,7,,false
31,43,0,NONE,"ZOb25Q1D","Gamble",77,4,,false
31,43,0,NONE,"ghimKv4E","Rather detrimental",76,5,,false
31,43,0,NONE,"p8hsLIvS","Quite likely",77,6,,true
31,43,0,NONE,"hR9jH15p","Playing with fire",85,6,,false
31,43,0,NONE,"Ii7nvcHC","Playing with fire",91,6,,false
31,43,0,NONE,"TUAeeZic","Suicide mission",77,6,,false
31,43,0,NONE,"AOAQ4lOk","Suicide mission",74,7,,false
31,43,0,NONE,"IMyau3Do","Risky",97,7,,false
31,43,0,NONE,"HgJPvfnW","Playing with fire",84,7,,false
31,43,0,NONE,"T0fJKsrw","Gamble",86,7,,false
31,44,0,NONE,"ZOb25Q1D","Gamble",77,3,,false
31,44,0,NONE,"ghimKv4E","Rather detrimental",76,4,,false
31,44,0,NONE,"hR9jH15p","Playing with fire",85,5,,false
31,44,0,NONE,"Ii7nvcHC","Playing with fire",91,5,,false
31,44,0,NONE,"TUAeeZic","Suicide mission",77,5,,false
31,44,0,NONE,"AOAQ4lOk","Suicide mission",74,6,,false
31,44,0,NONE,"IMyau3Do","Risky",97,6,,false
31,44,0,NONE,"HgJPvfnW","Playing with fire",84,6,,false
31,44,0,NONE,"T0fJKsrw","Gamble",86,6,,false
31,44,0,NONE,"arAxSFFA","Quite likely",67,7,,true
31,45,0,NONE,"ZOb25Q1D","Gamble",77,2,,false
31,45,0,NONE,"ghimKv4E","Rather detrimental",76,3,,false
31,45,0,NONE,"hR9jH15p","Playing with fire",85,4,,false
31,45,0,NONE,"Ii7nvcHC","Playing with fire",91,4,,false
31,45,0,NONE,"TUAeeZic","Suicide mission",77,4,,false
31,45,0,NONE,"AOAQ4lOk","Suicide mission",74,5,,false
31,45,0,NONE,"IMyau3Do","Risky",97,5,,false
31,45,0,NONE,"HgJPvfnW","Playing with fire",84,5,,false
31,45,0,NONE,"T0fJKsrw","Gamble",86,5,,true
31,45,0,NONE,"181J8owO","Suicide mission",71,7,,false
31,47,0,NONE,"ghimKv4E","Rather detrimental",76,1,,false
31,47,0,NONE,"hR9jH15p","Playing with fire",85,2,,false
31,47,0,NONE,"Ii7nvcHC","Playing with fire",91,2,,false
31,47,0,NONE,"TUAeeZic","Suicide mission",77,2,,false
31,47,0,NONE,"AOAQ4lOk","Suicide mission",74,3,,false
31,47,0,NONE,"IMyau3Do","Risky",97,3,,true
31,47,0,NONE,"HgJPvfnW","Playing with fire",84,3,,false
31,47,0,NONE,"181J8owO","Suicide mission",71,5,,false
31,47,0,NONE,"7UR7tCuq","Playing with fire",81,6,,false
31,47,0,NONE,"0C5hLEsT","Suicide mission",74,7,,false
31,48,0,NONE,"hR9jH15p","Playing with fire",85,1,,false
31,48,0,NONE,"Ii7nvcHC","Playing with fire",91,1,,true
31,48,0,NONE,"TUAeeZic","Suicide mission",77,1,,false
31,48,0,NONE,"AOAQ4lOk","Suicide mission",74,2,,false
31,48,0,NONE,"HgJPvfnW","Playing with fire",84,2,,false
31,48,0,NONE,"181J8owO","Suicide mission",71,4,,false
31,48,0,NONE,"7UR7tCuq","Playing with fire",81,5,,false
31,48,0,NONE,"0C5hLEsT","Suicide mission",74,6,,false
31,48,0,NONE,"iFk0zwHE","Suicide mission",76,7,,false
31,48,0,NONE,"GL6p0tpC","Suicide mission",49,7,,false
32,0,0,NONE,"k5dBiknV","Quite likely",30,7,,false
32,0,0,NONE,"zAGOlBmi","Piece of cake",59,7,,false
32,0,0,NONE,"YAHpgKni","Quite likely",2,7,,false
32,0,0,NONE,"4SUksi0c","Piece of cake",70,7,,true
32,0,0,NONE,"3B2c9OLi","Hmmm....",30,7,,false
32,0,0,NONE,"Q5yPyU6H","Piece of cake",12,7,,false
32,0,0,NONE,"PuWzfArX","Piece of cake",25,7,,false
32,0,0,NONE,"z1yvh61d","Piece of cake",4,7,,false
32,0,0,NONE,"KwEevSFq","Walk in the park",59,7,,false
32,0,0,NONE,"h3dsKsQq","Quite likely",30,7,,false
32,1,0,NONE,"k5dBiknV","Quite likely",30,6,,false
32,1,0,NONE,"zAGOlBmi","Piece of cake",59,6,,false
32,1,0,NONE,"YAHpgKni","Quite likely",2,6,,false
32,1,0,NONE,"3B2c9OLi","Hmmm....",30,6,,false
32,1,0,NONE,"Q5yPyU6H","Piece of cake",12,6,,false
32,1,0,NONE,"PuWzfArX","Piece of cake",25,6,,false
32,1,0,NONE,"z1yvh61d","Piece of cake",4,6,,false
32,1,0,NONE,"KwEevSFq","Walk in the park",59,6,,false
32,1,0,NONE,"h3dsKsQq","Quite likely",30,6,,false
32,1,0,NONE,"6rTeQ5NH","Sure thing",2,7,,true
32,2,0,NONE,"k5dBiknV","Quite likely",30,5,,false
32,2,0,NONE,"zAGOlBmi","Piece of cake",59,5,,false
32,2,0,NONE,"YAHpgKni","Quite likely",2,5,,false
32,2,0,NONE,"3B2c9OLi","Hmmm....",30,5,,false
32,2,0,NONE,"Q5yPyU6H","Piece of cake",12,5,,false
32,2,0,NONE,"PuWzfArX","Piece of cake",25,5,,true
32,2,0,NONE,"z1yvh61d","Piece of cake",4,5,,false
32,2,0,NONE,"KwEevSFq","Walk in the park",59,5,,false
32,2,0,NONE,"h3dsKsQq","Quite likely",30,5,,false
32,2,0,NONE,"vnSFEQKS","Piece of cake",60,7,,false
32,3,0,NONE,"k5dBiknV","Quite likely",30,4,,false
32,3,0,NONE,"zAGOlBmi","Piece of cake",59,4,,false
32,3,0,NONE,"YAHpgKni","Quite likely",2,4,,false
32,3,0,NONE,"3B2c9OLi","Hmmm....",30,4,,false
32,3,0,NONE,"Q5yPyU6H","Piece of cake",12,4,,false
32,3,0,NONE,"z1yvh61d","Piece of cake",4,4,,false
32,3,0,NONE,"KwEevSFq","Walk in the park",59,4,,false
32,3,0,NONE,"h3dsKsQq","Quite likely",30,4,,false
32,3,0,NONE,"vnSFEQKS","Piece of cake",60,6,,false
32,3,0,NONE,"S7DacYc4","Sure thing",86,7,,true
32,4,0,NONE,"k5dBiknV","Quite likely",30,3,,false
32,4,0,NONE,"zAGOlBmi","Piece of cake",59,3,,false
32,4,0,NONE,"YAHpgKni","Quite likely",2,3,,false
32,4,0,NONE,"3B2c9OLi","Hmmm....",30,3,,false
32,4,0,NONE,"Q5yPyU6H","Piece of cake",12,3,,true
32,4,0,NONE,"z1yvh61d","Piece of cake",4,3,,false
32,4,0,NONE,"KwEevSFq","Walk in the park",59,3,,false
32,4,0,NONE,"h3dsKsQq","Quite likely",30,3,,false
32,4,0,NONE,"vnSFEQKS","Piece of cake",60,5,,false
32,4,0,NONE,"cnKzDv0Q","Gamble",28,7,,false
32,5,0,NONE,"k5dBiknV","Quite likely",30,2,,false
32,5,0,NONE,"zAGOlBmi","Piece of cake",59,2,,false
32,5,0,NONE,"YAHpgKni","Quite likely",2,2,,false
32,5,0,NONE,"3B2c9OLi","Hmmm....",30,2,,false
32,5,0,NONE,"z1yvh61d","Piece of cake",4,2,,false
32,5,0,NONE,"KwEevSFq","Walk in the park",59,2,,false
32,5,0,NONE,"h3dsKsQq","Quite likely",30,2,,false
32,5,0,NONE,"vnSFEQKS","Piece of cake",60,4,,true
32,5,0,NONE,"cnKzDv0Q","Gamble",28,6,,false
32,5,0,NONE,"hjljdCID","Walk in the park",16,7,,false
32,6,0,NONE,"k5dBiknV","Quite likely",30,1,,false
32,6,0,NONE,"zAGOlBmi","Piece of cake",59,1,,false
32,6,0,NONE,"YAHpgKni","Quite likely",2,1,,false
32,6,0,NONE,"3B2c9OLi","Hmmm....",30,1,,false
32,6,0,NONE,"z1yvh61d","Piece of cake",4,1,,false
32,6,0,NONE,"KwEevSFq","Walk in the park",59,1,,true
32,6,0,NONE,"h3dsKsQq","Quite likely",30,1,,false
32,6,0,NONE,"cnKzDv0Q","Gamble",28,5,,false
32,6,0,NONE,"hjljdCID","Walk in the park",16,6,,false
32,6,0,NONE,"gLQLZ2qo","Gamble",37,7,,false
32,7,0,NONE,"cnKzDv0Q","Gamble",28,4,,false
32,7,0,NONE,"hjljdCID","Walk in the park",16,5,,false
32,7,0,NONE,"gLQLZ2qo","Gamble",37,6,,false
32,7,0,NONE,"XM9oGYT7","Walk in the park",86,7,,false
32,7,0,NONE,"ek7vOUhh","Walk in the park",53,7,,false
32,7,0,NONE,"YiwKNN35","Gamble",55,7,,false
32,7,0,NONE,"IvD8FP9o","Walk in the park",35,7,,false
32,7,0,NONE,"KVeg5vFt","Piece of cake",60,7,,false
32,7,0,NONE,"KItAk0if","Piece of cake",70,7,,false
32,7,0,NONE,"DaU74V24","Piece of cake",55,7,,true
32,8,0,NONE,"cnKzDv0Q","Gamble",28,3,,false
32,8,0,NONE,"hjljdCID","Walk in the park",16,4,,false
32,8,0,NONE,"gLQLZ2qo","Gamble",37,5,,false
32,8,0,NONE,"XM9oGYT7","Walk in the park",86,6,,false
32,8,0,NONE,"ek7vOUhh","Walk in the park",53,6,,false
32,8,0,NONE,"YiwKNN35","Gamble",55,6,,false
32,8,0,NONE,"IvD8FP9o","Walk in the park",35,6,,false
32,8,0,NONE,"KVeg5vFt","Piece of cake",60,6,,false
32,8,0,NONE,"KItAk0if","Piece of cake",70,6,,true
32,8,0,NONE,"tQgq0gaD","Quite likely",37,7,,false
32,9,0,NONE,"cnKzDv0Q","Gamble",28,2,,false
32,9,0,NONE,"hjljdCID","Walk in the park",16,3,,false
32,9,0,NONE,"gLQLZ2qo","Gamble",37,4,,false
32,9,0,NONE,"XM9oGYT7","Walk in the park",86,5,,false
32,9,0,NONE,"ek7vOUhh","Walk in the park",53,5,,false
32,9,0,NONE,"YiwKNN35","Gamble",55,5,,false
32,9,0,NONE,"IvD8FP9o","Walk in the park",35,5,,false
32,9,0,NONE,"KVeg5vFt","Piece of cake",60,5,,true
32,9,0,NONE,"tQgq0gaD","Quite likely",37,6,,false
32,9,0,NONE,"zrVoj4Z2","Walk in the park",18,7,,false
32,10,0,NONE,"cnKzDv0Q","Gamble",28,1,,false
32,10,0,NONE,"hjljdCID","Walk in the park",16,2,,false
32,10,0,NONE,"gLQLZ2qo","Gamble",37,3,,false
32,10,0,NONE,"XM9oGYT7","Walk in the park",86,4,,false
32,10,0,NONE,"ek7vOUhh","Walk in the park",53,4,,false
32,10,0,NONE,"YiwKNN35","Gamble",55,4,,true
32,10,0,NONE,"IvD8FP9o","Walk in the park",35,4,,false
32,10,0,NONE,"tQgq0gaD","Quite likely",37,5,,false
32,10,0,NONE,"zrVoj4Z2","Walk in the park",18,6,,false
32,10,0,NONE,"3F4fYy80","Walk in the park",21,7,,false
32,11,0,NONE,"hjljdCID","Walk in the park",16,1,,true
32,11,0,NONE,"gLQLZ2qo","Gamble",37,2,,false
32,11,0,NONE,"XM9oGYT7","Walk in the park",86,3,,false
32,11,0,NONE,"ek7vOUhh","Walk in the park",53,3,,false
32,11,0,NONE,"IvD8FP9o","Walk in the park",35,3,,false
32,11,0,NONE,"tQgq0gaD","Quite likely",37,4,,false
32,11,0,NONE,"zrVoj4Z2","Walk in the park",18,5,,false
32,11,0,NONE,"3F4fYy80","Walk in the park",21,6,,false
32,11,0,NONE,"8Y85jLog","Gamble",26,7,,false
32,11,0,NONE,"v1CAitZ0","Piece of cake",64,7,,false
32,12,0,NONE,"gLQLZ2qo","Gamble",37,1,,false
32,12,0,NONE,"XM9oGYT7","Walk in the park",86,2,,false
32,12,0,NONE,"ek7vOUhh","Walk in the park",53,2,,false
32,12,0,NONE,"IvD8FP9o","Walk in the park",35,2,,false
32,12,0,NONE,"tQgq0gaD","Quite likely",37,3,,false
32,12,0,NONE,"zrVoj4Z2","Walk in the park",18,4,,false
32,12,0,NONE,"3F4fYy80","Walk in the park",21,5,,false
32,12,0,NONE,"8Y85jLog","Gamble",26,6,,true
32,12,0,NONE,"v1CAitZ0","Piece of cake",64,6,,false
32,12,0,NONE,"Hi2q3IXh","Rather detrimental",57,7,,false
32,13,0,NONE,"XM9oGYT7","Walk in the park",86,1,,false
32,13,0,NONE,"ek7vOUhh","Walk in the park",53,1,,false
32,13,0,NONE,"IvD8FP9o","Walk in the park",35,1,,true
32,13,0,NONE,"tQgq0gaD","Quite likely",37,2,,false
32,13,0,NONE,"zrVoj4Z2","Walk in the park",18,3,,false
32,13,0,NONE,"3F4fYy80","Walk in the park",21,4,,false
32,13,0,NONE,"v1CAitZ0","Piece of cake",64,5,,false
32,13,0,NONE,"Hi2q3IXh","Rather detrimental",57,6,,false
32,13,0,NONE,"8ZbaiBN4","Quite likely",42,7,,false
32,13,0,NONE,"tqAV8RfG","Sure thing",28,7,,false
32,14,0,NONE,"tQgq0gaD","Quite likely",37,1,,true
32,14,0,NONE,"zrVoj4Z2","Walk in the park",18,2,,false
32,14,0,NONE,"3F4fYy80","Walk in the park",21,3,,false
32,14,0,NONE,"v1CAitZ0","Piece of cake",64,4,,false
32,14,0,NONE,"Hi2q3IXh","Rather detrimental",57,5,,false
32,14,0,NONE,"8ZbaiBN4","Quite likely",42,6,,false
32,14,0,NONE,"tqAV8RfG","Sure thing",28,6,,false
32,14,0,NONE,"BXJljMQD","Suicide mission",27,7,,false
32,14,0,NONE,"daoXGDfK","Playing with fire",25,7,,false
32,14,0,NONE,"kLMVkvWh","Walk in the park",57,7,,false
32,15,0,NONE,"zrVoj4Z2","Walk in the park",18,1,,false
32,15,0,NONE,"3F4fYy80","Walk in the park",21,2,,false
32,15,0,NONE,"v1CAitZ0","Piece of cake",64,3,,false
32,15,0,NONE,"Hi2q3IXh","Rather detrimental",57,4,,false
32,15,0,NONE,"8ZbaiBN4","Quite likely",42,5,,false
32,15,0,NONE,"tqAV8RfG","Sure thing",28,5,,false
32,15,0,NONE,"BXJljMQD","Suicide mission",27,6,,false
32,15,0,NONE,"daoXGDfK","Playing with fire",25,6,,false
32,15,0,NONE,"kLMVkvWh","Walk in the park",57,6,,true
32,15,0,NONE,"1SuQ7Yxr","Piece of cake",60,7,,false
32,16,0,NONE,"3F4fYy80","Walk in the park",21,1,,false
32,16,0,NONE,"v1CAitZ0","Piece of cake",64,2,,false
32,16,0,NONE,"Hi2q3IXh","Rather detrimental",57,3,,false
32,16,0,NONE,"8ZbaiBN4","Quite likely",42,4,,false
32,16,0,NONE,"tqAV8RfG","Sure thing",28,4,,false
32,16,0,NONE,"BXJljMQD","Suicide mission",27,5,,false
32,16,0,NONE,"daoXGDfK","Playing with fire",25,5,,false
32,16,0,NONE,"1SuQ7Yxr","Piece of cake",60,6,,false
32,16,0,NONE,"9RzqGo9v","Piece of cake",38,7,,false
32,16,0,NONE,"JttorS6i","Walk in the park",76,7,,true
32,17,0,NONE,"v1CAitZ0","Piece of cake",64,1,,true
32,17,0,NONE,"Hi2q3IXh","Rather detrimental",57,2,,false
32,17,0,NONE,"8ZbaiBN4","Quite likely",42,3,,false
32,17,0,NONE,"tqAV8RfG","Sure thing",28,3,,false
32,17,0,NONE,"BXJljMQD","Suicide mission",27,4,,false
32,17,0,NONE,"daoXGDfK","Playing with fire",25,4,,false
32,17,0,NONE,"1SuQ7Yxr","Piece of cake",60,5,,false
32,17,0,NONE,"9RzqGo9v","Piece of cake",38,6,,false
32,17,0,NONE,"de9EEEEa","Quite likely",155,3,1,false
32,17,0,NONE,"zviU5DgL","Suicide mission",128,3,1,false
32,18,0,NONE,"Hi2q3IXh","Rather detrimental",57,1,,false
32,18,0,NONE,"8ZbaiBN4","Quite likely",42,2,,false
32,18,0,NONE,"tqAV8RfG","Sure thing",28,2,,true
32,18,0,NONE,"BXJljMQD","Suicide mission",27,3,,false
32,18,0,NONE,"daoXGDfK","Playing with fire",25,3,,false
32,18,0,NONE,"1SuQ7Yxr","Piece of cake",60,4,,false
32,18,0,NONE,"9RzqGo9v","Piece of cake",38,5,,false
32,18,0,NONE,"de9EEEEa","Quite likely",155,2,1,false
32,18,0,NONE,"zviU5DgL","Suicide mission",128,2,1,false
32,18,0,NONE,"tQVulbev","Playing with fire",135,3,1,false
32,19,0,NONE,"8ZbaiBN4","Quite likely",42,1,,false
32,19,0,NONE,"BXJljMQD","Suicide mission",27,2,,false
32,19,0,NONE,"daoXGDfK","Playing with fire",25,2,,false
32,19,0,NONE,"1SuQ7Yxr","Piece of cake",60,3,,false
32,19,0,NONE,"9RzqGo9v","Piece of cake",38,4,,false
32,19,0,NONE,"de9EEEEa","Quite likely",155,1,1,false
32,19,0,NONE,"zviU5DgL","Suicide mission",128,1,1,false
32,19,0,NONE,"tQVulbev","Playing with fire",135,2,1,false
32,19,0,NONE,"RP254VWc","Sure thing",163,7,,false
32,19,0,NONE,"aZ7r7NiU","Quite likely",57,7,,true
32,20,0,NONE,"BXJljMQD","Suicide mission",27,1,,true
32,20,0,NONE,"daoXGDfK","Playing with fire",25,1,,false
32,20,0,NONE,"1SuQ7Yxr","Piece of cake",60,2,,false
32,20,0,NONE,"9RzqGo9v","Piece of cake",38,3,,false
32,20,0,NONE,"tQVulbev","Playing with fire",135,1,1,false
32,20,0,NONE,"RP254VWc","Sure thing",163,6,,false
32,20,0,NONE,"xOnMwJjE","Suicide mission",155,3,1,false
32,20,0,NONE,"o3NfRFZy","Hmmm....",156,3,1,false
32,20,0,NONE,"tDwD62Hq","Piece of cake",52,7,,false
32,20,0,NONE,"MTilGd98","Suicide mission",146,3,1,false
32,22,0,NONE,"9RzqGo9v","Piece of cake",38,1,,true
32,22,0,NONE,"RP254VWc","Sure thing",163,4,,false
32,22,0,NONE,"xOnMwJjE","Suicide mission",155,1,1,false
32,22,0,NONE,"o3NfRFZy","Hmmm....",156,1,1,false
32,22,0,NONE,"tDwD62Hq","Piece of cake",52,5,,false
32,22,0,NONE,"MTilGd98","Suicide mission",146,1,1,false
32,22,0,NONE,"ilBxS9sh","Piece of cake",63,6,,false
32,22,0,NONE,"8pTNqHpM","Suicide mission",109,1,1,false
32,22,0,NONE,"Ay1AKz6L","Piece of cake",113,6,,false
32,22,0,NONE,"eop41P2q","Sure thing",137,7,,false
32,23,0,NONE,"RP254VWc","Sure thing",163,3,,true
32,23,0,NONE,"tDwD62Hq","Piece of cake",52,4,,false
32,23,0,NONE,"ilBxS9sh","Piece of cake",63,5,,false
32,23,0,NONE,"Ay1AKz6L","Piece of cake",113,5,,false
32,23,0,NONE,"eop41P2q","Sure thing",137,6,,false
32,23,0,NONE,"ym4yG2pt","Hmmm....",54,7,,false
32,23,0,NONE,"LtAW3cSl","Hmmm....",136,2,1,false
32,23,0,NONE,"CvTvfSVB","Piece of cake",68,7,,false
32,23,0,NONE,"XdvWciA9","Hmmm....",161,3,1,false
32,23,0,NONE,"crTK6ixC","Rather detrimental",62,7,,false
32,25,0,NONE,"tDwD62Hq","Piece of cake",52,2,,false
32,25,0,NONE,"ilBxS9sh","Piece of cake",63,3,,false
32,25,0,NONE,"Ay1AKz6L","Piece of cake",113,3,,false
32,25,0,NONE,"eop41P2q","Sure thing",137,4,,false
32,25,0,NONE,"ym4yG2pt","Hmmm....",54,5,,true
32,25,0,NONE,"CvTvfSVB","Piece of cake",68,5,,false
32,25,0,NONE,"XdvWciA9","Hmmm....",161,1,1,false
32,25,0,NONE,"crTK6ixC","Rather detrimental",62,5,,false
32,25,0,NONE,"Jzao0IQQ","Risky",135,1,1,false
32,25,0,NONE,"sMrzuGjR","Walk in the park",91,7,,false
32,27,0,NONE,"ilBxS9sh","Piece of cake",63,1,,false
32,27,0,NONE,"Ay1AKz6L","Piece of cake",113,1,,false
32,27,0,NONE,"eop41P2q","Sure thing",137,2,,false
32,27,0,NONE,"CvTvfSVB","Piece of cake",68,3,,true
32,27,0,NONE,"crTK6ixC","Rather detrimental",62,3,,false
32,27,0,NONE,"sMrzuGjR","Walk in the park",91,5,,false
32,27,0,NONE,"Cb7Qkve2","Quite likely",90,6,,false
32,27,0,NONE,"MjZoyOb2","Gamble",110,2,1,false
32,27,0,NONE,"6Zy2VTyE","Rather detrimental",135,2,1,false
32,27,0,NONE,"Q1HSj6HW","Sure thing",128,7,,false
32,28,0,NONE,"eop41P2q","Sure thing",137,1,,false
32,28,0,NONE,"crTK6ixC","Rather detrimental",62,2,,false
32,28,0,NONE,"sMrzuGjR","Walk in the park",91,4,,false
32,28,0,NONE,"Cb7Qkve2","Quite likely",90,5,,false
32,28,0,NONE,"MjZoyOb2","Gamble",110,1,1,false
32,28,0,NONE,"6Zy2VTyE","Rather detrimental",135,1,1,false
32,28,0,NONE,"Q1HSj6HW","Sure thing",128,6,,true
32,28,0,NONE,"BLOoOOCx","Piece of cake",107,7,,false
32,28,0,NONE,"zrJcRZas","Impossible",118,2,2,false
32,28,0,NONE,"CqG55153","Hmmm....",73,7,,false
32,29,0,NONE,"crTK6ixC","Rather detrimental",62,1,,false
32,29,0,NONE,"sMrzuGjR","Walk in the park",91,3,,false
32,29,0,NONE,"Cb7Qkve2","Quite likely",90,4,,false
32,29,0,NONE,"BLOoOOCx","Piece of cake",107,6,,false
32,29,0,NONE,"zrJcRZas","Impossible",118,1,2,false
32,29,0,NONE,"CqG55153","Hmmm....",73,6,,false
32,29,0,NONE,"PHPJGgBY","Sure thing",180,7,,true
32,29,0,NONE,"jmEwiR9E","Suicide mission",94,2,2,false
32,29,0,NONE,"h0canGiw","Sure thing",164,7,,false
32,29,0,NONE,"UYE1Y53Z","Sure thing",191,7,,false
32,31,0,NONE,"sMrzuGjR","Walk in the park",91,1,,false
32,31,0,NONE,"Cb7Qkve2","Quite likely",90,2,,false
32,31,0,NONE,"BLOoOOCx","Piece of cake",107,4,,false
32,31,0,NONE,"CqG55153","Hmmm....",73,4,,false
32,31,0,NONE,"h0canGiw","Sure thing",164,5,,false
32,31,0,NONE,"UYE1Y53Z","Sure thing",191,5,,false
32,31,0,NONE,"ezhV7PEm","Quite likely",113,6,,false
32,31,0,NONE,"15CjsQkb","Risky",146,2,1,false
32,31,0,NONE,"hfvEmZDe","Hmmm....",145,2,1,false
32,31,0,NONE,"Ln4gjZUs","Sure thing",153,7,,true
32,33,0,NONE,"BLOoOOCx","Piece of cake",107,2,,false
32,33,0,NONE,"CqG55153","Hmmm....",73,2,,false
32,33,0,NONE,"h0canGiw","Sure thing",164,3,,false
32,33,0,NONE,"UYE1Y53Z","Sure thing",191,3,,false
32,33,0,NONE,"ezhV7PEm","Quite likely",113,4,,false
32,33,0,NONE,"tFm2643m","Piece of cake",186,6,,false
32,33,0,NONE,"YyGYQKWy","Gamble",134,1,1,false
32,33,0,NONE,"TkVw3D2A","Sure thing",155,7,,false
32,33,0,NONE,"LbSIIMMf","Hmmm....",134,3,1,false
32,33,0,NONE,"NU9EHU5A","Sure thing",170,7,,true
32,35,0,NONE,"h0canGiw","Sure thing",164,1,,false
32,35,0,NONE,"UYE1Y53Z","Sure thing",191,1,,true
32,35,0,NONE,"ezhV7PEm","Quite likely",113,2,,false
32,35,0,NONE,"tFm2643m","Piece of cake",186,4,,false
32,35,0,NONE,"TkVw3D2A","Sure thing",155,5,,false
32,35,0,NONE,"LbSIIMMf","Hmmm....",134,1,1,false
32,35,0,NONE,"LGFrz01E","Playing with fire",121,2,1,false
32,35,0,NONE,"K0y0Gy45","Quite likely",111,2,1,false
32,35,0,NONE,"dvzVuNPH","Quite likely",114,7,,false
32,35,0,NONE,"bDApd3FC","Walk in the park",115,7,,false
32,37,0,NONE,"tFm2643m","Piece of cake",186,2,,false
32,37,0,NONE,"TkVw3D2A","Sure thing",155,3,,false
32,37,0,NONE,"dvzVuNPH","Quite likely",114,5,,false
32,37,0,NONE,"bDApd3FC","Walk in the park",115,5,,false
32,37,0,NONE,"V0shOOlQ","Sure thing",145,6,,false
32,37,0,NONE,"qodAtaLE","Sure thing",67,6,,false
32,37,0,NONE,"CIu7h5oj","Sure thing",165,6,,true
32,37,0,NONE,"cmES4vaC","Sure thing",172,7,,false
32,37,0,NONE,"Hox0E5g6","Piece of cake",83,7,,false
32,37,0,NONE,"UovcrObv","Piece of cake",146,7,,false
32,39,0,NONE,"TkVw3D2A","Sure thing",155,1,,true
32,39,0,NONE,"dvzVuNPH","Quite likely",114,3,,false
32,39,0,NONE,"bDApd3FC","Walk in the park",115,3,,false
32,39,0,NONE,"V0shOOlQ","Sure thing",145,4,,false
32,39,0,NONE,"qodAtaLE","Sure thing",67,4,,false
32,39,0,NONE,"cmES4vaC","Sure thing",172,5,,false
32,39,0,NONE,"Hox0E5g6","Piece of cake",83,5,,false
32,39,0,NONE,"UovcrObv","Piece of cake",146,5,,false
32,39,0,NONE,"sZjwGZbY","Piece of cake",196,6,,false
32,39,0,NONE,"Pkd98aX5","Sure thing",179,7,,false
32,41,0,NONE,"dvzVuNPH","Quite likely",114,1,,false
32,41,0,NONE,"bDApd3FC","Walk in the park",115,1,,false
32,41,0,NONE,"V0shOOlQ","Sure thing",145,2,,false
32,41,0,NONE,"qodAtaLE","Sure thing",67,2,,false
32,41,0,NONE,"cmES4vaC","Sure thing",172,3,,false
32,41,0,NONE,"Hox0E5g6","Piece of cake",83,3,,false
32,41,0,NONE,"UovcrObv","Piece of cake",146,3,,false
32,41,0,NONE,"sZjwGZbY","Piece of cake",196,4,,false
32,41,0,NONE,"Pkd98aX5","Sure thing",179,5,,true
32,41,0,NONE,"fi4dPDDC","Sure thing",165,6,,false
32,43,0,NONE,"cmES4vaC","Sure thing",172,1,,false
32,43,0,NONE,"Hox0E5g6","Piece of cake",83,1,,false
32,43,0,NONE,"UovcrObv","Piece of cake",146,1,,false
32,43,0,NONE,"sZjwGZbY","Piece of cake",196,2,,false
32,43,0,NONE,"fi4dPDDC","Sure thing",165,4,,false
32,43,0,NONE,"WB5o3FTp","Sure thing",185,6,,false
32,43,0,NONE,"XnAHzyNW","Sure thing",142,6,,false
32,43,0,NONE,"f1pIjrtp","Sure thing",175,6,,false
32,43,0,NONE,"ZVyp22Aj","Playing with fire",95,7,,false
32,43,0,NONE,"CHGID91r","Sure thing",189,7,,true
32,45,0,NONE,"fi4dPDDC","Sure thing",165,2,,false
32,45,0,NONE,"WB5o3FTp","Sure thing",185,4,,false
32,45,0,NONE,"XnAHzyNW","Sure thing",142,4,,false
32,45,0,NONE,"f1pIjrtp","Sure thing",175,4,,false
32,45,0,NONE,"ZVyp22Aj","Playing with fire",95,5,,false
32,45,0,NONE,"PZXBRROK","Piece of cake",148,6,,false
32,45,0,NONE,"aswmzDEH","Sure thing",176,6,,false
32,45,0,NONE,"Bzh30hFt","Hmmm....",86,6,,false
32,45,0,NONE,"v5Ubw0Gm","Piece of cake",176,6,,false
32,45,0,NONE,"MFVXbBOv","Sure thing",164,7,,true
32,47,0,NONE,"WB5o3FTp","Sure thing",185,2,,true
32,47,0,NONE,"XnAHzyNW","Sure thing",142,2,,false
32,47,0,NONE,"f1pIjrtp","Sure thing",175,2,,false
32,47,0,NONE,"ZVyp22Aj","Playing with fire",95,3,,false
32,47,0,NONE,"PZXBRROK","Piece of cake",148,4,,false
32,47,0,NONE,"aswmzDEH","Sure thing",176,4,,false
32,47,0,NONE,"Bzh30hFt","Hmmm....",86,4,,false
32,47,0,NONE,"v5Ubw0Gm","Piece of cake",176,4,,false
32,47,0,NONE,"CvNeAR8k","Hmmm....",98,6,,false
32,47,0,NONE,"xCQcFM75","Sure thing",192,7,,false
32,49,0,NONE,"ZVyp22Aj","Playing with fire",95,1,,false
32,49,0,NONE,"PZXBRROK","Piece of cake",148,2,,false
32,49,0,NONE,"aswmzDEH","Sure thing",176,2,,false
32,49,0,NONE,"Bzh30hFt","Hmmm....",86,2,,false
32,49,0,NONE,"v5Ubw0Gm","Piece of cake",176,2,,false
32,49,0,NONE,"CvNeAR8k","Hmmm....",98,4,,false
32,49,0,NONE,"xCQcFM75","Sure thing",192,5,,false
32,49,0,NONE,"Mtsb4d9U","Piece of cake",176,6,,false
32,49,0,NONE,"IeRwBfB6","Risky",72,7,,false
32,49,0,NONE,"AMqq9DxA","Sure thing",178,7,,true
33,0,0,NONE,"PuOjrGWB","Sure thing",4,7,,false
33,0,0,NONE,"8OyrfpJh","Piece of cake",8,7,,false
33,0,0,NONE,"5XirFhmT","Piece of cake",10,7,,false
33,0,0,NONE,"HlDuETU7","Sure thing",8,7,,true
33,0,0,NONE,"sibYcTmK","Risky",42,7,,false
33,0,0,NONE,"httKzGca","Piece of cake",13,7,,false
33,0,0,NONE,"eaLMMW44","Piece of cake",5,7,,false
33,0,0,NONE,"pssgfKBS","Walk in the park",61,7,,false
33,0,0,NONE,"htoJnkGj","Walk in the park",16,7,,false
33,0,0,NONE,"y3Fjv3z7","Piece of cake",9,7,,false
33,1,0,NONE,"PuOjrGWB","Sure thing",4,6,,true
33,1,0,NONE,"8OyrfpJh","Piece of cake",8,6,,false
33,1,0,NONE,"5XirFhmT","Piece of cake",10,6,,false
33,1,0,NONE,"sibYcTmK","Risky",42,6,,false
33,1,0,NONE,"httKzGca","Piece of cake",13,6,,false
33,1,0,NONE,"eaLMMW44","Piece of cake",5,6,,false
33,1,0,NONE,"pssgfKBS","Walk in the park",61,6,,false
33,1,0,NONE,"htoJnkGj","Walk in the park",16,6,,false
33,1,0,NONE,"y3Fjv3z7","Piece of cake",9,6,,false
33,1,0,NONE,"zexLo837","Piece of cake",13,7,,false
33,2,0,NONE,"8OyrfpJh","Piece of cake",8,5,,false
33,2,0,NONE,"5XirFhmT","Piece of cake",10,5,,false
33,2,0,NONE,"sibYcTmK","Risky",42,5,,false
33,2,0,NONE,"httKzGca","Piece of cake",13,5,,false
33,2,0,NONE,"eaLMMW44","Piece of cake",5,5,,false
33,2,0,NONE,"pssgfKBS","Walk in the park",61,5,,false
33,2,0,NONE,"htoJnkGj","Walk in the park",16,5,,false
33,2,0,NONE,"y3Fjv3z7","Piece of cake",9,5,,false
33,2,0,NONE,"zexLo837","Piece of cake",13,6,,false
33,2,0,NONE,"PZoyJodW","Sure thing",15,7,,true
33,3,0,NONE,"8OyrfpJh","Piece of cake",8,4,,false
33,3,0,NONE,"5XirFhmT","Piece of cake",10,4,,false
33,3,0,NONE,"sibYcTmK","Risky",42,4,,false
33,3,0,NONE,"httKzGca","Piece of cake",13,4,,false
33,3,0,NONE,"eaLMMW44","Piece of cake",5,4,,false
33,3,0,NONE,"pssgfKBS","Walk in the park",61,4,,false
33,3,0,NONE,"htoJnkGj","Walk in the park",16,4,,false
33,3,0,NONE,"y3Fjv3z7","Piece of cake",9,4,,false
33,3,0,NONE,"zexLo837","Piece of cake",13,5,,false
33,3,0,NONE,"ETl00cEE","Sure thing",9,7,,true
33,4,0,NONE,"8OyrfpJh","Piece of cake",8,3,,false
33,4,0,NONE,"5XirFhmT","Piece of cake",10,3,,true
33,4,0,NONE,"sibYcTmK","Risky",42,3,,false
33,4,0,NONE,"httKzGca","Piece of cake",13,3,,false
33,4,0,NONE,"eaLMMW44","Piece of cake",5,3,,false
33,4,0,NONE,"pssgfKBS","Walk in the park",61,3,,false
33,4,0,NONE,"htoJnkGj","Walk in the park",16,3,,false
33,4,0,NONE,"y3Fjv3z7","Piece of cake",9,3,,false
33,4,0,NONE,"zexLo837","Piece of cake",13,4,,false
33,4,0,NONE,"hOmifR8g","Piece of cake",57,7,,false
33,5,0,NONE,"8OyrfpJh","Piece of cake",8,2,,true
33,5,0,NONE,"sibYcTmK","Risky",42,2,,false
33,5,0,NONE,"httKzGca","Piece of cake",13,2,,false
33,5,0,NONE,"eaLMMW44","Piece of cake",5,2,,false
33,5,0,NONE,"pssgfKBS","Walk in the park",61,2,,false
33,5,0,NONE,"htoJnkGj","Walk in the park",16,2,,false
33,5,0,NONE,"y3Fjv3z7","Piece of cake",9,2,,false
33,5,0,NONE,"zexLo837","Piece of cake",13,3,,false
33,5,0,NONE,"hOmifR8g","Piece of cake",57,6,,false
33,5,0,NONE,"E684IhA8","Walk in the park",54,7,,false
33,6,0,NONE,"sibYcTmK","Risky",42,1,,false
33,6,0,NONE,"httKzGca","Piece of cake",13,1,,false
33,6,0,NONE,"eaLMMW44","Piece of cake",5,1,,false
33,6,0,NONE,"pssgfKBS","Walk in the park",61,1,,false
33,6,0,NONE,"htoJnkGj","Walk in the park",16,1,,false
33,6,0,NONE,"y3Fjv3z7","Piece of cake",9,1,,false
33,6,0,NONE,"zexLo837","Piece of cake",13,2,,false
33,6,0,NONE,"hOmifR8g","Piece of cake",57,5,,false
33,6,0,NONE,"E684IhA8","Walk in the park",54,6,,true
33,6,0,NONE,"qiSH1Hv1","Hmmm....",7,7,,false
33,7,0,NONE,"zexLo837","Piece of cake",13,1,,true
33,7,0,NONE,"hOmifR8g","Piece of cake",57,4,,false
33,7,0,NONE,"qiSH1Hv1","Hmmm....",7,6,,false
33,7,0,NONE,"KJBdiMhZ","Risky",21,7,,false
33,7,0,NONE,"o9SnHTpS","Playing with fire",28,7,,false
33,7,0,NONE,"16L7wxbp","Piece of cake",26,7,,false
33,7,0,NONE,"HnIlZmEm","Rather detrimental",36,7,,false
33,7,0,NONE,"S521sbXV","Gamble",20,7,,false
33,7,0,NONE,"gja4XMCy","Sure thing",9,7,,false
33,7,0,NONE,"e9VUFT1x","Gamble",65,7,,false
33,8,0,NONE,"hOmifR8g","Piece of cake",57,3,,false
33,8,0,NONE,"qiSH1Hv1","Hmmm....",7,5,,false
33,8,0,NONE,"KJBdiMhZ","Risky",21,6,,false
33,8,0,NONE,"o9SnHTpS","Playing with fire",28,6,,false
33,8,0,NONE,"16L7wxbp","Piece of cake",26,6,,false
33,8,0,NONE,"HnIlZmEm","Rather detrimental",36,6,,false
33,8,0,NONE,"S521sbXV","Gamble",20,6,,false
33,8,0,NONE,"gja4XMCy","Sure thing",9,6,,true
33,8,0,NONE,"e9VUFT1x","Gamble",65,6,,false
33,8,0,NONE,"cW6mlI8O","Walk in the park",33,7,,false
33,9,0,NONE,"hOmifR8g","Piece of cake",57,2,,false
33,9,0,NONE,"qiSH1Hv1","Hmmm....",7,4,,false
33,9,0,NONE,"KJBdiMhZ","Risky",21,5,,false
33,9,0,NONE,"o9SnHTpS","Playing with fire",28,5,,false
33,9,0,NONE,"16L7wxbp","Piece of cake",26,5,,true
33,9,0,NONE,"HnIlZmEm","Rather detrimental",36,5,,false
33,9,0,NONE,"S521sbXV","Gamble",20,5,,false
33,9,0,NONE,"e9VUFT1x","Gamble",65,5,,false
33,9,0,NONE,"cW6mlI8O","Walk in the park",33,6,,false
33,9,0,NONE,"J8DC864p","Walk in the park",55,7,,false
33,10,0,NONE,"hOmifR8g","Piece of cake",57,1,,true
33,10,0,NONE,"qiSH1Hv1","Hmmm....",7,3,,false
33,10,0,NONE,"KJBdiMhZ","Risky",21,4,,false
33,10,0,NONE,"o9SnHTpS","Playing with fire",28,4,,false
33,10,0,NONE,"HnIlZmEm","Rather detrimental",36,4,,false
33,10,0,NONE,"S521sbXV","Gamble",20,4,,false
33,10,0,NONE,"e9VUFT1x","Gamble",65,4,,false
33,10,0,NONE,"cW6mlI8O","Walk in the park",33,5,,false
33,10,0,NONE,"J8DC864p","Walk in the park",55,6,,false
33,10,0,NONE,"E8lvacp0","Playing with fire",43,7,,false
33,11,0,NONE,"qiSH1Hv1","Hmmm....",7,2,,false
33,11,0,NONE,"KJBdiMhZ","Risky",21,3,,false
33,11,0,NONE,"o9SnHTpS","Playing with fire",28,3,,false
33,11,0,NONE,"HnIlZmEm","Rather detrimental",36,3,,false
33,11,0,NONE,"S521sbXV","Gamble",20,3,,false
33,11,0,NONE,"e9VUFT1x","Gamble",65,3,,false
33,11,0,NONE,"cW6mlI8O","Walk in the park",33,4,,false
33,11,0,NONE,"J8DC864p","Walk in the park",55,5,,true
33,11,0,NONE,"E8lvacp0","Playing with fire",43,6,,false
33,11,0,NONE,"waXGQK8W","Hmmm....",21,7,,false
33,12,0,NONE,"qiSH1Hv1","Hmmm....",7,1,,false
33,12,0,NONE,"KJBdiMhZ","Risky",21,2,,false
33,12,0,NONE,"o9SnHTpS","Playing with fire",28,2,,false
33,12,0,NONE,"HnIlZmEm","Rather detrimental",36,2,,false
33,12,0,NONE,"S521sbXV","Gamble",20,2,,false
33,12,0,NONE,"e9VUFT1x","Gamble",65,2,,false
33,12,0,NONE,"cW6mlI8O","Walk in the park",33,3,,false
33,12,0,NONE,"E8lvacp0","Playing with fire",43,5,,false
33,12,0,NONE,"waXGQK8W","Hmmm....",21,6,,true
33,12,0,NONE,"5uuloHng","Quite likely",71,7,,false
33,13,0,NONE,"KJBdiMhZ","Risky",21,1,,false
33,13,0,NONE,"o9SnHTpS","Playing with fire",28,1,,true
33,13,0,NONE,"HnIlZmEm","Rather detrimental",36,1,,false
33,13,0,NONE,"S521sbXV","Gamble",20,1,,false
33,13,0,NONE,"e9VUFT1x","Gamble",65,1,,false
33,13,0,NONE,"cW6mlI8O","Walk in the park",33,2,,false
33,13,0,NONE,"E8lvacp0","Playing with fire",43,4,,false
33,13,0,NONE,"5uuloHng","Quite likely",71,6,,false
33,13,0,NONE,"ylHBnqTc","Walk in the park",56,7,,false
33,13,0,NONE,"al20ckP8","Quite likely",57,7,,false
33,15,0,NONE,"E8lvacp0","Playing with fire",43,2,,false
33,15,0,NONE,"5uuloHng","Quite likely",71,4,,false
33,15,0,NONE,"ylHBnqTc","Walk in the park",56,5,,false
33,15,0,NONE,"al20ckP8","Quite likely",57,5,,false
33,15,0,NONE,"Zy3m1Btn","Walk in the park",16,6,,false
33,15,0,NONE,"I04Vo7y6","Walk in the park",44,6,,false
33,15,0,NONE,"jLbFuwe1","Piece of cake",29,6,,false
33,15,0,NONE,"Ni939bno","Hmmm....",81,6,,false
33,15,0,NONE,"qMP6f5P6","Piece of cake",29,6,,false
33,15,0,NONE,"674mQdXt","Piece of cake",39,7,,true
33,17,0,NONE,"5uuloHng","Quite likely",71,2,,false
33,17,0,NONE,"ylHBnqTc","Walk in the park",56,3,,false
33,17,0,NONE,"al20ckP8","Quite likely",57,3,,false
33,17,0,NONE,"Zy3m1Btn","Walk in the park",16,4,,false
33,17,0,NONE,"I04Vo7y6","Walk in the park",44,4,,false
33,17,0,NONE,"jLbFuwe1","Piece of cake",29,4,,false
33,17,0,NONE,"Ni939bno","Hmmm....",81,4,,false
33,17,0,NONE,"qMP6f5P6","Piece of cake",29,4,,false
33,17,0,NONE,"vua7nE4R","Quite likely",75,6,,false
33,17,0,NONE,"mRs5A1Fe","Sure thing",31,7,,true
33,18,0,NONE,"5uuloHng","Quite likely",71,1,,false
33,18,0,NONE,"ylHBnqTc","Walk in the park",56,2,,false
33,18,0,NONE,"al20ckP8","Quite likely",57,2,,false
33,18,0,NONE,"Zy3m1Btn","Walk in the park",16,3,,false
33,18,0,NONE,"I04Vo7y6","Walk in the park",44,3,,false
33,18,0,NONE,"jLbFuwe1","Piece of cake",29,3,,false
33,18,0,NONE,"Ni939bno","Hmmm....",81,3,,false
33,18,0,NONE,"qMP6f5P6","Piece of cake",29,3,,false
33,18,0,NONE,"vua7nE4R","Quite likely",75,5,,true
33,18,0,NONE,"h7tmLw8R","Rather detrimental",176,2,1,false
33,19,0,NONE,"ylHBnqTc","Walk in the park",56,1,,false
33,19,0,NONE,"al20ckP8","Quite likely",57,1,,false
33,19,0,NONE,"Zy3m1Btn","Walk in the park",16,2,,false
33,19,0,NONE,"I04Vo7y6","Walk in the park",44,2,,false
33,19,0,NONE,"jLbFuwe1","Piece of cake",29,2,,false
33,19,0,NONE,"Ni939bno","Hmmm....",81,2,,false
33,19,0,NONE,"qMP6f5P6","Piece of cake",29,2,,false
33,19,0,NONE,"h7tmLw8R","Rather detrimental",176,1,1,false
33,19,0,NONE,"wyyHLaSo","Piece of cake",65,7,,false
33,19,0,NONE,"KFPpwoxm","Walk in the park",39,7,,true
33,20,0,NONE,"Zy3m1Btn","Walk in the park",16,1,,false
33,20,0,NONE,"I04Vo7y6","Walk in the park",44,1,,false
33,20,0,NONE,"jLbFuwe1","Piece of cake",29,1,,false
33,20,0,NONE,"Ni939bno","Hmmm....",81,1,,false
33,20,0,NONE,"qMP6f5P6","Piece of cake",29,1,,false
33,20,0,NONE,"wyyHLaSo","Piece of cake",65,6,,true
33,20,0,NONE,"diazl5hi","Playing with fire",143,3,1,false
33,20,0,NONE,"MV4Y2iH4","Suicide mission",128,2,1,false
33,20,0,NONE,"E19jYNE0","Suicide mission",154,3,1,false
33,20,0,NONE,"7n6rCDVv","Suicide mission",153,3,1,false
33,21,0,NONE,"diazl5hi","Playing with fire",143,2,1,false
33,21,0,NONE,"MV4Y2iH4","Suicide mission",128,1,1,true
33,21,0,NONE,"E19jYNE0","Suicide mission",154,2,1,false
33,21,0,NONE,"7n6rCDVv","Suicide mission",153,2,1,false
33,21,0,NONE,"fqDQIZtw","Suicide mission",144,2,1,false
33,21,0,NONE,"m0yccKt3","Gamble",130,3,1,false
33,21,0,NONE,"DsnFveUP","Suicide mission",133,3,1,false
33,21,0,NONE,"4mmD3jOt","Piece of cake",64,7,,false
33,21,0,NONE,"tedGzDEw","Gamble",66,7,,false
33,21,0,NONE,"2JxmtSjA","Quite likely",130,3,1,false
33,23,0,NONE,"m0yccKt3","Gamble",130,1,1,true
33,23,0,NONE,"DsnFveUP","Suicide mission",133,1,1,false
33,23,0,NONE,"4mmD3jOt","Piece of cake",64,5,,false
33,23,0,NONE,"tedGzDEw","Gamble",66,5,,false
33,23,0,NONE,"2JxmtSjA","Quite likely",130,1,1,false
33,23,0,NONE,"ZOlDFLf7","Sure thing",102,6,,false
33,23,0,NONE,"gi4hafM3","Gamble",79,7,,false
33,23,0,NONE,"ahThwl91","Risky",122,3,1,false
33,23,0,NONE,"whfj3u8L","Quite likely",78,7,,false
33,23,0,NONE,"Z1einD3G","Walk in the park",114,7,,false
33,24,0,NONE,"4mmD3jOt","Piece of cake",64,4,,false
33,24,0,NONE,"tedGzDEw","Gamble",66,4,,false
33,24,0,NONE,"ZOlDFLf7","Sure thing",102,5,,true
33,24,0,NONE,"gi4hafM3","Gamble",79,6,,false
33,24,0,NONE,"ahThwl91","Risky",122,2,1,false
33,24,0,NONE,"whfj3u8L","Quite likely",78,6,,false
33,24,0,NONE,"Z1einD3G","Walk in the park",114,6,,false
33,24,0,NONE,"DCZhrtgo","Piece of cake",109,7,,false
33,24,0,NONE,"E6DgLu5z","Piece of cake",102,7,,false
33,24,0,NONE,"Tb4TMGSa","Gamble",126,2,1,false
33,25,0,NONE,"4mmD3jOt","Piece of cake",64,3,,false
33,25,0,NONE,"tedGzDEw","Gamble",66,3,,false
33,25,0,NONE,"gi4hafM3","Gamble",79,5,,false
33,25,0,NONE,"ahThwl91","Risky",122,1,1,false
33,25,0,NONE,"whfj3u8L","Quite likely",78,5,,false
33,25,0,NONE,"Z1einD3G","Walk in the park",114,5,,false
33,25,0,NONE,"DCZhrtgo","Piece of cake",109,6,,false
33,25,0,NONE,"E6DgLu5z","Piece of cake",102,6,,false
33,25,0,NONE,"Tb4TMGSa","Gamble",126,1,1,true
33,25,0,NONE,"oJhkBFXX","Suicide mission",134,3,1,false
33,27,0,NONE,"4mmD3jOt","Piece of cake",64,1,,false
33,27,0,NONE,"tedGzDEw","Gamble",66,1,,false
33,27,0,NONE,"gi4hafM3","Gamble",79,3,,true
33,27,0,NONE,"whfj3u8L","Quite likely",78,3,,false
33,27,0,NONE,"Z1einD3G","Walk in the park",114,3,,false
33,27,0,NONE,"DCZhrtgo","Piece of cake",109,4,,false
33,27,0,NONE,"E6DgLu5z","Piece of cake",102,4,,false
33,27,0,NONE,"oJhkBFXX","Suicide mission",134,1,1,false
33,27,0,NONE,"u23gsm0a","Risky",116,1,1,false
33,27,0,NONE,"wc3nO7JF","Walk in the park",156,2,1,false
33,29,0,NONE,"whfj3u8L","Quite likely",78,1,,false
33,29,0,NONE,"Z1einD3G","Walk in the park",114,1,,false
33,29,0,NONE,"DCZhrtgo","Piece of cake",109,2,,false
33,29,0,NONE,"E6DgLu5z","Piece of cake",102,2,,false
33,29,0,NONE,"5ZvrU9PN","Walk in the park",104,6,,true
33,29,0,NONE,"zb6qIY9W","Suicide mission",124,1,2,false
33,29,0,NONE,"iA18aDH8","Impossible",122,1,2,false
33,29,0,NONE,"TeIPRqhx","Piece of cake",102,6,,false
33,29,0,NONE,"kfAe3LAc","Rather detrimental",161,1,1,false
33,29,0,NONE,"FaVM4Zn3","Impossible",128,2,2,false
33,31,0,NONE,"TeIPRqhx","Piece of cake",102,4,,false
33,31,0,NONE,"1rTuFT1Z","Rather detrimental",138,1,1,false
33,31,0,NONE,"nlpdGPPx","Playing with fire",126,1,1,false
33,31,0,NONE,"ZisUI2Mk","Suicide mission",123,1,1,false
33,31,0,NONE,"1SGhSKLT","Quite likely",101,6,,false
33,31,0,NONE,"dWVIohms","Suicide mission",140,1,1,false
33,31,0,NONE,"OmzeO6LU","Rather detrimental",138,2,1,false
33,31,0,NONE,"O3HMtLKc","Rather detrimental",135,3,1,true
33,31,0,NONE,"WZj1tqjf","Hmmm....",113,3,1,false
33,31,0,NONE,"hZSRYvxG","Rather detrimental",135,3,1,false
33,32,0,NONE,"TeIPRqhx","Piece of cake",102,3,,false
33,32,0,NONE,"1SGhSKLT","Quite likely",101,5,,false
33,32,0,NONE,"OmzeO6LU","Rather detrimental",138,1,1,true
33,32,0,NONE,"WZj1tqjf","Hmmm....",113,2,1,false
33,32,0,NONE,"hZSRYvxG","Rather detrimental",135,2,1,false
33,32,0,NONE,"d3fZxThK","Rather detrimental",124,3,1,false
33,32,0,NONE,"8fwVn5vs","Suicide mission",132,2,1,false
33,32,0,NONE,"FDcFDXss","Gamble",123,3,1,false
33,32,0,NONE,"S3B0OeLD","Playing with fire",136,3,1,false
33,32,0,NONE,"BkmXMPHQ","Playing with fire",139,2,1,false
33,34,0,NONE,"TeIPRqhx","Piece of cake",102,1,,false
33,34,0,NONE,"1SGhSKLT","Quite likely",101,3,,false
33,34,0,NONE,"d3fZxThK","Rather detrimental",124,1,1,false
33,34,0,NONE,"FDcFDXss","Gamble",123,1,1,false
33,34,0,NONE,"S3B0OeLD","Playing with fire",136,1,1,false
33,34,0,NONE,"nTuorGH0","Suicide mission",159,1,1,false
33,34,0,NONE,"CeT6YMIe","Hmmm....",122,3,1,false
33,34,0,NONE,"F5dxlS1h","Suicide mission",147,3,1,false
33,34,0,NONE,"kLlNI5sq","Playing with fire",122,3,1,true
33,34,0,NONE,"zI7Ony96","Risky",86,7,,false
33,36,0,NONE,"1SGhSKLT","Quite likely",101,1,,false
33,36,0,NONE,"CeT6YMIe","Hmmm....",122,1,1,false
33,36,0,NONE,"F5dxlS1h","Suicide mission",147,1,1,false
33,36,0,NONE,"zI7Ony96","Risky",86,5,,false
33,36,0,NONE,"Aaymccuz","Risky",73,6,,false
33,36,0,NONE,"EOHtv3bx","Gamble",127,6,,false
33,36,0,NONE,"Cbh3LgiT","Risky",84,6,,false
33,36,0,NONE,"7k1cuQiu","Walk in the park",99,6,,false
33,36,0,NONE,"qGD6yjng","Walk in the park",102,6,,false
33,36,0,NONE,"x5mae3oN","Piece of cake",97,6,,true
33,37,0,NONE,"zI7Ony96","Risky",86,4,,false
33,37,0,NONE,"Aaymccuz","Risky",73,5,,false
33,37,0,NONE,"EOHtv3bx","Gamble",127,5,,false
33,37,0,NONE,"Cbh3LgiT","Risky",84,5,,false
33,37,0,NONE,"7k1cuQiu","Walk in the park",99,5,,false
33,37,0,NONE,"qGD6yjng","Walk in the park",102,5,,false
33,37,0,NONE,"MsACxbob","Gamble",90,7,,false
33,37,0,NONE,"sm5QLKTT","Rather detrimental",73,7,,false
33,37,0,NONE,"b18KVDd3","Piece of cake",86,7,,true
33,37,0,NONE,"iwd5a5Ps","Hmmm....",98,7,,false
33,38,0,NONE,"zI7Ony96","Risky",86,3,,false
33,38,0,NONE,"Aaymccuz","Risky",73,4,,false
33,38,0,NONE,"EOHtv3bx","Gamble",127,4,,false
33,38,0,NONE,"Cbh3LgiT","Risky",84,4,,false
33,38,0,NONE,"7k1cuQiu","Walk in the park",99,4,,true
33,38,0,NONE,"qGD6yjng","Walk in the park",102,4,,false
33,38,0,NONE,"MsACxbob","Gamble",90,6,,false
33,38,0,NONE,"sm5QLKTT","Rather detrimental",73,6,,false
33,38,0,NONE,"iwd5a5Ps","Hmmm....",98,6,,false
33,38,0,NONE,"vd8zZKnH","Playing with fire",69,7,,false
33,39,0,NONE,"zI7Ony96","Risky",86,2,,false
33,39,0,NONE,"Aaymccuz","Risky",73,3,,false
33,39,0,NONE,"EOHtv3bx","Gamble",127,3,,false
33,39,0,NONE,"Cbh3LgiT","Risky",84,3,,false
33,39,0,NONE,"qGD6yjng","Walk in the park",102,3,,false
33,39,0,NONE,"MsACxbob","Gamble",90,5,,false
33,39,0,NONE,"sm5QLKTT","Rather detrimental",73,5,,false
33,39,0,NONE,"iwd5a5Ps","Hmmm....",98,5,,false
33,39,0,NONE,"vd8zZKnH","Playing with fire",69,6,,false
33,39,0,NONE,"S0k5WOdL","Piece of cake",89,7,,true
33,40,0,NONE,"zI7Ony96","Risky",86,1,,false
33,40,0,NONE,"Aaymccuz","Risky",73,2,,false
33,40,0,NONE,"EOHtv3bx","Gamble",127,2,,false
33,40,0,NONE,"Cbh3LgiT","Risky",84,2,,false
33,40,0,NONE,"qGD6yjng","Walk in the park",102,2,,true
33,40,0,NONE,"MsACxbob","Gamble",90,4,,false
33,40,0,NONE,"sm5QLKTT","Rather detrimental",73,4,,false
33,40,0,NONE,"iwd5a5Ps","Hmmm....",98,4,,false
33,40,0,NONE,"vd8zZKnH","Playing with fire",69,5,,false
33,40,0,NONE,"HxO2Xdwp","Rather detrimental",82,7,,false
33,41,0,NONE,"Aaymccuz","Risky",73,1,,false
33,41,0,NONE,"EOHtv3bx","Gamble",127,1,,false
33,41,0,NONE,"Cbh3LgiT","Risky",84,1,,false
33,41,0,NONE,"MsACxbob","Gamble",90,3,,true
33,41,0,NONE,"sm5QLKTT","Rather detrimental",73,3,,false
33,41,0,NONE,"iwd5a5Ps","Hmmm....",98,3,,false
33,41,0,NONE,"vd8zZKnH","Playing with fire",69,4,,false
33,41,0,NONE,"HxO2Xdwp","Rather detrimental",82,6,,false
33,41,0,NONE,"SBBDAMGG","Suicide mission",90,7,,false
33,41,0,NONE,"a6BlTlYx","Quite likely",105,7,,false
33,42,0,NONE,"sm5QLKTT","Rather detrimental",73,2,,false
33,42,0,NONE,"iwd5a5Ps","Hmmm....",98,2,,false
33,42,0,NONE,"vd8zZKnH","Playing with fire",69,3,,false
33,42,0,NONE,"HxO2Xdwp","Rather detrimental",82,5,,false
33,42,0,NONE,"SBBDAMGG","Suicide mission",90,6,,false
33,42,0,NONE,"a6BlTlYx","Quite likely",105,6,,false
33,42,0,NONE,"caIhjag0","Hmmm....",93,7,,false
33,42,0,NONE,"U2zImsB3","Walk in the park",82,7,,true
33,42,0,NONE,"6RDJOy1H","Hmmm....",79,7,,false
33,42,0,NONE,"ZWWMrzpD","Hmmm....",69,7,,false
33,43,0,NONE,"sm5QLKTT","Rather detrimental",73,1,,true
33,43,0,NONE,"iwd5a5Ps","Hmmm....",98,1,,false
33,43,0,NONE,"vd8zZKnH","Playing with fire",69,2,,false
33,43,0,NONE,"HxO2Xdwp","Rather detrimental",82,4,,false
33,43,0,NONE,"SBBDAMGG","Suicide mission",90,5,,false
33,43,0,NONE,"a6BlTlYx","Quite likely",105,5,,false
33,43,0,NONE,"caIhjag0","Hmmm....",93,6,,false
33,43,0,NONE,"6RDJOy1H","Hmmm....",79,6,,false
33,43,0,NONE,"ZWWMrzpD","Hmmm....",69,6,,false
33,43,0,NONE,"BgpwNwBz","Walk in the park",94,7,,false
33,44,0,NONE,"vd8zZKnH","Playing with fire",69,1,,false
33,44,0,NONE,"HxO2Xdwp","Rather detrimental",82,3,,false
33,44,0,NONE,"SBBDAMGG","Suicide mission",90,4,,false
33,44,0,NONE,"a6BlTlYx","Quite likely",105,4,,false
33,44,0,NONE,"caIhjag0","Hmmm....",93,5,,false
33,44,0,NONE,"6RDJOy1H","Hmmm....",79,5,,false
33,44,0,NONE,"ZWWMrzpD","Hmmm....",69,5,,false
33,44,0,NONE,"BgpwNwBz","Walk in the park",94,6,,true
33,44,0,NONE,"4h2PCa1d","Quite likely",117,7,,false
33,44,0,NONE,"kW1JHvk7","Suicide mission",63,7,,false
33,45,0,NONE,"HxO2Xdwp","Rather detrimental",82,2,,false
33,45,0,NONE,"SBBDAMGG","Suicide mission",90,3,,false
33,45,0,NONE,"a6BlTlYx","Quite likely",105,3,,false
33,45,0,NONE,"caIhjag0","Hmmm....",93,4,,false
33,45,0,NONE,"6RDJOy1H","Hmmm....",79,4,,false
33,45,0,NONE,"ZWWMrzpD","Hmmm....",69,4,,false
33,45,0,NONE,"4h2PCa1d","Quite likely",117,6,,false
33,45,0,NONE,"kW1JHvk7","Suicide mission",63,6,,false
33,45,0,NONE,"WZU4Sbsk","Risky",74,7,,false
33,45,0,NONE,"odsiHpSb","Walk in the park",89,7,,true
33,46,0,NONE,"HxO2Xdwp","Rather detrimental",82,1,,false
33,46,0,NONE,"SBBDAMGG","Suicide mission",90,2,,false
33,46,0,NONE,"a6BlTlYx","Quite likely",105,2,,false
33,46,0,NONE,"caIhjag0","Hmmm....",93,3,,false
33,46,0,NONE,"6RDJOy1H","Hmmm....",79,3,,false
33,46,0,NONE,"ZWWMrzpD","Hmmm....",69,3,,false
33,46,0,NONE,"4h2PCa1d","Quite likely",117,5,,true
33,46,0,NONE,"kW1JHvk7","Suicide mission",63,5,,false
33,46,0,NONE,"WZU4Sbsk","Risky",74,6,,false
33,46,0,NONE,"mm4i4daB","Gamble",63,7,,false
33,47,0,NONE,"SBBDAMGG","Suicide mission",90,1,,false
33,47,0,NONE,"a6BlTlYx","Quite likely",105,1,,false
33,47,0,NONE,"caIhjag0","Hmmm....",93,2,,false
33,47,0,NONE,"6RDJOy1H","Hmmm....",79,2,,false
33,47,0,NONE,"ZWWMrzpD","Hmmm....",69,2,,false
33,47,0,NONE,"kW1JHvk7","Suicide mission",63,4,,true
33,47,0,NONE,"WZU4Sbsk","Risky",74,5,,false
33,47,0,NONE,"mm4i4daB","Gamble",63,6,,false
33,47,0,NONE,"fik9Xi6H","Rather detrimental",98,7,,false
33,47,0,NONE,"eUbH9oXl","Gamble",56,7,,false
33,49,0,NONE,"WZU4Sbsk","Risky",74,3,,false
33,49,0,NONE,"mm4i4daB","Gamble",63,4,,false
33,49,0,NONE,"fik9Xi6H","Rather detrimental",98,5,,false
33,49,0,NONE,"eUbH9oXl","Gamble",56,5,,false
33,49,0,NONE,"Agn9PRwu","Hmmm....",79,6,,true
33,49,0,NONE,"X6jLb9cm","Suicide mission",65,6,,false
33,49,0,NONE,"H6TL8IDl","Suicide mission",80,6,,false
33,49,0,NONE,"YFwgCMef","Playing with fire",50,7,,false
33,49,0,NONE,"Y8PvcWbH","Risky",70,7,,false
33,49,0,NONE,"OIIpZeTj","Gamble",51,7,,false
34,0,0,NONE,"4kxq5v6u","Walk in the park",6,7,,false
34,0,0,NONE,"QhcFcu3i","Walk in the park",6,7,,false
34,0,0,NONE,"0TmbYtU0","Hmmm....",16,7,,false
34,0,0,NONE,"nyVQkFJx","Piece of cake",57,7,,false
34,0,0,NONE,"PYWEGsPI","Walk in the park",42,7,,false
34,0,0,NONE,"RqbcZxwg","Piece of cake",8,7,,true
34,0,0,NONE,"aJVyCk7U","Gamble",1,7,,false
34,0,0,NONE,"WyBPaQAV","Rather detrimental",37,7,,false
34,0,0,NONE,"vahNDbpW","Walk in the park",8,7,,false
34,0,0,NONE,"lhGmv0Iv","Piece of cake",8,7,,false
34,1,0,NONE,"4kxq5v6u","Walk in the park",6,6,,false
34,1,0,NONE,"QhcFcu3i","Walk in the park",6,6,,false
34,1,0,NONE,"0TmbYtU0","Hmmm....",16,6,,false
34,1,0,NONE,"nyVQkFJx","Piece of cake",57,6,,false
34,1,0,NONE,"PYWEGsPI","Walk in the park",42,6,,false
34,1,0,NONE,"aJVyCk7U","Gamble",1,6,,false
34,1,0,NONE,"WyBPaQAV","Rather detrimental",37,6,,false
34,1,0,NONE,"vahNDbpW","Walk in the park",8,6,,false
34,1,0,NONE,"lhGmv0Iv","Piece of cake",8,6,,true
34,1,0,NONE,"IAXy17ii","Quite likely",20,7,,false
34,2,0,NONE,"4kxq5v6u","Walk in the park",6,5,,false
34,2,0,NONE,"QhcFcu3i","Walk in the park",6,5,,false
34,2,0,NONE,"0TmbYtU0","Hmmm....",16,5,,false
34,2,0,NONE,"nyVQkFJx","Piece of cake",57,5,,true
34,2,0,NONE,"PYWEGsPI","Walk in the park",42,5,,false
34,2,0,NONE,"aJVyCk7U","Gamble",1,5,,false
34,2,0,NONE,"WyBPaQAV","Rather detrimental",37,5,,false
34,2,0,NONE,"vahNDbpW","Walk in the park",8,5,,false
34,2,0,NONE,"IAXy17ii","Quite likely",20,6,,false
34,2,0,NONE,"UKHM2mAD","Suicide mission",22,7,,false
34,3,0,NONE,"4kxq5v6u","Walk in the park",6,4,,false
34,3,0,NONE,"QhcFcu3i","Walk in the park",6,4,,false
34,3,0,NONE,"0TmbYtU0","Hmmm....",16,4,,false
34,3,0,NONE,"PYWEGsPI","Walk in the park",42,4,,false
34,3,0,NONE,"aJVyCk7U","Gamble",1,4,,false
34,3,0,NONE,"WyBPaQAV","Rather detrimental",37,4,,false
34,3,0,NONE,"vahNDbpW","Walk in the park",8,4,,false
34,3,0,NONE,"IAXy17ii","Quite likely",20,5,,false
34,3,0,NONE,"UKHM2mAD","Suicide mission",22,6,,false
34,3,0,NONE,"8F4qvzLm","Piece of cake",4,7,,true
34,4,0,NONE,"4kxq5v6u","Walk in the park",6,3,,true
34,4,0,NONE,"QhcFcu3i","Walk in the park",6,3,,false
34,4,0,NONE,"0TmbYtU0","Hmmm....",16,3,,false
34,4,0,NONE,"PYWEGsPI","Walk in the park",42,3,,false
34,4,0,NONE,"aJVyCk7U","Gamble",1,3,,false
34,4,0,NONE,"WyBPaQAV","Rather detrimental",37,3,,false
34,4,0,NONE,"vahNDbpW","Walk in the park",8,3,,false
34,4,0,NONE,"IAXy17ii","Quite likely",20,4,,false
34,4,0,NONE,"UKHM2mAD","Suicide mission",22,5,,false
34,4,0,NONE,"TbnqdqoG","Hmmm....",5,7,,false
34,5,0,NONE,"QhcFcu3i","Walk in the park",6,2,,false
34,5,0,NONE,"0TmbYtU0","Hmmm....",16,2,,false
34,5,0,NONE,"PYWEGsPI","Walk in the park",42,2,,true
34,5,0,NONE,"aJVyCk7U","Gamble",1,2,,false
34,5,0,NONE,"WyBPaQAV","Rather detrimental",37,2,,false
34,5,0,NONE,"vahNDbpW","Walk in the park",8,2,,false
34,5,0,NONE,"IAXy17ii","Quite likely",20,3,,false
34,5,0,NONE,"UKHM2mAD","Suicide mission",22,4,,false
34,5,0,NONE,"TbnqdqoG","Hmmm....",5,6,,false
34,5,0,NONE,"xSq5X3Qj","Gamble",34,7,,false
34,6,0,NONE,"QhcFcu3i","Walk in the park",6,1,,false
34,6,0,NONE,"0TmbYtU0","Hmmm....",16,1,,false
34,6,0,NONE,"aJVyCk7U","Gamble",1,1,,true
34,6,0,NONE,"WyBPaQAV","Rather detrimental",37,1,,false
34,6,0,NONE,"vahNDbpW","Walk in the park",8,1,,false
34,6,0,NONE,"IAXy17ii","Quite likely",20,2,,false
34,6,0,NONE,"UKHM2mAD","Suicide mission",22,3,,false
34,6,0,NONE,"TbnqdqoG","Hmmm....",5,5,,false
34,6,0,NONE,"xSq5X3Qj","Gamble",34,6,,false
34,6,0,NONE,"zGzUDOND","Suicide mission",27,7,,false
34,7,0,NONE,"IAXy17ii","Quite likely",20,1,,false
34,7,0,NONE,"UKHM2mAD","Suicide mission",22,2,,false
34,7,0,NONE,"TbnqdqoG","Hmmm....",5,4,,false
34,7,0,NONE,"xSq5X3Qj","Gamble",34,5,,false
34,7,0,NONE,"zGzUDOND","Suicide mission",27,6,,false
34,7,0,NONE,"TLFas7LX","Rather detrimental",19,7,,false
34,7,0,NONE,"XgvsoetT","Hmmm....",16,7,,false
34,7,0,NONE,"yKBMg7Cp","Piece of cake",3,7,,false
34,7,0,NONE,"sR1Ixju2","Rather detrimental",60,7,,false
34,7,0,NONE,"pNAiy7Gd","Piece of cake",19,7,,true
34,9,0,NONE,"TbnqdqoG","Hmmm....",5,2,,false
34,9,0,NONE,"xSq5X3Qj","Gamble",34,3,,false
34,9,0,NONE,"zGzUDOND","Suicide mission",27,4,,false
34,9,0,NONE,"TLFas7LX","Rather detrimental",19,5,,false
34,9,0,NONE,"XgvsoetT","Hmmm....",16,5,,false
34,9,0,NONE,"yKBMg7Cp","Piece of cake",3,5,,false
34,9,0,NONE,"sR1Ixju2","Rather detrimental",60,5,,false
34,9,0,NONE,"QtjqZl2l","Sure thing",60,6,,true
34,9,0,NONE,"fu1tBeW9","Walk in the park",30,6,,false
34,9,0,NONE,"2ZKzvGpe","Piece of cake",34,7,,false
34,10,0,NONE,"TbnqdqoG","Hmmm....",5,1,,false
34,10,0,NONE,"xSq5X3Qj","Gamble",34,2,,false
34,10,0,NONE,"zGzUDOND","Suicide mission",27,3,,false
34,10,0,NONE,"TLFas7LX","Rather detrimental",19,4,,false
34,10,0,NONE,"XgvsoetT","Hmmm....",16,4,,false
34,10,0,NONE,"yKBMg7Cp","Piece of cake",3,4,,false
34,10,0,NONE,"sR1Ixju2","Rather detrimental",60,4,,false
34,10,0,NONE,"fu1tBeW9","Walk in the park",30,5,,false
34,10,0,NONE,"2ZKzvGpe","Piece of cake",34,6,,false
34,10,0,NONE,"FIAd4KGB","Hmmm....",20,7,,true
34,11,0,NONE,"xSq5X3Qj","Gamble",34,1,,false
34,11,0,NONE,"zGzUDOND","Suicide mission",27,2,,false
34,11,0,NONE,"TLFas7LX","Rather detrimental",19,3,,false
34,11,0,NONE,"XgvsoetT","Hmmm....",16,3,,false
34,11,0,NONE,"yKBMg7Cp","Piece of cake",3,3,,false
34,11,0,NONE,"sR1Ixju2","Rather detrimental",60,3,,false
34,11,0,NONE,"fu1tBeW9","Walk in the park",30,4,,false
34,11,0,NONE,"2ZKzvGpe","Piece of cake",34,5,,true
34,11,0,NONE,"oIChRh6B","Quite likely",38,7,,false
34,11,0,NONE,"8X9tcCni","Quite likely",20,7,,false
34,12,0,NONE,"zGzUDOND","Suicide mission",27,1,,false
34,12,0,NONE,"TLFas7LX","Rather detrimental",19,2,,false
34,12,0,NONE,"XgvsoetT","Hmmm....",16,2,,false
34,12,0,NONE,"yKBMg7Cp","Piece of cake",3,2,,false
34,12,0,NONE,"sR1Ixju2","Rather detrimental",60,2,,false
34,12,0,NONE,"fu1tBeW9","Walk in the park",30,3,,false
34,12,0,NONE,"oIChRh6B","Quite likely",38,6,,false
34,12,0,NONE,"8X9tcCni","Quite likely",20,6,,false
34,12,0,NONE,"2sdx0kZz","Piece of cake",24,7,,true
34,12,0,NONE,"qH4BAf9H","Gamble",15,7,,false
34,13,0,NONE,"TLFas7LX","Rather detrimental",19,1,,false
34,13,0,NONE,"XgvsoetT","Hmmm....",16,1,,true
34,13,0,NONE,"yKBMg7Cp","Piece of cake",3,1,,false
34,13,0,NONE,"sR1Ixju2","Rather detrimental",60,1,,false
34,13,0,NONE,"fu1tBeW9","Walk in the park",30,2,,false
34,13,0,NONE,"oIChRh6B","Quite likely",38,5,,false
34,13,0,NONE,"8X9tcCni","Quite likely",20,5,,false
34,13,0,NONE,"qH4BAf9H","Gamble",15,6,,false
34,13,0,NONE,"4D3R9kVc","Hmmm....",47,7,,false
34,13,0,NONE,"PEpErgMp","Piece of cake",19,7,,false
34,14,0,NONE,"fu1tBeW9","Walk in the park",30,1,,true
34,14,0,NONE,"oIChRh6B","Quite likely",38,4,,false
34,14,0,NONE,"8X9tcCni","Quite likely",20,4,,false
34,14,0,NONE,"qH4BAf9H","Gamble",15,5,,false
34,14,0,NONE,"4D3R9kVc","Hmmm....",47,6,,false
34,14,0,NONE,"PEpErgMp","Piece of cake",19,6,,false
34,14,0,NONE,"9TGrsQYC","Sure thing",49,7,,false
34,14,0,NONE,"jPYDsyE7","Walk in the park",25,7,,false
34,14,0,NONE,"Ch2NdlWD","Quite likely",35,7,,false
34,14,0,NONE,"FPpiwGix","Gamble",17,7,,false
34,15,0,NONE,"oIChRh6B","Quite likely",38,3,,false
34,15,0,NONE,"8X9tcCni","Quite likely",20,3,,false
34,15,0,NONE,"qH4BAf9H","Gamble",15,4,,false
34,15,0,NONE,"4D3R9kVc","Hmmm....",47,5,,false
34,15,0,NONE,"PEpErgMp","Piece of cake",19,5,,false
34,15,0,NONE,"9TGrsQYC","Sure thing",49,6,,true
34,15,0,NONE,"jPYDsyE7","Walk in the park",25,6,,false
34,15,0,NONE,"Ch2NdlWD","Quite likely",35,6,,false
34,15,0,NONE,"FPpiwGix","Gamble",17,6,,false
34,15,0,NONE,"SyYnE2ri","Quite likely",35,7,,false
34,16,0,NONE,"oIChRh6B","Quite likely",38,2,,false
34,16,0,NONE,"8X9tcCni","Quite likely",20,2,,false
34,16,0,NONE,"qH4BAf9H","Gamble",15,3,,false
34,16,0,NONE,"4D3R9kVc","Hmmm....",47,4,,false
34,16,0,NONE,"PEpErgMp","Piece of cake",19,4,,true
34,16,0,NONE,"jPYDsyE7","Walk in the park",25,5,,false
34,16,0,NONE,"Ch2NdlWD","Quite likely",35,5,,false
34,16,0,NONE,"FPpiwGix","Gamble",17,5,,false
34,16,0,NONE,"SyYnE2ri","Quite likely",35,6,,false
34,16,0,NONE,"KYEaUDON","Quite likely",56,7,,false
34,17,0,NONE,"oIChRh6B","Quite likely",38,1,,false
34,17,0,NONE,"8X9tcCni","Quite likely",20,1,,false
34,17,0,NONE,"qH4BAf9H","Gamble",15,2,,false
34,17,0,NONE,"4D3R9kVc","Hmmm....",47,3,,false
34,17,0,NONE,"jPYDsyE7","Walk in the park",25,4,,false
34,17,0,NONE,"Ch2NdlWD","Quite likely",35,4,,false
34,17,0,NONE,"FPpiwGix","Gamble",17,4,,false
34,17,0,NONE,"SyYnE2ri","Quite likely",35,5,,false
34,17,0,NONE,"KYEaUDON","Quite likely",56,6,,true
34,17,0,NONE,"KmA578u4","Gamble",45,7,,false
34,18,0,NONE,"qH4BAf9H","Gamble",15,1,,false
34,18,0,NONE,"4D3R9kVc","Hmmm....",47,2,,false
34,18,0,NONE,"jPYDsyE7","Walk in the park",25,3,,false
34,18,0,NONE,"Ch2NdlWD","Quite likely",35,3,,false
34,18,0,NONE,"FPpiwGix","Gamble",17,3,,false
34,18,0,NONE,"SyYnE2ri","Quite likely",35,4,,false
34,18,0,NONE,"KmA578u4","Gamble",45,6,,true
34,18,0,NONE,"WCJMZwby","Suicide mission",146,3,1,false
34,18,0,NONE,"elLy2lzP","Piece of cake",66,7,,false
34,18,0,NONE,"lRSJRHHc","Walk in the park",38,7,,false
34,19,0,NONE,"4D3R9kVc","Hmmm....",47,1,,false
34,19,0,NONE,"jPYDsyE7","Walk in the park",25,2,,false
34,19,0,NONE,"Ch2NdlWD","Quite likely",35,2,,false
34,19,0,NONE,"FPpiwGix","Gamble",17,2,,false
34,19,0,NONE,"SyYnE2ri","Quite likely",35,3,,false
34,19,0,NONE,"WCJMZwby","Suicide mission",146,2,1,false
34,19,0,NONE,"elLy2lzP","Piece of cake",66,6,,false
34,19,0,NONE,"lRSJRHHc","Walk in the park",38,6,,false
34,19,0,NONE,"GAt522zq","Sure thing",63,7,,true
34,19,0,NONE,"cDzfBv08","Piece of cake",53,7,,false
34,20,0,NONE,"jPYDsyE7","Walk in the park",25,1,,false
34,20,0,NONE,"Ch2NdlWD","Quite likely",35,1,,false
34,20,0,NONE,"FPpiwGix","Gamble",17,1,,false
34,20,0,NONE,"SyYnE2ri","Quite likely",35,2,,false
34,20,0,NONE,"WCJMZwby","Suicide mission",146,1,1,false
34,20,0,NONE,"elLy2lzP","Piece of cake",66,5,,false
34,20,0,NONE,"lRSJRHHc","Walk in the park",38,5,,true
34,20,0,NONE,"cDzfBv08","Piece of cake",53,6,,false
34,20,0,NONE,"wOaT6X73","Quite likely",116,2,1,false
34,20,0,NONE,"X905LxhL","Quite likely",141,2,1,false
34,22,0,NONE,"elLy2lzP","Piece of cake",66,3,,false
34,22,0,NONE,"cDzfBv08","Piece of cake",53,4,,false
34,22,0,NONE,"VQuWtjtm","Hmmm....",148,2,1,false
34,22,0,NONE,"IWUGhcOa","Rather detrimental",113,2,1,false
34,22,0,NONE,"Iq2tth3Y","Suicide mission",109,1,1,false
34,22,0,NONE,"exytdxMy","Walk in the park",92,6,,false
34,22,0,NONE,"8t4IJpbo","Piece of cake",102,6,,false
34,22,0,NONE,"3Z5VXxka","Piece of cake",116,7,,true
34,22,0,NONE,"jouNQCVP","Walk in the park",62,7,,false
34,22,0,NONE,"mfUyFwPa","Walk in the park",86,7,,false
34,23,0,NONE,"elLy2lzP","Piece of cake",66,2,,false
34,23,0,NONE,"cDzfBv08","Piece of cake",53,3,,false
34,23,0,NONE,"VQuWtjtm","Hmmm....",148,1,1,false
34,23,0,NONE,"IWUGhcOa","Rather detrimental",113,1,1,false
34,23,0,NONE,"exytdxMy","Walk in the park",92,5,,false
34,23,0,NONE,"8t4IJpbo","Piece of cake",102,5,,true
34,23,0,NONE,"jouNQCVP","Walk in the park",62,6,,false
34,23,0,NONE,"mfUyFwPa","Walk in the park",86,6,,false
34,23,0,NONE,"JIQTWMoe","Piece of cake",115,7,,false
34,23,0,NONE,"54fvvfcd","Quite likely",65,7,,false
34,24,0,NONE,"elLy2lzP","Piece of cake",66,1,,false
34,24,0,NONE,"cDzfBv08","Piece of cake",53,2,,false
34,24,0,NONE,"exytdxMy","Walk in the park",92,4,,false
34,24,0,NONE,"jouNQCVP","Walk in the park",62,5,,false
34,24,0,NONE,"mfUyFwPa","Walk in the park",86,5,,false
34,24,0,NONE,"JIQTWMoe","Piece of cake",115,6,,false
34,24,0,NONE,"54fvvfcd","Quite likely",65,6,,false
34,24,0,NONE,"FQZjqhMU","Risky",89,7,,false
34,24,0,NONE,"1B8sKg0l","Playing with fire",149,2,1,false
34,24,0,NONE,"8DDIAyUS","Piece of cake",76,7,,true
34,25,0,NONE,"cDzfBv08","Piece of cake",53,1,,true
34,25,0,NONE,"exytdxMy","Walk in the park",92,3,,false
34,25,0,NONE,"jouNQCVP","Walk in the park",62,4,,false
34,25,0,NONE,"mfUyFwPa","Walk in the park",86,4,,false
34,25,0,NONE,"JIQTWMoe","Piece of cake",115,5,,false
34,25,0,NONE,"54fvvfcd","Quite likely",65,5,,false
34,25,0,NONE,"FQZjqhMU","Risky",89,6,,false
34,25,0,NONE,"1B8sKg0l","Playing with fire",149,1,1,false
34,25,0,NONE,"77QKhqLn","Risky",137,3,1,false
34,25,0,NONE,"oBJDe7dB","Suicide mission",134,2,1,false
34,26,0,NONE,"exytdxMy","Walk in the park",92,2,,false
34,26,0,NONE,"jouNQCVP","Walk in the park",62,3,,false
34,26,0,NONE,"mfUyFwPa","Walk in the park",86,3,,false
34,26,0,NONE,"JIQTWMoe","Piece of cake",115,4,,true
34,26,0,NONE,"54fvvfcd","Quite likely",65,4,,false
34,26,0,NONE,"FQZjqhMU","Risky",89,5,,false
34,26,0,NONE,"77QKhqLn","Risky",137,2,1,false
34,26,0,NONE,"oBJDe7dB","Suicide mission",134,1,1,false
34,26,0,NONE,"HYEhbddO","Suicide mission",92,2,2,false
34,26,0,NONE,"BbfqY0cg","Suicide mission",134,2,1,false
34,27,0,NONE,"exytdxMy","Walk in the park",92,1,,false
34,27,0,NONE,"jouNQCVP","Walk in the park",62,2,,false
34,27,0,NONE,"mfUyFwPa","Walk in the park",86,2,,false
34,27,0,NONE,"54fvvfcd","Quite likely",65,3,,false
34,27,0,NONE,"FQZjqhMU","Risky",89,4,,true
34,27,0,NONE,"77QKhqLn","Risky",137,1,1,false
34,27,0,NONE,"HYEhbddO","Suicide mission",92,1,2,false
34,27,0,NONE,"BbfqY0cg","Suicide mission",134,1,1,false
34,27,0,NONE,"v8kgnHLq","Gamble",132,2,1,false
34,27,0,NONE,"SZy3btdy","Suicide mission",133,3,1,false
34,29,0,NONE,"54fvvfcd","Quite likely",65,1,,false
34,29,0,NONE,"SZy3btdy","Suicide mission",133,1,1,false
34,29,0,NONE,"vyqVhLbI","Piece of cake",93,6,,false
34,29,0,NONE,"LWSSZjgS","Impossible",108,1,2,false
34,29,0,NONE,"i2L7D0La","Suicide mission",158,1,1,false
34,29,0,NONE,"X0WrvXZt","Suicide mission",138,1,1,false
34,29,0,NONE,"Ei2014M5","Suicide mission",140,2,1,false
34,29,0,NONE,"ZTH5Te5O","Sure thing",166,7,,true
34,29,0,NONE,"ud08915t","Playing with fire",139,2,1,false
34,29,0,NONE,"pgGzWNbc","Sure thing",146,7,,false
34,31,0,NONE,"vyqVhLbI","Piece of cake",93,4,,false
34,31,0,NONE,"pgGzWNbc","Sure thing",146,5,,false
34,31,0,NONE,"2zqOIwMm","Suicide mission",149,1,1,false
34,31,0,NONE,"kDFMUm0C","Piece of cake",91,6,,false
34,31,0,NONE,"i6fWy33I","Suicide mission",164,2,1,false
34,31,0,NONE,"3665EJ4V","Piece of cake",76,6,,false
34,31,0,NONE,"XB2p8ESc","Suicide mission",149,2,1,false
34,31,0,NONE,"dNPNTbWf","Sure thing",168,6,,true
34,31,0,NONE,"YRljTkuS","Piece of cake",118,7,,false
34,31,0,NONE,"ufQgZmMQ","Sure thing",157,7,,false
34,33,0,NONE,"vyqVhLbI","Piece of cake",93,2,,false
34,33,0,NONE,"pgGzWNbc","Sure thing",146,3,,false
34,33,0,NONE,"kDFMUm0C","Piece of cake",91,4,,false
34,33,0,NONE,"3665EJ4V","Piece of cake",76,4,,false
34,33,0,NONE,"YRljTkuS","Piece of cake",118,5,,false
34,33,0,NONE,"ufQgZmMQ","Sure thing",157,5,,false
34,33,0,NONE,"Gk0fSKSY","Piece of cake",76,6,,false
34,33,0,NONE,"aGy7XfPW","Hmmm....",142,2,1,false
34,33,0,NONE,"7ImsAA3b","Sure thing",167,7,,true
34,33,0,NONE,"DOELzaR4","Sure thing",166,7,,false
34,35,0,NONE,"pgGzWNbc","Sure thing",146,1,,false
34,35,0,NONE,"kDFMUm0C","Piece of cake",91,2,,false
34,35,0,NONE,"3665EJ4V","Piece of cake",76,2,,false
34,35,0,NONE,"YRljTkuS","Piece of cake",118,3,,false
34,35,0,NONE,"ufQgZmMQ","Sure thing",157,3,,false
34,35,0,NONE,"Gk0fSKSY","Piece of cake",76,4,,false
34,35,0,NONE,"DOELzaR4","Sure thing",166,5,,false
34,35,0,NONE,"G2UiQu7K","Sure thing",159,6,,true
34,35,0,NONE,"gIiAKD8A","Walk in the park",99,7,,false
34,35,0,NONE,"2XELIn3U","Piece of cake",167,7,,false
34,37,0,NONE,"YRljTkuS","Piece of cake",118,1,,false
34,37,0,NONE,"ufQgZmMQ","Sure thing",157,1,,true
34,37,0,NONE,"Gk0fSKSY","Piece of cake",76,2,,false
34,37,0,NONE,"DOELzaR4","Sure thing",166,3,,false
34,37,0,NONE,"gIiAKD8A","Walk in the park",99,5,,false
34,37,0,NONE,"2XELIn3U","Piece of cake",167,5,,false
34,37,0,NONE,"NtGdjkmx","Sure thing",179,6,,false
34,37,0,NONE,"ketjHcX9","Gamble",99,6,,false
34,37,0,NONE,"mlyG8vVK","Gamble",88,7,,false
34,37,0,NONE,"FtF7fsyc","Gamble",70,7,,false
34,39,0,NONE,"DOELzaR4","Sure thing",166,1,,false
34,39,0,NONE,"gIiAKD8A","Walk in the park",99,3,,false
34,39,0,NONE,"2XELIn3U","Piece of cake",167,3,,false
34,39,0,NONE,"NtGdjkmx","Sure thing",179,4,,false
34,39,0,NONE,"ketjHcX9","Gamble",99,4,,false
34,39,0,NONE,"mlyG8vVK","Gamble",88,5,,false
34,39,0,NONE,"FtF7fsyc","Gamble",70,5,,false
34,39,0,NONE,"c8S6LhgQ","Hmmm....",83,6,,false
34,39,0,NONE,"94JC1ZLA","Gamble",86,6,,false
34,39,0,NONE,"Xsqk8Xl8","Sure thing",173,7,,true
34,41,0,NONE,"gIiAKD8A","Walk in the park",99,1,,false
34,41,0,NONE,"2XELIn3U","Piece of cake",167,1,,false
34,41,0,NONE,"NtGdjkmx","Sure thing",179,2,,false
34,41,0,NONE,"ketjHcX9","Gamble",99,2,,false
34,41,0,NONE,"mlyG8vVK","Gamble",88,3,,false
34,41,0,NONE,"FtF7fsyc","Gamble",70,3,,false
34,41,0,NONE,"c8S6LhgQ","Hmmm....",83,4,,false
34,41,0,NONE,"94JC1ZLA","Gamble",86,4,,false
34,41,0,NONE,"4HnjBo4W","Sure thing",175,6,,true
34,41,0,NONE,"epqbe1LC","Quite likely",92,6,,false
34,43,0,NONE,"mlyG8vVK","Gamble",88,1,,false
34,43,0,NONE,"FtF7fsyc","Gamble",70,1,,true
34,43,0,NONE,"c8S6LhgQ","Hmmm....",83,2,,false
34,43,0,NONE,"94JC1ZLA","Gamble",86,2,,false
34,43,0,NONE,"epqbe1LC","Quite likely",92,4,,false
34,43,0,NONE,"iI7t42LN","Sure thing",139,6,,false
34,43,0,NONE,"mi5rlNUD","Hmmm....",54,6,,false
34,43,0,NONE,"aOqRwbOl","Gamble",87,6,,false
34,43,0,NONE,"KcFEb2Vt","Sure thing",160,7,,false
34,43,0,NONE,"fmjYAHCB","Rather detrimental",92,7,,false
34,44,0,NONE,"c8S6LhgQ","Hmmm....",83,1,,false
34,44,0,NONE,"94JC1ZLA","Gamble",86,1,,false
34,44,0,NONE,"epqbe1LC","Quite likely",92,3,,false
34,44,0,NONE,"iI7t42LN","Sure thing",139,5,,false
34,44,0,NONE,"mi5rlNUD","Hmmm....",54,5,,false
34,44,0,NONE,"aOqRwbOl","Gamble",87,5,,true
34,44,0,NONE,"KcFEb2Vt","Sure thing",160,6,,false
34,44,0,NONE,"fmjYAHCB","Rather detrimental",92,6,,false
34,44,0,NONE,"KA7VubHf","Piece of cake",64,7,,false
34,44,0,NONE,"TGHA0Pw9","Piece of cake",170,7,,false
34,45,0,NONE,"epqbe1LC","Quite likely",92,2,,false
34,45,0,NONE,"iI7t42LN","Sure thing",139,4,,false
34,45,0,NONE,"mi5rlNUD","Hmmm....",54,4,,false
34,45,0,NONE,"KcFEb2Vt","Sure thing",160,5,,true
34,45,0,NONE,"fmjYAHCB","Rather detrimental",92,5,,false
34,45,0,NONE,"KA7VubHf","Piece of cake",64,6,,false
34,45,0,NONE,"TGHA0Pw9","Piece of cake",170,6,,false
34,45,0,NONE,"cw7JU0AY","Sure thing",167,7,,false
34,45,0,NONE,"dYoU2zph","Sure thing",194,7,,false
34,45,0,NONE,"iyl4JTfZ","Piece of cake",161,7,,false
34,47,0,NONE,"iI7t42LN","Sure thing",139,2,,false
34,47,0,NONE,"mi5rlNUD","Hmmm....",54,2,,false
34,47,0,NONE,"fmjYAHCB","Rather detrimental",92,3,,false
34,47,0,NONE,"KA7VubHf","Piece of cake",64,4,,false
34,47,0,NONE,"TGHA0Pw9","Piece of cake",170,4,,false
34,47,0,NONE,"cw7JU0AY","Sure thing",167,5,,true
34,47,0,NONE,"dYoU2zph","Sure thing",194,5,,false
34,47,0,NONE,"iyl4JTfZ","Piece of cake",161,5,,false
34,47,0,NONE,"GVB5lYIl","Playing with fire",68,6,,false
34,47,0,NONE,"ujDxE8Qp","Hmmm....",65,7,,false
34,49,0,NONE,"fmjYAHCB","Rather detrimental",92,1,,false
34,49,0,NONE,"KA7VubHf","Piece of cake",64,2,,false
34,49,0,NONE,"TGHA0Pw9","Piece of cake",170,2,,false
34,49,0,NONE,"dYoU2zph","Sure thing",194,3,,true
34,49,0,NONE,"iyl4JTfZ","Piece of cake",161,3,,false
34,49,0,NONE,"GVB5lYIl","Playing with fire",68,4,,false
34,49,0,NONE,"ujDxE8Qp","Hmmm....",65,5,,false
34,49,0,NONE,"R0XQoIAg","Quite likely",78,6,,false
34,49,0,NONE,"3XwzuHDp","Piece of cake",186,7,,false
34,49,0,NONE,"jme4OtWo","Suicide mission",83,7,,false
35,0,0,NONE,"h6NitRXK","Hmmm....",57,7,,false
35,0,0,NONE,"4d1g21pz","Walk in the park",5,7,,false
35,0,0,NONE,"gLCQQ9ld","Sure thing",52,7,,true
35,0,0,NONE,"adyv7997","Piece of cake",9,7,,false
35,0,0,NONE,"a3VDWlsp","Hmmm....",24,7,,false
35,0,0,NONE,"9c7gaJBV","Piece of cake",29,7,,false
35,0,0,NONE,"iJTmUIHR","Walk in the park",26,7,,false
35,0,0,NONE,"1HKEM6nu","Quite likely",11,7,,false
35,0,0,NONE,"iFy7yJHS","Piece of cake",19,7,,false
35,0,0,NONE,"n1ygffDJ","Hmmm....",37,7,,false
35,1,0,NONE,"h6NitRXK","Hmmm....",57,6,,false
35,1,0,NONE,"4d1g21pz","Walk in the park",5,6,,false
35,1,0,NONE,"adyv7997","Piece of cake",9,6,,false
35,1,0,NONE,"a3VDWlsp","Hmmm....",24,6,,false
35,1,0,NONE,"9c7gaJBV","Piece of cake",29,6,,true
35,1,0,NONE,"iJTmUIHR","Walk in the park",26,6,,false
35,1,0,NONE,"1HKEM6nu","Quite likely",11,6,,false
35,1,0,NONE,"iFy7yJHS","Piece of cake",19,6,,false
35,1,0,NONE,"n1ygffDJ","Hmmm....",37,6,,false
35,1,0,NONE,"cR9huNQo","Hmmm....",22,7,,false
35,2,0,NONE,"h6NitRXK","Hmmm....",57,5,,false
35,2,0,NONE,"4d1g21pz","Walk in the park",5,5,,false
35,2,0,NONE,"adyv7997","Piece of cake",9,5,,true
35,2,0,NONE,"a3VDWlsp","Hmmm....",24,5,,false
35,2,0,NONE,"iJTmUIHR","Walk in the park",26,5,,false
35,2,0,NONE,"1HKEM6nu","Quite likely",11,5,,false
35,2,0,NONE,"iFy7yJHS","Piece of cake",19,5,,false
35,2,0,NONE,"n1ygffDJ","Hmmm....",37,5,,false
35,2,0,NONE,"cR9huNQo","Hmmm....",22,6,,false
35,2,0,NONE,"wXsr1SEo","Piece of cake",4,7,,false
35,3,0,NONE,"h6NitRXK","Hmmm....",57,4,,false
35,3,0,NONE,"4d1g21pz","Walk in the park",5,4,,false
35,3,0,NONE,"a3VDWlsp","Hmmm....",24,4,,false
35,3,0,NONE,"iJTmUIHR","Walk in the park",26,4,,false
35,3,0,NONE,"1HKEM6nu","Quite likely",11,4,,false
35,3,0,NONE,"iFy7yJHS","Piece of cake",19,4,,true
35,3,0,NONE,"n1ygffDJ","Hmmm....",37,4,,false
35,3,0,NONE,"cR9huNQo","Hmmm....",22,5,,false
35,3,0,NONE,"wXsr1SEo","Piece of cake",4,6,,false
35,3,0,NONE,"VECeGFyi","Risky",16,7,,false
35,4,0,NONE,"h6NitRXK","Hmmm....",57,3,,false
35,4,0,NONE,"4d1g21pz","Walk in the park",5,3,,false
35,4,0,NONE,"a3VDWlsp","Hmmm....",24,3,,false
35,4,0,NONE,"iJTmUIHR","Walk in the park",26,3,,false
35,4,0,NONE,"1HKEM6nu","Quite likely",11,3,,false
35,4,0,NONE,"n1ygffDJ","Hmmm....",37,3,,false
35,4,0,NONE,"cR9huNQo","Hmmm....",22,4,,false
35,4,0,NONE,"wXsr1SEo","Piece of cake",4,5,,false
35,4,0,NONE,"VECeGFyi","Risky",16,6,,false
35,4,0,NONE,"0Px1UHFb","Sure thing",64,7,,true
35,5,0,NONE,"h6NitRXK","Hmmm....",57,2,,false
35,5,0,NONE,"4d1g21pz","Walk in the park",5,2,,false
35,5,0,NONE,"a3VDWlsp","Hmmm....",24,2,,false
35,5,0,NONE,"iJTmUIHR","Walk in the park",26,2,,false
35,5,0,NONE,"1HKEM6nu","Quite likely",11,2,,false
35,5,0,NONE,"n1ygffDJ","Hmmm....",37,2,,false
35,5,0,NONE,"cR9huNQo","Hmmm....",22,3,,false
35,5,0,NONE,"wXsr1SEo","Piece of cake",4,4,,true
35,5,0,NONE,"VECeGFyi","Risky",16,5,,false
35,5,0,NONE,"mExEBimr","Gamble",66,7,,false
35,6,0,NONE,"h6NitRXK","Hmmm....",57,1,,false
35,6,0,NONE,"4d1g21pz","Walk in the park",5,1,,false
35,6,0,NONE,"a3VDWlsp","Hmmm....",24,1,,false
35,6,0,NONE,"iJTmUIHR","Walk in the park",26,1,,false
35,6,0,NONE,"1HKEM6nu","Quite likely",11,1,,true
35,6,0,NONE,"n1ygffDJ","Hmmm....",37,1,,false
35,6,0,NONE,"cR9huNQo","Hmmm....",22,2,,false
35,6,0,NONE,"VECeGFyi","Risky",16,4,,false
35,6,0,NONE,"mExEBimr","Gamble",66,6,,false
35,6,0,NONE,"0kyZnG7h","Quite likely",33,7,,false
35,7,0,NONE,"cR9huNQo","Hmmm....",22,1,,false
35,7,0,NONE,"VECeGFyi","Risky",16,3,,false
35,7,0,NONE,"mExEBimr","Gamble",66,5,,false
35,7,0,NONE,"0kyZnG7h","Quite likely",33,6,,false
35,7,0,NONE,"IvuAuM9i","Rather detrimental",80,7,,false
35,7,0,NONE,"K1oFarr4","Walk in the park",15,7,,false
35,7,0,NONE,"pmWhV6ze","Piece of cake",12,7,,false
35,7,0,NONE,"KV3S41eF","Suicide mission",43,7,,false
35,7,0,NONE,"iPjgnaWY","Piece of cake",54,7,,false
35,7,0,NONE,"AseAqIRh","Sure thing",6,7,,true
35,8,0,NONE,"VECeGFyi","Risky",16,2,,false
35,8,0,NONE,"mExEBimr","Gamble",66,4,,false
35,8,0,NONE,"0kyZnG7h","Quite likely",33,5,,false
35,8,0,NONE,"IvuAuM9i","Rather detrimental",80,6,,false
35,8,0,NONE,"K1oFarr4","Walk in the park",15,6,,false
35,8,0,NONE,"pmWhV6ze","Piece of cake",12,6,,false
35,8,0,NONE,"KV3S41eF","Suicide mission",43,6,,false
35,8,0,NONE,"iPjgnaWY","Piece of cake",54,6,,true
35,8,0,NONE,"KTL2QleH","Gamble",10,7,,false
35,8,0,NONE,"vYi50vtD","Walk in the park",12,7,,false
35,9,0,NONE,"VECeGFyi","Risky",16,1,,false
35,9,0,NONE,"mExEBimr","Gamble",66,3,,false
35,9,0,NONE,"0kyZnG7h","Quite likely",33,4,,false
35,9,0,NONE,"IvuAuM9i","Rather detrimental",80,5,,false
35,9,0,NONE,"K1oFarr4","Walk in the park",15,5,,false
35,9,0,NONE,"pmWhV6ze","Piece of cake",12,5,,true
35,9,0,NONE,"KV3S41eF","Suicide mission",43,5,,false
35,9,0,NONE,"KTL2QleH","Gamble",10,6,,false
35,9,0,NONE,"vYi50vtD","Walk in the park",12,6,,false
35,9,0,NONE,"BZMzoAbJ","Walk in the park",30,7,,false
35,10,0,NONE,"mExEBimr","Gamble",66,2,,false
35,10,0,NONE,"0kyZnG7h","Quite likely",33,3,,false
35,10,0,NONE,"IvuAuM9i","Rather detrimental",80,4,,false
35,10,0,NONE,"K1oFarr4","Walk in the park",15,4,,false
35,10,0,NONE,"KV3S41eF","Suicide mission",43,4,,false
35,10,0,NONE,"KTL2QleH","Gamble",10,5,,false
35,10,0,NONE,"vYi50vtD","Walk in the park",12,5,,false
35,10,0,NONE,"BZMzoAbJ","Walk in the park",30,6,,true
35,10,0,NONE,"MS8LDcFh","Risky",30,7,,false
35,10,0,NONE,"MO3Zs9Kk","Hmmm....",22,7,,false
35,11,0,NONE,"mExEBimr","Gamble",66,1,,true
35,11,0,NONE,"0kyZnG7h","Quite likely",33,2,,false
35,11,0,NONE,"IvuAuM9i","Rather detrimental",80,3,,false
35,11,0,NONE,"K1oFarr4","Walk in the park",15,3,,false
35,11,0,NONE,"KV3S41eF","Suicide mission",43,3,,false
35,11,0,NONE,"KTL2QleH","Gamble",10,4,,false
35,11,0,NONE,"vYi50vtD","Walk in the park",12,4,,false
35,11,0,NONE,"MS8LDcFh","Risky",30,6,,false
35,11,0,NONE,"MO3Zs9Kk","Hmmm....",22,6,,false
35,11,0,NONE,"gC9YQl3R","Walk in the park",14,7,,false
35,12,0,NONE,"0kyZnG7h","Quite likely",33,1,,false
35,12,0,NONE,"IvuAuM9i","Rather detrimental",80,2,,false
35,12,0,NONE,"K1oFarr4","Walk in the park",15,2,,true
35,12,0,NONE,"KV3S41eF","Suicide mission",43,2,,false
35,12,0,NONE,"KTL2QleH","Gamble",10,3,,false
35,12,0,NONE,"vYi50vtD","Walk in the park",12,3,,false
35,12,0,NONE,"MS8LDcFh","Risky",30,5,,false
35,12,0,NONE,"MO3Zs9Kk","Hmmm....",22,5,,false
35,12,0,NONE,"gC9YQl3R","Walk in the park",14,6,,false
35,12,0,NONE,"dgyolBsC","Risky",66,7,,false
35,13,0,NONE,"IvuAuM9i","Rather detrimental",80,1,,false
35,13,0,NONE,"KV3S41eF","Suicide mission",43,1,,false
35,13,0,NONE,"KTL2QleH","Gamble",10,2,,false
35,13,0,NONE,"vYi50vtD","Walk in the park",12,2,,false
35,13,0,NONE,"MS8LDcFh","Risky",30,4,,false
35,13,0,NONE,"MO3Zs9Kk","Hmmm....",22,4,,false
35,13,0,NONE,"gC9YQl3R","Walk in the park",14,5,,true
35,13,0,NONE,"dgyolBsC","Risky",66,6,,false
35,13,0,NONE,"EFggA0Gs","Hmmm....",70,7,,false
35,13,0,NONE,"mGVsiL3v","Quite likely",37,7,,false
35,15,0,NONE,"MS8LDcFh","Risky",30,2,,false
35,15,0,NONE,"MO3Zs9Kk","Hmmm....",22,2,,false
35,15,0,NONE,"dgyolBsC","Risky",66,4,,false
35,15,0,NONE,"EFggA0Gs","Hmmm....",70,5,,false
35,15,0,NONE,"mGVsiL3v","Quite likely",37,5,,false
35,15,0,NONE,"nb5qkto8","Piece of cake",74,6,,false
35,15,0,NONE,"jLzr387l","Piece of cake",50,6,,false
35,15,0,NONE,"ONoyUFD6","Hmmm....",21,6,,false
35,15,0,NONE,"59l3TIuy","Piece of cake",71,7,,true
35,15,0,NONE,"av0eZQpQ","Piece of cake",70,7,,false
35,16,0,NONE,"MS8LDcFh","Risky",30,1,,false
35,16,0,NONE,"MO3Zs9Kk","Hmmm....",22,1,,false
35,16,0,NONE,"dgyolBsC","Risky",66,3,,true
35,16,0,NONE,"EFggA0Gs","Hmmm....",70,4,,false
35,16,0,NONE,"mGVsiL3v","Quite likely",37,4,,false
35,16,0,NONE,"nb5qkto8","Piece of cake",74,5,,false
35,16,0,NONE,"jLzr387l","Piece of cake",50,5,,false
35,16,0,NONE,"ONoyUFD6","Hmmm....",21,5,,false
35,16,0,NONE,"av0eZQpQ","Piece of cake",70,6,,false
35,16,0,NONE,"bS8LU6mX","Rather detrimental",128,3,1,false
35,17,0,NONE,"EFggA0Gs","Hmmm....",70,3,,false
35,17,0,NONE,"mGVsiL3v","Quite likely",37,3,,false
35,17,0,NONE,"nb5qkto8","Piece of cake",74,4,,false
35,17,0,NONE,"jLzr387l","Piece of cake",50,4,,false
35,17,0,NONE,"ONoyUFD6","Hmmm....",21,4,,false
35,17,0,NONE,"av0eZQpQ","Piece of cake",70,5,,false
35,17,0,NONE,"bS8LU6mX","Rather detrimental",128,2,1,false
35,17,0,NONE,"ADvrBrve","Sure thing",58,7,,true
35,17,0,NONE,"mgg8EaLS","Playing with fire",129,2,1,false
35,17,0,NONE,"aZAPpDnK","Piece of cake",63,7,,false
35,18,0,NONE,"EFggA0Gs","Hmmm....",70,2,,false
35,18,0,NONE,"mGVsiL3v","Quite likely",37,2,,false
35,18,0,NONE,"nb5qkto8","Piece of cake",74,3,,false
35,18,0,NONE,"jLzr387l","Piece of cake",50,3,,false
35,18,0,NONE,"ONoyUFD6","Hmmm....",21,3,,false
35,18,0,NONE,"av0eZQpQ","Piece of cake",70,4,,false
35,18,0,NONE,"bS8LU6mX","Rather detrimental",128,1,1,false
35,18,0,NONE,"mgg8EaLS","Playing with fire",129,1,1,false
35,18,0,NONE,"aZAPpDnK","Piece of cake",63,6,,true
35,18,0,NONE,"k1f4MfP6","Piece of cake",60,7,,false
35,19,0,NONE,"EFggA0Gs","Hmmm....",70,1,,false
35,19,0,NONE,"mGVsiL3v","Quite likely",37,1,,false
35,19,0,NONE,"nb5qkto8","Piece of cake",74,2,,false
35,19,0,NONE,"jLzr387l","Piece of cake",50,2,,false
35,19,0,NONE,"ONoyUFD6","Hmmm....",21,2,,false
35,19,0,NONE,"av0eZQpQ","Piece of cake",70,3,,false
35,19,0,NONE,"k1f4MfP6","Piece of cake",60,6,,false
35,19,0,NONE,"ObdEGdk4","Walk in the park",68,7,,false
35,19,0,NONE,"fvKjkDNL","Gamble",63,7,,false
35,19,0,NONE,"H4BWEg3R","Sure thing",73,7,,true
35,20,0,NONE,"nb5qkto8","Piece of cake",74,1,,false
35,20,0,NONE,"jLzr387l","Piece of cake",50,1,,false
35,20,0,NONE,"ONoyUFD6","Hmmm....",21,1,,false
35,20,0,NONE,"av0eZQpQ","Piece of cake",70,2,,false
35,20,0,NONE,"k1f4MfP6","Piece of cake",60,5,,true
35,20,0,NONE,"ObdEGdk4","Walk in the park",68,6,,false
35,20,0,NONE,"fvKjkDNL","Gamble",63,6,,false
35,20,0,NONE,"i3ZK9mHK","Quite likely",158,3,1,false
35,20,0,NONE,"J7OvgFc4","Playing with fire",124,3,1,false
35,20,0,NONE,"1vrknrFl","Risky",67,7,,false
35,21,0,NONE,"av0eZQpQ","Piece of cake",70,1,,false
35,21,0,NONE,"ObdEGdk4","Walk in the park",68,5,,false
35,21,0,NONE,"fvKjkDNL","Gamble",63,5,,false
35,21,0,NONE,"i3ZK9mHK","Quite likely",158,2,1,false
35,21,0,NONE,"J7OvgFc4","Playing with fire",124,2,1,false
35,21,0,NONE,"1vrknrFl","Risky",67,6,,false
35,21,0,NONE,"IxH6KC1d","Playing with fire",140,2,1,false
35,21,0,NONE,"d3ZhAttR","Quite likely",131,3,1,false
35,21,0,NONE,"mkLAQFh4","Piece of cake",65,7,,true
35,21,0,NONE,"7qcNgn5F","Playing with fire",161,3,1,false
35,22,0,NONE,"ObdEGdk4","Walk in the park",68,4,,false
35,22,0,NONE,"fvKjkDNL","Gamble",63,4,,false
35,22,0,NONE,"i3ZK9mHK","Quite likely",158,1,1,false
35,22,0,NONE,"J7OvgFc4","Playing with fire",124,1,1,false
35,22,0,NONE,"1vrknrFl","Risky",67,5,,false
35,22,0,NONE,"IxH6KC1d","Playing with fire",140,1,1,false
35,22,0,NONE,"d3ZhAttR","Quite likely",131,2,1,false
35,22,0,NONE,"7qcNgn5F","Playing with fire",161,2,1,false
35,22,0,NONE,"cRIMFi0i","Suicide mission",121,2,1,false
35,22,0,NONE,"1Stfwv49","Sure thing",91,7,,true
35,23,0,NONE,"ObdEGdk4","Walk in the park",68,3,,false
35,23,0,NONE,"fvKjkDNL","Gamble",63,3,,false
35,23,0,NONE,"1vrknrFl","Risky",67,4,,false
35,23,0,NONE,"d3ZhAttR","Quite likely",131,1,1,true
35,23,0,NONE,"7qcNgn5F","Playing with fire",161,1,1,false
35,23,0,NONE,"cRIMFi0i","Suicide mission",121,1,1,false
35,23,0,NONE,"0dKeSMFF","Sure thing",158,7,,false
35,23,0,NONE,"nJpA7WuA","Suicide mission",141,2,1,false
35,23,0,NONE,"ypoy09ah","Quite likely",91,7,,false
35,23,0,NONE,"NzcxLUV3","Piece of cake",166,7,,false
35,24,0,NONE,"ObdEGdk4","Walk in the park",68,2,,false
35,24,0,NONE,"fvKjkDNL","Gamble",63,2,,false
35,24,0,NONE,"1vrknrFl","Risky",67,3,,false
35,24,0,NONE,"0dKeSMFF","Sure thing",158,6,,true
35,24,0,NONE,"nJpA7WuA","Suicide mission",141,1,1,false
35,24,0,NONE,"ypoy09ah","Quite likely",91,6,,false
35,24,0,NONE,"NzcxLUV3","Piece of cake",166,6,,false
35,24,0,NONE,"1e6KVOsn","Hmmm....",144,2,1,false
35,24,0,NONE,"L5MX2w3s","Risky",147,2,1,false
35,24,0,NONE,"59OZG2Q3","Walk in the park",66,7,,false
35,26,0,NONE,"1vrknrFl","Risky",67,1,,true
35,26,0,NONE,"ypoy09ah","Quite likely",91,4,,false
35,26,0,NONE,"NzcxLUV3","Piece of cake",166,4,,false
35,26,0,NONE,"59OZG2Q3","Walk in the park",66,5,,false
35,26,0,NONE,"CH1debbP","Quite likely",126,1,1,false
35,26,0,NONE,"cWREkykf","Walk in the park",105,6,,false
35,26,0,NONE,"ib67C6xb","Impossible",119,2,2,false
35,26,0,NONE,"xZBU68qn","Rather detrimental",133,2,1,false
35,26,0,NONE,"mLbkMaja","Risky",105,7,,false
35,26,0,NONE,"YK6S7dPs","Hmmm....",125,3,1,false
35,28,0,NONE,"ypoy09ah","Quite likely",91,2,,false
35,28,0,NONE,"NzcxLUV3","Piece of cake",166,2,,true
35,28,0,NONE,"59OZG2Q3","Walk in the park",66,3,,false
35,28,0,NONE,"cWREkykf","Walk in the park",105,4,,false
35,28,0,NONE,"mLbkMaja","Risky",105,5,,false
35,28,0,NONE,"YK6S7dPs","Hmmm....",125,1,1,false
35,28,0,NONE,"kQOlMrfq","Suicide mission",131,2,1,false
35,28,0,NONE,"9cwAw9Tk","Rather detrimental",136,1,1,false
35,28,0,NONE,"yM9yGD9D","Impossible",124,2,2,false
35,28,0,NONE,"MOXNJhVO","Rather detrimental",132,2,1,false
35,30,0,NONE,"59OZG2Q3","Walk in the park",66,1,,false
35,30,0,NONE,"cWREkykf","Walk in the park",105,2,,false
35,30,0,NONE,"mLbkMaja","Risky",105,3,,false
35,30,0,NONE,"YE7kLJIu","Playing with fire",114,1,1,false
35,30,0,NONE,"j84oUS6o","Piece of cake",98,6,,true
35,30,0,NONE,"U1Kfqgie","Gamble",119,2,1,false
35,30,0,NONE,"wX2XFuAt","Suicide mission",130,2,1,false
35,30,0,NONE,"JTWdyyEF","Risky",164,2,1,false
35,30,0,NONE,"OyvAYAJb","Risky",142,2,1,false
35,30,0,NONE,"yVlkouKo","Rather detrimental",161,2,1,false
35,31,0,NONE,"cWREkykf","Walk in the park",105,1,,false
35,31,0,NONE,"mLbkMaja","Risky",105,2,,false
35,31,0,NONE,"U1Kfqgie","Gamble",119,1,1,false
35,31,0,NONE,"wX2XFuAt","Suicide mission",130,1,1,false
35,31,0,NONE,"JTWdyyEF","Risky",164,1,1,false
35,31,0,NONE,"OyvAYAJb","Risky",142,1,1,false
35,31,0,NONE,"yVlkouKo","Rather detrimental",161,1,1,false
35,31,0,NONE,"6pIIx1Tf","Piece of cake",94,7,,true
35,31,0,NONE,"tCpb7S5H","Playing with fire",147,2,1,false
35,31,0,NONE,"OQGQ54dj","Hmmm....",79,7,,false
35,32,0,NONE,"mLbkMaja","Risky",105,1,,false
35,32,0,NONE,"tCpb7S5H","Playing with fire",147,1,1,true
35,32,0,NONE,"OQGQ54dj","Hmmm....",79,6,,false
35,32,0,NONE,"5u0WhcOK","Suicide mission",144,3,1,false
35,32,0,NONE,"ZFYfnGr9","Suicide mission",133,2,1,false
35,32,0,NONE,"371KObGj","Walk in the park",119,7,,false
35,32,0,NONE,"ezt7xCoE","Suicide mission",136,2,1,false
35,32,0,NONE,"Yjo5dzAs","Playing with fire",138,3,1,false
35,32,0,NONE,"XV4OxVPM","Rather detrimental",151,2,1,false
35,32,0,NONE,"TejvjY8W","Risky",114,2,1,false
35,34,0,NONE,"OQGQ54dj","Hmmm....",79,4,,false
35,34,0,NONE,"5u0WhcOK","Suicide mission",144,1,1,false
35,34,0,NONE,"371KObGj","Walk in the park",119,5,,false
35,34,0,NONE,"Yjo5dzAs","Playing with fire",138,1,1,false
35,34,0,NONE,"KjHHWiM9","Playing with fire",151,2,1,false
35,34,0,NONE,"ztOiyg5I","Piece of cake",91,6,,false
35,34,0,NONE,"yYw9bP4b","Walk in the park",83,7,,false
35,34,0,NONE,"m9pAxvtY","Piece of cake",106,7,,true
35,34,0,NONE,"edMhMInc","Risky",123,2,1,false
35,34,0,NONE,"uP5Xl0Sl","Suicide mission",120,2,1,false
35,35,0,NONE,"OQGQ54dj","Hmmm....",79,3,,false
35,35,0,NONE,"371KObGj","Walk in the park",119,4,,false
35,35,0,NONE,"KjHHWiM9","Playing with fire",151,1,1,false
35,35,0,NONE,"ztOiyg5I","Piece of cake",91,5,,false
35,35,0,NONE,"yYw9bP4b","Walk in the park",83,6,,false
35,35,0,NONE,"edMhMInc","Risky",123,1,1,false
35,35,0,NONE,"uP5Xl0Sl","Suicide mission",120,1,1,false
35,35,0,NONE,"bUks5pkv","Risky",95,7,,true
35,35,0,NONE,"sHyGgsSZ","Gamble",93,7,,false
35,35,0,NONE,"vJJwQabT","Walk in the park",75,7,,false
35,36,0,NONE,"OQGQ54dj","Hmmm....",79,2,,false
35,36,0,NONE,"371KObGj","Walk in the park",119,3,,false
35,36,0,NONE,"ztOiyg5I","Piece of cake",91,4,,false
35,36,0,NONE,"yYw9bP4b","Walk in the park",83,5,,false
35,36,0,NONE,"sHyGgsSZ","Gamble",93,6,,false
35,36,0,NONE,"vJJwQabT","Walk in the park",75,6,,false
35,36,0,NONE,"mMG6uMMG","Suicide mission",95,7,,false
35,36,0,NONE,"39uCbS54","Gamble",69,7,,false
35,36,0,NONE,"WEj9mivK","Piece of cake",101,7,,true
35,36,0,NONE,"QyuHCn98","Hmmm....",96,7,,false
35,37,0,NONE,"OQGQ54dj","Hmmm....",79,1,,true
35,37,0,NONE,"371KObGj","Walk in the park",119,2,,false
35,37,0,NONE,"ztOiyg5I","Piece of cake",91,3,,false
35,37,0,NONE,"yYw9bP4b","Walk in the park",83,4,,false
35,37,0,NONE,"sHyGgsSZ","Gamble",93,5,,false
35,37,0,NONE,"vJJwQabT","Walk in the park",75,5,,false
35,37,0,NONE,"mMG6uMMG","Suicide mission",95,6,,false
35,37,0,NONE,"39uCbS54","Gamble",69,6,,false
35,37,0,NONE,"QyuHCn98","Hmmm....",96,6,,false
35,37,0,NONE,"TmaiEq1B","Walk in the park",92,7,,false
35,38,0,NONE,"371KObGj","Walk in the park",119,1,,false
35,38,0,NONE,"ztOiyg5I","Piece of cake",91,2,,false
35,38,0,NONE,"yYw9bP4b","Walk in the park",83,3,,false
35,38,0,NONE,"sHyGgsSZ","Gamble",93,4,,false
35,38,0,NONE,"vJJwQabT","Walk in the park",75,4,,false
35,38,0,NONE,"mMG6uMMG","Suicide mission",95,5,,false
35,38,0,NONE,"39uCbS54","Gamble",69,5,,false
35,38,0,NONE,"QyuHCn98","Hmmm....",96,5,,false
35,38,0,NONE,"TmaiEq1B","Walk in the park",92,6,,true
35,38,0,NONE,"khrVaNDy","Gamble",103,7,,false
35,39,0,NONE,"ztOiyg5I","Piece of cake",91,1,,true
35,39,0,NONE,"yYw9bP4b","Walk in the park",83,2,,false
35,39,0,NONE,"sHyGgsSZ","Gamble",93,3,,false
35,39,0,NONE,"vJJwQabT","Walk in the park",75,3,,false
35,39,0,NONE,"mMG6uMMG","Suicide mission",95,4,,false
35,39,0,NONE,"39uCbS54","Gamble",69,4,,false
35,39,0,NONE,"QyuHCn98","Hmmm....",96,4,,false
35,39,0,NONE,"khrVaNDy","Gamble",103,6,,false
35,39,0,NONE,"jKYgtcpu","Rather detrimental",87,7,,false
35,39,0,NONE,"YvGuiQJ4","Quite likely",89,7,,false
35,40,0,NONE,"yYw9bP4b","Walk in the park",83,1,,false
35,40,0,NONE,"sHyGgsSZ","Gamble",93,2,,false
35,40,0,NONE,"vJJwQabT","Walk in the park",75,2,,true
35,40,0,NONE,"mMG6uMMG","Suicide mission",95,3,,false
35,40,0,NONE,"39uCbS54","Gamble",69,3,,false
35,40,0,NONE,"QyuHCn98","Hmmm....",96,3,,false
35,40,0,NONE,"khrVaNDy","Gamble",103,5,,false
35,40,0,NONE,"jKYgtcpu","Rather detrimental",87,6,,false
35,40,0,NONE,"YvGuiQJ4","Quite likely",89,6,,false
35,40,0,NONE,"Rlrd4KMH","Rather detrimental",79,7,,false
35,41,0,NONE,"sHyGgsSZ","Gamble",93,1,,false
35,41,0,NONE,"mMG6uMMG","Suicide mission",95,2,,false
35,41,0,NONE,"39uCbS54","Gamble",69,2,,false
35,41,0,NONE,"QyuHCn98","Hmmm....",96,2,,false
35,41,0,NONE,"khrVaNDy","Gamble",103,4,,true
35,41,0,NONE,"jKYgtcpu","Rather detrimental",87,5,,false
35,41,0,NONE,"YvGuiQJ4","Quite likely",89,5,,false
35,41,0,NONE,"Rlrd4KMH","Rather detrimental",79,6,,false
35,41,0,NONE,"VjWqDIn2","Quite likely",72,7,,false
35,41,0,NONE,"Le130UFN","Hmmm....",94,7,,false
35,42,0,NONE,"mMG6uMMG","Suicide mission",95,1,,false
35,42,0,NONE,"39uCbS54","Gamble",69,1,,false
35,42,0,NONE,"QyuHCn98","Hmmm....",96,1,,false
35,42,0,NONE,"jKYgtcpu","Rather detrimental",87,4,,false
35,42,0,NONE,"YvGuiQJ4","Quite likely",89,4,,false
35,42,0,NONE,"Rlrd4KMH","Rather detrimental",79,5,,false
35,42,0,NONE,"VjWqDIn2","Quite likely",72,6,,false
35,42,0,NONE,"Le130UFN","Hmmm....",94,6,,true
35,42,0,NONE,"581l0hG9","Playing with fire",61,7,,false
35,42,0,NONE,"lLJ1VMhD","Walk in the park",101,7,,false
35,43,0,NONE,"jKYgtcpu","Rather detrimental",87,3,,false
35,43,0,NONE,"YvGuiQJ4","Quite likely",89,3,,false
35,43,0,NONE,"Rlrd4KMH","Rather detrimental",79,4,,false
35,43,0,NONE,"VjWqDIn2","Quite likely",72,5,,false
35,43,0,NONE,"581l0hG9","Playing with fire",61,6,,false
35,43,0,NONE,"lLJ1VMhD","Walk in the park",101,6,,true
35,43,0,NONE,"QlcUCYe1","Rather detrimental",100,7,,false
35,43,0,NONE,"QhasKBwW","Risky",80,7,,false
35,43,0,NONE,"51dgpOdg","Hmmm....",79,7,,false
35,43,0,NONE,"fzHTQGrk","Gamble",81,7,,false
35,44,0,NONE,"jKYgtcpu","Rather detrimental",87,2,,false
35,44,0,NONE,"YvGuiQJ4","Quite likely",89,2,,false
35,44,0,NONE,"Rlrd4KMH","Rather detrimental",79,3,,false
35,44,0,NONE,"VjWqDIn2","Quite likely",72,4,,true
35,44,0,NONE,"581l0hG9","Playing with fire",61,5,,false
35,44,0,NONE,"QlcUCYe1","Rather detrimental",100,6,,false
35,44,0,NONE,"QhasKBwW","Risky",80,6,,false
35,44,0,NONE,"51dgpOdg","Hmmm....",79,6,,false
35,44,0,NONE,"fzHTQGrk","Gamble",81,6,,false
35,44,0,NONE,"7xfVXLlR","Playing with fire",83,7,,false
35,46,0,NONE,"Rlrd4KMH","Rather detrimental",79,1,,false
35,46,0,NONE,"581l0hG9","Playing with fire",61,3,,false
35,46,0,NONE,"QlcUCYe1","Rather detrimental",100,4,,true
35,46,0,NONE,"QhasKBwW","Risky",80,4,,false
35,46,0,NONE,"51dgpOdg","Hmmm....",79,4,,false
35,46,0,NONE,"fzHTQGrk","Gamble",81,4,,false
35,46,0,NONE,"7xfVXLlR","Playing with fire",83,5,,false
35,46,0,NONE,"u4cWfFI1","Quite likely",69,6,,false
35,46,0,NONE,"rralfaUw","Playing with fire",105,7,,false
35,46,0,NONE,"qFjsmCpR","Suicide mission",86,7,,false
35,47,0,NONE,"581l0hG9","Playing with fire",61,2,,false
35,47,0,NONE,"QhasKBwW","Risky",80,3,,false
35,47,0,NONE,"51dgpOdg","Hmmm....",79,3,,false
35,47,0,NONE,"fzHTQGrk","Gamble",81,3,,false
35,47,0,NONE,"7xfVXLlR","Playing with fire",83,4,,false
35,47,0,NONE,"u4cWfFI1","Quite likely",69,5,,true
35,47,0,NONE,"rralfaUw","Playing with fire",105,6,,false
35,47,0,NONE,"qFjsmCpR","Suicide mission",86,6,,false
35,47,0,NONE,"SDCWaA6q","Hmmm....",82,7,,false
35,47,0,NONE,"fZmt3bzF","Playing with fire",82,7,,false
35,49,0,NONE,"QhasKBwW","Risky",80,1,,false
35,49,0,NONE,"51dgpOdg","Hmmm....",79,1,,true
35,49,0,NONE,"fzHTQGrk","Gamble",81,1,,false
35,49,0,NONE,"7xfVXLlR","Playing with fire",83,2,,false
35,49,0,NONE,"rralfaUw","Playing with fire",105,4,,false
35,49,0,NONE,"qFjsmCpR","Suicide mission",86,4,,false
35,49,0,NONE,"SDCWaA6q","Hmmm....",82,5,,false
35,49,0,NONE,"fZmt3bzF","Playing with fire",82,5,,false
35,49,0,NONE,"srkRfgHL","Suicide mission",61,6,,false
35,49,0,NONE,"tRQtgloY","Rather detrimental",80,7,,false
36,0,0,NONE,"2y0gNG6d","Walk in the park",13,7,,false
36,0,0,NONE,"UpOAheBh","Piece of cake",84,7,,false
36,0,0,NONE,"Mu52Qoej","Walk in the park",53,7,,false
36,0,0,NONE,"PwscTgaT","Quite likely",67,7,,false
36,0,0,NONE,"9ybVTrby","Gamble",21,7,,false
36,0,0,NONE,"rsJ2Vdhk","Piece of cake",55,7,,false
36,0,0,NONE,"WAhvOBKx","Playing with fire",83,7,,false
36,0,0,NONE,"aoZz5ZkF","Risky",7,7,,false
36,0,0,NONE,"FnFcO7P1","Piece of cake",43,7,,true
36,0,0,NONE,"IBFy1FSJ","Piece of cake",25,7,,false
36,1,0,NONE,"2y0gNG6d","Walk in the park",13,6,,false
36,1,0,NONE,"UpOAheBh","Piece of cake",84,6,,false
36,1,0,NONE,"Mu52Qoej","Walk in the park",53,6,,false
36,1,0,NONE,"PwscTgaT","Quite likely",67,6,,false
36,1,0,NONE,"9ybVTrby","Gamble",21,6,,false
36,1,0,NONE,"rsJ2Vdhk","Piece of cake",55,6,,false
36,1,0,NONE,"WAhvOBKx","Playing with fire",83,6,,false
36,1,0,NONE,"aoZz5ZkF","Risky",7,6,,false
36,1,0,NONE,"IBFy1FSJ","Piece of cake",25,6,,true
36,1,0,NONE,"sevQObQg","Piece of cake",14,7,,false
36,2,0,NONE,"2y0gNG6d","Walk in the park",13,5,,false
36,2,0,NONE,"UpOAheBh","Piece of cake",84,5,,true
36,2,0,NONE,"Mu52Qoej","Walk in the park",53,5,,false
36,2,0,NONE,"PwscTgaT","Quite likely",67,5,,false
36,2,0,NONE,"9ybVTrby","Gamble",21,5,,false
36,2,0,NONE,"rsJ2Vdhk","Piece of cake",55,5,,false
36,2,0,NONE,"WAhvOBKx","Playing with fire",83,5,,false
36,2,0,NONE,"aoZz5ZkF","Risky",7,5,,false
36,2,0,NONE,"sevQObQg","Piece of cake",14,6,,false
36,2,0,NONE,"jE0S1hRn","Quite likely",5,7,,false
36,3,0,NONE,"2y0gNG6d","Walk in the park",13,4,,false
36,3,0,NONE,"Mu52Qoej","Walk in the park",53,4,,false
36,3,0,NONE,"PwscTgaT","Quite likely",67,4,,false
36,3,0,NONE,"9ybVTrby","Gamble",21,4,,false
36,3,0,NONE,"rsJ2Vdhk","Piece of cake",55,4,,true
36,3,0,NONE,"WAhvOBKx","Playing with fire",83,4,,false
36,3,0,NONE,"aoZz5ZkF","Risky",7,4,,false
36,3,0,NONE,"sevQObQg","Piece of cake",14,5,,false
36,3,0,NONE,"jE0S1hRn","Quite likely",5,6,,false
36,3,0,NONE,"dJvPxMMa","Hmmm....",18,7,,false
36,4,0,NONE,"2y0gNG6d","Walk in the park",13,3,,false
36,4,0,NONE,"Mu52Qoej","Walk in the park",53,3,,false
36,4,0,NONE,"PwscTgaT","Quite likely",67,3,,false
36,4,0,NONE,"9ybVTrby","Gamble",21,3,,false
36,4,0,NONE,"WAhvOBKx","Playing with fire",83,3,,false
36,4,0,NONE,"aoZz5ZkF","Risky",7,3,,false
36,4,0,NONE,"sevQObQg","Piece of cake",14,4,,true
36,4,0,NONE,"jE0S1hRn","Quite likely",5,5,,false
36,4,0,NONE,"dJvPxMMa","Hmmm....",18,6,,false
36,4,0,NONE,"eLp7zG14","Walk in the park",18,7,,false
36,5,0,NONE,"2y0gNG6d","Walk in the park",13,2,,true
36,5,0,NONE,"Mu52Qoej","Walk in the park",53,2,,false
36,5,0,NONE,"PwscTgaT","Quite likely",67,2,,false
36,5,0,NONE,"9ybVTrby","Gamble",21,2,,false
36,5,0,NONE,"WAhvOBKx","Playing with fire",83,2,,false
36,5,0,NONE,"aoZz5ZkF","Risky",7,2,,false
36,5,0,NONE,"jE0S1hRn","Quite likely",5,4,,false
36,5,0,NONE,"dJvPxMMa","Hmmm....",18,5,,false
36,5,0,NONE,"eLp7zG14","Walk in the park",18,6,,false
36,5,0,NONE,"AotNycLN","Walk in the park",27,7,,false
36,7,0,NONE,"jE0S1hRn","Quite likely",5,2,,false
36,7,0,NONE,"dJvPxMMa","Hmmm....",18,3,,false
36,7,0,NONE,"eLp7zG14","Walk in the park",18,4,,false
36,7,0,NONE,"AotNycLN","Walk in the park",27,5,,false
36,7,0,NONE,"easSm3iD","Walk in the park",16,6,,false
36,7,0,NONE,"kLT21cQQ","Quite likely",25,7,,false
36,7,0,NONE,"9jIuXIg3","Quite likely",24,7,,false
36,7,0,NONE,"A4f0jGAl","Piece of cake",42,7,,true
36,7,0,NONE,"pBdPbAqH","Suicide mission",32,7,,false
36,7,0,NONE,"KgmHvjI0","Rather detrimental",36,7,,false
36,8,0,NONE,"jE0S1hRn","Quite likely",5,1,,true
36,8,0,NONE,"dJvPxMMa","Hmmm....",18,2,,false
36,8,0,NONE,"eLp7zG14","Walk in the park",18,3,,false
36,8,0,NONE,"AotNycLN","Walk in the park",27,4,,false
36,8,0,NONE,"easSm3iD","Walk in the park",16,5,,false
36,8,0,NONE,"kLT21cQQ","Quite likely",25,6,,false
36,8,0,NONE,"9jIuXIg3","Quite likely",24,6,,false
36,8,0,NONE,"pBdPbAqH","Suicide mission",32,6,,false
36,8,0,NONE,"KgmHvjI0","Rather detrimental",36,6,,false
36,8,0,NONE,"fpRdT1Ui","Suicide mission",28,7,,false
36,10,0,NONE,"eLp7zG14","Walk in the park",18,1,,true
36,10,0,NONE,"AotNycLN","Walk in the park",27,2,,false
36,10,0,NONE,"easSm3iD","Walk in the park",16,3,,false
36,10,0,NONE,"kLT21cQQ","Quite likely",25,4,,false
36,10,0,NONE,"9jIuXIg3","Quite likely",24,4,,false
36,10,0,NONE,"pBdPbAqH","Suicide mission",32,4,,false
36,10,0,NONE,"KgmHvjI0","Rather detrimental",36,4,,false
36,10,0,NONE,"fpRdT1Ui","Suicide mission",28,5,,false
36,10,0,NONE,"pAeQqyLe","Gamble",32,6,,false
36,10,0,NONE,"0a3nRPKc","Risky",35,7,,false
36,11,0,NONE,"AotNycLN","Walk in the park",27,1,,true
36,11,0,NONE,"easSm3iD","Walk in the park",16,2,,false
36,11,0,NONE,"kLT21cQQ","Quite likely",25,3,,false
36,11,0,NONE,"9jIuXIg3","Quite likely",24,3,,false
36,11,0,NONE,"pBdPbAqH","Suicide mission",32,3,,false
36,11,0,NONE,"KgmHvjI0","Rather detrimental",36,3,,false
36,11,0,NONE,"fpRdT1Ui","Suicide mission",28,4,,false
36,11,0,NONE,"pAeQqyLe","Gamble",32,5,,false
36,11,0,NONE,"0a3nRPKc","Risky",35,6,,false
36,11,0,NONE,"uQdBz1jD","Quite likely",31,7,,false
36,12,0,NONE,"easSm3iD","Walk in the park",16,1,,true
36,12,0,NONE,"kLT21cQQ","Quite likely",25,2,,false
36,12,0,NONE,"9jIuXIg3","Quite likely",24,2,,false
36,12,0,NONE,"pBdPbAqH","Suicide mission",32,2,,false
36,12,0,NONE,"KgmHvjI0","Rather detrimental",36,2,,false
36,12,0,NONE,"fpRdT1Ui","Suicide mission",28,3,,false
36,12,0,NONE,"pAeQqyLe","Gamble",32,4,,false
36,12,0,NONE,"0a3nRPKc","Risky",35,5,,false
36,12,0,NONE,"uQdBz1jD","Quite likely",31,6,,false
36,12,0,NONE,"6YTq9ggc","Rather detrimental",39,7,,false
36,13,0,NONE,"kLT21cQQ","Quite likely",25,1,,false
36,13,0,NONE,"9jIuXIg3","Quite likely",24,1,,false
36,13,0,NONE,"pBdPbAqH","Suicide mission",32,1,,false
36,13,0,NONE,"KgmHvjI0","Rather detrimental",36,1,,true
36,13,0,NONE,"fpRdT1Ui","Suicide mission",28,2,,false
36,13,0,NONE,"pAeQqyLe","Gamble",32,3,,false
36,13,0,NONE,"0a3nRPKc","Risky",35,4,,false
36,13,0,NONE,"uQdBz1jD","Quite likely",31,5,,false
36,13,0,NONE,"6YTq9ggc","Rather detrimental",39,6,,false
36,13,0,NONE,"P4K8ClPz","Quite likely",46,7,,false
36,15,0,NONE,"pAeQqyLe","Gamble",32,1,,true
36,15,0,NONE,"0a3nRPKc","Risky",35,2,,false
36,15,0,NONE,"uQdBz1jD","Quite likely",31,3,,false
36,15,0,NONE,"6YTq9ggc","Rather detrimental",39,4,,false
36,15,0,NONE,"P4K8ClPz","Quite likely",46,5,,false
36,15,0,NONE,"tyANITmB","Risky",26,6,,false
36,15,0,NONE,"auOAoiBQ","Piece of cake",31,6,,false
36,15,0,NONE,"UiHD6zPN","Gamble",26,6,,false
36,15,0,NONE,"wMtS0RzI","Walk in the park",40,6,,false
36,15,0,NONE,"uwQftLnI","Piece of cake",72,7,,false
36,17,0,NONE,"uQdBz1jD","Quite likely",31,1,,true
36,17,0,NONE,"6YTq9ggc","Rather detrimental",39,2,,false
36,17,0,NONE,"P4K8ClPz","Quite likely",46,3,,false
36,17,0,NONE,"tyANITmB","Risky",26,4,,false
36,17,0,NONE,"auOAoiBQ","Piece of cake",31,4,,false
36,17,0,NONE,"UiHD6zPN","Gamble",26,4,,false
36,17,0,NONE,"wMtS0RzI","Walk in the park",40,4,,false
36,17,0,NONE,"uwQftLnI","Piece of cake",72,5,,false
36,17,0,NONE,"Qfs1ZRvR","Playing with fire",27,6,,false
36,17,0,NONE,"cP419kL4","Risky",64,7,,false
36,18,0,NONE,"6YTq9ggc","Rather detrimental",39,1,,false
36,18,0,NONE,"P4K8ClPz","Quite likely",46,2,,false
36,18,0,NONE,"tyANITmB","Risky",26,3,,false
36,18,0,NONE,"auOAoiBQ","Piece of cake",31,3,,false
36,18,0,NONE,"UiHD6zPN","Gamble",26,3,,false
36,18,0,NONE,"wMtS0RzI","Walk in the park",40,3,,false
36,18,0,NONE,"uwQftLnI","Piece of cake",72,4,,false
36,18,0,NONE,"Qfs1ZRvR","Playing with fire",27,5,,false
36,18,0,NONE,"cP419kL4","Risky",64,6,,false
36,18,0,NONE,"4xlh4Hue","Piece of cake",25,7,,true
36,19,0,NONE,"P4K8ClPz","Quite likely",46,1,,false
36,19,0,NONE,"tyANITmB","Risky",26,2,,false
36,19,0,NONE,"auOAoiBQ","Piece of cake",31,2,,true
36,19,0,NONE,"UiHD6zPN","Gamble",26,2,,false
36,19,0,NONE,"wMtS0RzI","Walk in the park",40,2,,false
36,19,0,NONE,"uwQftLnI","Piece of cake",72,3,,false
36,19,0,NONE,"Qfs1ZRvR","Playing with fire",27,4,,false
36,19,0,NONE,"cP419kL4","Risky",64,5,,false
36,19,0,NONE,"Eiu2mtQd","Rather detrimental",139,3,1,false
36,19,0,NONE,"klJ6GDIU","Walk in the park",54,7,,false
36,20,0,NONE,"tyANITmB","Risky",26,1,,true
36,20,0,NONE,"UiHD6zPN","Gamble",26,1,,false
36,20,0,NONE,"wMtS0RzI","Walk in the park",40,1,,false
36,20,0,NONE,"uwQftLnI","Piece of cake",72,2,,false
36,20,0,NONE,"Qfs1ZRvR","Playing with fire",27,3,,false
36,20,0,NONE,"cP419kL4","Risky",64,4,,false
36,20,0,NONE,"Eiu2mtQd","Rather detrimental",139,2,1,false
36,20,0,NONE,"klJ6GDIU","Walk in the park",54,6,,false
36,20,0,NONE,"7nYqKor5","Piece of cake",68,7,,false
36,20,0,NONE,"jlwqwjZN","Quite likely",148,3,1,false
36,21,0,NONE,"uwQftLnI","Piece of cake",72,1,,true
36,21,0,NONE,"Qfs1ZRvR","Playing with fire",27,2,,false
36,21,0,NONE,"cP419kL4","Risky",64,3,,false
36,21,0,NONE,"Eiu2mtQd","Rather detrimental",139,1,1,false
36,21,0,NONE,"klJ6GDIU","Walk in the park",54,5,,false
36,21,0,NONE,"7nYqKor5","Piece of cake",68,6,,false
36,21,0,NONE,"jlwqwjZN","Quite likely",148,2,1,false
36,21,0,NONE,"6yadO9Nf","Playing with fire",151,3,1,false
36,21,0,NONE,"qKEiCBcA","Piece of cake",69,7,,false
36,21,0,NONE,"xJfobTB0","Hmmm....",76,7,,false
36,22,0,NONE,"Qfs1ZRvR","Playing with fire",27,1,,false
36,22,0,NONE,"cP419kL4","Risky",64,2,,false
36,22,0,NONE,"klJ6GDIU","Walk in the park",54,4,,false
36,22,0,NONE,"7nYqKor5","Piece of cake",68,5,,false
36,22,0,NONE,"jlwqwjZN","Quite likely",148,1,1,false
36,22,0,NONE,"6yadO9Nf","Playing with fire",151,2,1,false
36,22,0,NONE,"qKEiCBcA","Piece of cake",69,6,,false
36,22,0,NONE,"xJfobTB0","Hmmm....",76,6,,false
36,22,0,NONE,"1bSH37rO","Piece of cake",48,7,,true
36,22,0,NONE,"NKEH9wjR","Gamble",155,2,1,false
36,23,0,NONE,"cP419kL4","Risky",64,1,,false
36,23,0,NONE,"klJ6GDIU","Walk in the park",54,3,,false
36,23,0,NONE,"7nYqKor5","Piece of cake",68,4,,false
36,23,0,NONE,"6yadO9Nf","Playing with fire",151,1,1,false
36,23,0,NONE,"qKEiCBcA","Piece of cake",69,5,,false
36,23,0,NONE,"xJfobTB0","Hmmm....",76,5,,false
36,23,0,NONE,"NKEH9wjR","Gamble",155,1,1,true
36,23,0,NONE,"RSRb5EBl","Gamble",66,7,,false
36,23,0,NONE,"4glpdt9B","Suicide mission",121,3,1,false
36,23,0,NONE,"qsDj9FKL","Hmmm....",155,3,1,false
36,24,0,NONE,"klJ6GDIU","Walk in the park",54,2,,false
36,24,0,NONE,"7nYqKor5","Piece of cake",68,3,,true
36,24,0,NONE,"qKEiCBcA","Piece of cake",69,4,,false
36,24,0,NONE,"xJfobTB0","Hmmm....",76,4,,false
36,24,0,NONE,"RSRb5EBl","Gamble",66,6,,false
36,24,0,NONE,"4glpdt9B","Suicide mission",121,2,1,false
36,24,0,NONE,"qsDj9FKL","Hmmm....",155,2,1,false
36,24,0,NONE,"egiIP6vN","Piece of cake",69,7,,false
36,24,0,NONE,"2xSlM8UR","Suicide mission",124,2,1,false
36,24,0,NONE,"4x44U5HD","Rather detrimental",141,3,1,false
36,25,0,NONE,"klJ6GDIU","Walk in the park",54,1,,false
36,25,0,NONE,"qKEiCBcA","Piece of cake",69,3,,false
36,25,0,NONE,"xJfobTB0","Hmmm....",76,3,,false
36,25,0,NONE,"RSRb5EBl","Gamble",66,5,,false
36,25,0,NONE,"4glpdt9B","Suicide mission",121,1,1,false
36,25,0,NONE,"qsDj9FKL","Hmmm....",155,1,1,true
36,25,0,NONE,"egiIP6vN","Piece of cake",69,6,,false
36,25,0,NONE,"2xSlM8UR","Suicide mission",124,1,1,false
36,25,0,NONE,"4x44U5HD","Rather detrimental",141,2,1,false
36,25,0,NONE,"hkZx8jjG","Walk in the park",106,7,,false
36,26,0,NONE,"qKEiCBcA","Piece of cake",69,2,,false
36,26,0,NONE,"xJfobTB0","Hmmm....",76,2,,false
36,26,0,NONE,"RSRb5EBl","Gamble",66,4,,false
36,26,0,NONE,"egiIP6vN","Piece of cake",69,5,,true
36,26,0,NONE,"4x44U5HD","Rather detrimental",141,1,1,false
36,26,0,NONE,"hkZx8jjG","Walk in the park",106,6,,false
36,26,0,NONE,"gN4NnDoM","Suicide mission",145,3,1,false
36,26,0,NONE,"MHzjJZyM","Hmmm....",107,7,,false
36,26,0,NONE,"AUbsnWU8","Suicide mission",153,3,1,false
36,26,0,NONE,"lb2C4B14","Impossible",113,2,2,false
36,27,0,NONE,"qKEiCBcA","Piece of cake",69,1,,false
36,27,0,NONE,"xJfobTB0","Hmmm....",76,1,,false
36,27,0,NONE,"RSRb5EBl","Gamble",66,3,,false
36,27,0,NONE,"hkZx8jjG","Walk in the park",106,5,,false
36,27,0,NONE,"gN4NnDoM","Suicide mission",145,2,1,false
36,27,0,NONE,"MHzjJZyM","Hmmm....",107,6,,true
36,27,0,NONE,"AUbsnWU8","Suicide mission",153,2,1,false
36,27,0,NONE,"lb2C4B14","Impossible",113,1,2,false
36,27,0,NONE,"Be1h0ReO","Rather detrimental",116,3,1,false
36,27,0,NONE,"vfjLL8rO","Suicide mission",94,2,2,false
36,28,0,NONE,"RSRb5EBl","Gamble",66,2,,false
36,28,0,NONE,"hkZx8jjG","Walk in the park",106,4,,true
36,28,0,NONE,"gN4NnDoM","Suicide mission",145,1,1,false
36,28,0,NONE,"AUbsnWU8","Suicide mission",153,1,1,false
36,28,0,NONE,"Be1h0ReO","Rather detrimental",116,2,1,false
36,28,0,NONE,"vfjLL8rO","Suicide mission",94,1,2,false
36,28,0,NONE,"StlOLR2M","Suicide mission",127,2,1,false
36,28,0,NONE,"rvzYyRSe","Impossible",101,2,2,false
36,28,0,NONE,"EOPL1iTd","Suicide mission",137,2,2,false
36,28,0,NONE,"mdSYAkVb","Risky",114,7,,false
36,29,0,NONE,"RSRb5EBl","Gamble",66,1,,true
36,29,0,NONE,"Be1h0ReO","Rather detrimental",116,1,1,false
36,29,0,NONE,"StlOLR2M","Suicide mission",127,1,1,false
36,29,0,NONE,"rvzYyRSe","Impossible",101,1,2,false
36,29,0,NONE,"EOPL1iTd","Suicide mission",137,1,2,false
36,29,0,NONE,"mdSYAkVb","Risky",114,6,,false
36,29,0,NONE,"XsrroRBh","Suicide mission",128,2,2,false
36,29,0,NONE,"O9CtQczB","Suicide mission",169,2,1,false
36,29,0,NONE,"lbaRoD0d","Impossible",113,2,2,false
36,29,0,NONE,"FwZVjEmJ","Suicide mission",99,2,2,false
36,30,0,NONE,"mdSYAkVb","Risky",114,5,,false
36,30,0,NONE,"XsrroRBh","Suicide mission",128,1,2,false
36,30,0,NONE,"O9CtQczB","Suicide mission",169,1,1,false
36,30,0,NONE,"lbaRoD0d","Impossible",113,1,2,true
36,30,0,NONE,"FwZVjEmJ","Suicide mission",99,1,2,false
36,30,0,NONE,"oN0dATb4","Impossible",126,3,1,false
36,30,0,NONE,"N8dCkSUm","Piece of cake",97,7,,false
36,30,0,NONE,"FRwS9jvy","Suicide mission",119,3,1,false
36,30,0,NONE,"VMraiGPP","Playing with fire",116,2,1,false
36,30,0,NONE,"5GzRD2j8","Suicide mission",124,3,1,false
36,32,0,NONE,"mdSYAkVb","Risky",114,3,,true
36,32,0,NONE,"oN0dATb4","Impossible",126,1,1,false
36,32,0,NONE,"N8dCkSUm","Piece of cake",97,5,,false
36,32,0,NONE,"FRwS9jvy","Suicide mission",119,1,1,false
36,32,0,NONE,"5GzRD2j8","Suicide mission",124,1,1,false
36,32,0,NONE,"E6nyhwRd","Piece of cake",94,6,,false
36,32,0,NONE,"DfgGy5WP","Rather detrimental",134,2,1,false
36,32,0,NONE,"4y9LAokj","Piece of cake",113,6,,false
36,32,0,NONE,"v4aAcClk","Risky",138,1,1,false
36,32,0,NONE,"bGvIEkMS","Suicide mission",118,2,1,false
36,34,0,NONE,"N8dCkSUm","Piece of cake",97,3,,false
36,34,0,NONE,"E6nyhwRd","Piece of cake",94,4,,false
36,34,0,NONE,"4y9LAokj","Piece of cake",113,4,,true
36,34,0,NONE,"E4u533Nu","Suicide mission",125,1,1,false
36,34,0,NONE,"WkW76xhT","Suicide mission",132,1,1,false
36,34,0,NONE,"Y1V2qInE","Impossible",133,2,1,false
36,34,0,NONE,"pGPrrmXh","Hmmm....",91,6,,false
36,34,0,NONE,"5iZuaPqk","Walk in the park",86,6,,false
36,34,0,NONE,"Z4XJ2lMw","Gamble",105,2,1,false
36,34,0,NONE,"A0vjiWq1","Playing with fire",115,3,1,false
36,35,0,NONE,"N8dCkSUm","Piece of cake",97,2,,false
36,35,0,NONE,"E6nyhwRd","Piece of cake",94,3,,false
36,35,0,NONE,"Y1V2qInE","Impossible",133,1,1,false
36,35,0,NONE,"pGPrrmXh","Hmmm....",91,5,,false
36,35,0,NONE,"5iZuaPqk","Walk in the park",86,5,,false
36,35,0,NONE,"Z4XJ2lMw","Gamble",105,1,1,true
36,35,0,NONE,"A0vjiWq1","Playing with fire",115,2,1,false
36,35,0,NONE,"LMW3EZND","Gamble",82,7,,false
36,35,0,NONE,"q7klN8l8","Walk in the park",92,7,,false
36,35,0,NONE,"GP2i5NSe","Walk in the park",73,7,,false
36,37,0,NONE,"E6nyhwRd","Piece of cake",94,1,,true
36,37,0,NONE,"pGPrrmXh","Hmmm....",91,3,,false
36,37,0,NONE,"5iZuaPqk","Walk in the park",86,3,,false
36,37,0,NONE,"LMW3EZND","Gamble",82,5,,false
36,37,0,NONE,"q7klN8l8","Walk in the park",92,5,,false
36,37,0,NONE,"GP2i5NSe","Walk in the park",73,5,,false
36,37,0,NONE,"JsH8OPDn","Risky",84,6,,false
36,37,0,NONE,"FCwz0Ke2","Suicide mission",84,6,,false
36,37,0,NONE,"iTOy9GLb","Risky",74,7,,false
36,37,0,NONE,"TvVhunSu","Quite likely",101,7,,false
36,38,0,NONE,"pGPrrmXh","Hmmm....",91,2,,false
36,38,0,NONE,"5iZuaPqk","Walk in the park",86,2,,true
36,38,0,NONE,"LMW3EZND","Gamble",82,4,,false
36,38,0,NONE,"q7klN8l8","Walk in the park",92,4,,false
36,38,0,NONE,"GP2i5NSe","Walk in the park",73,4,,false
36,38,0,NONE,"JsH8OPDn","Risky",84,5,,false
36,38,0,NONE,"FCwz0Ke2","Suicide mission",84,5,,false
36,38,0,NONE,"iTOy9GLb","Risky",74,6,,false
36,38,0,NONE,"TvVhunSu","Quite likely",101,6,,false
36,38,0,NONE,"88VJ0sZ3","Gamble",88,7,,false
36,39,0,NONE,"pGPrrmXh","Hmmm....",91,1,,false
36,39,0,NONE,"LMW3EZND","Gamble",82,3,,false
36,39,0,NONE,"q7klN8l8","Walk in the park",92,3,,false
36,39,0,NONE,"GP2i5NSe","Walk in the park",73,3,,false
36,39,0,NONE,"JsH8OPDn","Risky",84,4,,false
36,39,0,NONE,"FCwz0Ke2","Suicide mission",84,4,,false
36,39,0,NONE,"iTOy9GLb","Risky",74,5,,false
36,39,0,NONE,"TvVhunSu","Quite likely",101,5,,false
36,39,0,NONE,"88VJ0sZ3","Gamble",88,6,,false
36,39,0,NONE,"uUTGRyHO","Piece of cake",87,7,,true
36,40,0,NONE,"LMW3EZND","Gamble",82,2,,false
36,40,0,NONE,"q7klN8l8","Walk in the park",92,2,,false
36,40,0,NONE,"GP2i5NSe","Walk in the park",73,2,,true
36,40,0,NONE,"JsH8OPDn","Risky",84,3,,false
36,40,0,NONE,"FCwz0Ke2","Suicide mission",84,3,,false
36,40,0,NONE,"iTOy9GLb","Risky",74,4,,false
36,40,0,NONE,"TvVhunSu","Quite likely",101,4,,false
36,40,0,NONE,"88VJ0sZ3","Gamble",88,5,,false
36,40,0,NONE,"FhxCpqvX","Gamble",72,7,,false
36,40,0,NONE,"cDTcR5zM","Risky",96,7,,false
36,41,0,NONE,"LMW3EZND","Gamble",82,1,,false
36,41,0,NONE,"q7klN8l8","Walk in the park",92,1,,false
36,41,0,NONE,"JsH8OPDn","Risky",84,2,,false
36,41,0,NONE,"FCwz0Ke2","Suicide mission",84,2,,false
36,41,0,NONE,"iTOy9GLb","Risky",74,3,,false
36,41,0,NONE,"TvVhunSu","Quite likely",101,3,,false
36,41,0,NONE,"88VJ0sZ3","Gamble",88,4,,false
36,41,0,NONE,"FhxCpqvX","Gamble",72,6,,true
36,41,0,NONE,"cDTcR5zM","Risky",96,6,,false
36,41,0,NONE,"JCRNkE77","Rather detrimental",85,7,,false
36,42,0,NONE,"JsH8OPDn","Risky",84,1,,false
36,42,0,NONE,"FCwz0Ke2","Suicide mission",84,1,,true
36,42,0,NONE,"iTOy9GLb","Risky",74,2,,false
36,42,0,NONE,"TvVhunSu","Quite likely",101,2,,false
36,42,0,NONE,"88VJ0sZ3","Gamble",88,3,,false
36,42,0,NONE,"cDTcR5zM","Risky",96,5,,false
36,42,0,NONE,"JCRNkE77","Rather detrimental",85,6,,false
36,42,0,NONE,"IfAfqLYQ","Suicide mission",88,7,,false
36,42,0,NONE,"kpr3WTvv","Hmmm....",79,7,,false
36,42,0,NONE,"LgwkiKKl","Playing with fire",96,7,,false
36,44,0,NONE,"88VJ0sZ3","Gamble",88,1,,true
36,44,0,NONE,"cDTcR5zM","Risky",96,3,,false
36,44,0,NONE,"JCRNkE77","Rather detrimental",85,4,,false
36,44,0,NONE,"IfAfqLYQ","Suicide mission",88,5,,false
36,44,0,NONE,"kpr3WTvv","Hmmm....",79,5,,false
36,44,0,NONE,"LgwkiKKl","Playing with fire",96,5,,false
36,44,0,NONE,"ywrDC4mX","Gamble",70,6,,false
36,44,0,NONE,"2luVQ2M3","Suicide mission",107,6,,false
36,44,0,NONE,"fuNwequU","Suicide mission",75,7,,false
36,44,0,NONE,"dvuIaDsQ","Risky",78,7,,false
36,45,0,NONE,"cDTcR5zM","Risky",96,2,,false
36,45,0,NONE,"JCRNkE77","Rather detrimental",85,3,,false
36,45,0,NONE,"IfAfqLYQ","Suicide mission",88,4,,false
36,45,0,NONE,"kpr3WTvv","Hmmm....",79,4,,true
36,45,0,NONE,"LgwkiKKl","Playing with fire",96,4,,false
36,45,0,NONE,"ywrDC4mX","Gamble",70,5,,false
36,45,0,NONE,"2luVQ2M3","Suicide mission",107,5,,false
36,45,0,NONE,"fuNwequU","Suicide mission",75,6,,false
36,45,0,NONE,"dvuIaDsQ","Risky",78,6,,false
36,45,0,NONE,"dyhRva46","Gamble",77,7,,false
36,47,0,NONE,"JCRNkE77","Rather detrimental",85,1,,false
36,47,0,NONE,"IfAfqLYQ","Suicide mission",88,2,,false
36,47,0,NONE,"LgwkiKKl","Playing with fire",96,2,,false
36,47,0,NONE,"ywrDC4mX","Gamble",70,3,,false
36,47,0,NONE,"2luVQ2M3","Suicide mission",107,3,,false
36,47,0,NONE,"fuNwequU","Suicide mission",75,4,,false
36,47,0,NONE,"dvuIaDsQ","Risky",78,4,,false
36,47,0,NONE,"dyhRva46","Gamble",77,5,,false
36,47,0,NONE,"HVQ3YToR","Quite likely",67,6,,false
36,47,0,NONE,"f7TxEaoX","Rather detrimental",57,7,,true
36,49,0,NONE,"ywrDC4mX","Gamble",70,1,,false
36,49,0,NONE,"2luVQ2M3","Suicide mission",107,1,,false
36,49,0,NONE,"fuNwequU","Suicide mission",75,2,,false
36,49,0,NONE,"dvuIaDsQ","Risky",78,2,,false
36,49,0,NONE,"dyhRva46","Gamble",77,3,,false
36,49,0,NONE,"HVQ3YToR","Quite likely",67,4,,false
36,49,0,NONE,"RxiDEeMN","Playing with fire",53,6,,false
36,49,0,NONE,"lWdG6vN1","Suicide mission",89,6,,true
36,49,0,NONE,"oF1nqZkr","Walk in the park",63,7,,false
36,49,0,NONE,"3QAAiDNm","Rather detrimental",64,7,,false
37,0,0,NONE,"y7Qvy3YL","Hmmm....",22,7,,false
37,0,0,NONE,"O8UmYKJP","Hmmm....",29,7,,false
37,0,0,NONE,"LPoIcrT9","Quite likely",3,7,,false
37,0,0,NONE,"aJ9DKf12","Walk in the park",14,7,,false
37,0,0,NONE,"7RZaYz6F","Gamble",40,7,,false
37,0,0,NONE,"fZxcyi6Z","Piece of cake",21,7,,false
37,0,0,NONE,"5jJYF9vi","Hmmm....",29,7,,false
37,0,0,NONE,"QkjiF4SW","Piece of cake",9,7,,true
37,0,0,NONE,"DI3RUrAz","Gamble",18,7,,false
37,0,0,NONE,"gyK0wouN","Piece of cake",64,7,,false
37,1,0,NONE,"y7Qvy3YL","Hmmm....",22,6,,false
37,1,0,NONE,"O8UmYKJP","Hmmm....",29,6,,false
37,1,0,NONE,"LPoIcrT9","Quite likely",3,6,,false
37,1,0,NONE,"aJ9DKf12","Walk in the park",14,6,,false
37,1,0,NONE,"7RZaYz6F","Gamble",40,6,,false
37,1,0,NONE,"fZxcyi6Z","Piece of cake",21,6,,false
37,1,0,NONE,"5jJYF9vi","Hmmm....",29,6,,false
37,1,0,NONE,"DI3RUrAz","Gamble",18,6,,false
37,1,0,NONE,"gyK0wouN","Piece of cake",64,6,,false
37,1,0,NONE,"9025n65M","Piece of cake",1,7,,true
37,2,0,NONE,"y7Qvy3YL","Hmmm....",22,5,,false
37,2,0,NONE,"O8UmYKJP","Hmmm....",29,5,,false
37,2,0,NONE,"LPoIcrT9","Quite likely",3,5,,false
37,2,0,NONE,"aJ9DKf12","Walk in the park",14,5,,false
37,2,0,NONE,"7RZaYz6F","Gamble",40,5,,false
37,2,0,NONE,"fZxcyi6Z","Piece of cake",21,5,,true
37,2,0,NONE,"5jJYF9vi","Hmmm....",29,5,,false
37,2,0,NONE,"DI3RUrAz","Gamble",18,5,,false
37,2,0,NONE,"gyK0wouN","Piece of cake",64,5,,false
37,2,0,NONE,"Ey4k5JiL","Quite likely",28,7,,false
37,3,0,NONE,"y7Qvy3YL","Hmmm....",22,4,,false
37,3,0,NONE,"O8UmYKJP","Hmmm....",29,4,,false
37,3,0,NONE,"LPoIcrT9","Quite likely",3,4,,false
37,3,0,NONE,"aJ9DKf12","Walk in the park",14,4,,false
37,3,0,NONE,"7RZaYz6F","Gamble",40,4,,false
37,3,0,NONE,"5jJYF9vi","Hmmm....",29,4,,false
37,3,0,NONE,"DI3RUrAz","Gamble",18,4,,false
37,3,0,NONE,"gyK0wouN","Piece of cake",64,4,,true
37,3,0,NONE,"Ey4k5JiL","Quite likely",28,6,,false
37,3,0,NONE,"tS4bCd9B","Piece of cake",23,7,,false
37,4,0,NONE,"y7Qvy3YL","Hmmm....",22,3,,false
37,4,0,NONE,"O8UmYKJP","Hmmm....",29,3,,false
37,4,0,NONE,"LPoIcrT9","Quite likely",3,3,,false
37,4,0,NONE,"aJ9DKf12","Walk in the park",14,3,,false
37,4,0,NONE,"7RZaYz6F","Gamble",40,3,,false
37,4,0,NONE,"5jJYF9vi","Hmmm....",29,3,,false
37,4,0,NONE,"DI3RUrAz","Gamble",18,3,,false
37,4,0,NONE,"Ey4k5JiL","Quite likely",28,5,,false
37,4,0,NONE,"tS4bCd9B","Piece of cake",23,6,,true
37,4,0,NONE,"lnJGBgr7","Walk in the park",5,7,,false
37,5,0,NONE,"y7Qvy3YL","Hmmm....",22,2,,false
37,5,0,NONE,"O8UmYKJP","Hmmm....",29,2,,false
37,5,0,NONE,"LPoIcrT9","Quite likely",3,2,,false
37,5,0,NONE,"aJ9DKf12","Walk in the park",14,2,,false
37,5,0,NONE,"7RZaYz6F","Gamble",40,2,,false
37,5,0,NONE,"5jJYF9vi","Hmmm....",29,2,,false
37,5,0,NONE,"DI3RUrAz","Gamble",18,2,,false
37,5,0,NONE,"Ey4k5JiL","Quite likely",28,4,,false
37,5,0,NONE,"lnJGBgr7","Walk in the park",5,6,,false
37,5,0,NONE,"e9lioCWQ","Piece of cake",32,7,,true
37,6,0,NONE,"y7Qvy3YL","Hmmm....",22,1,,false
37,6,0,NONE,"O8UmYKJP","Hmmm....",29,1,,false
37,6,0,NONE,"LPoIcrT9","Quite likely",3,1,,false
37,6,0,NONE,"aJ9DKf12","Walk in the park",14,1,,false
37,6,0,NONE,"7RZaYz6F","Gamble",40,1,,false
37,6,0,NONE,"5jJYF9vi","Hmmm....",29,1,,false
37,6,0,NONE,"DI3RUrAz","Gamble",18,1,,false
37,6,0,NONE,"Ey4k5JiL","Quite likely",28,3,,false
37,6,0,NONE,"lnJGBgr7","Walk in the park",5,5,,false
37,6,0,NONE,"6Qey0tBD","Gamble",17,7,,true
37,7,0,NONE,"Ey4k5JiL","Quite likely",28,2,,false
37,7,0,NONE,"lnJGBgr7","Walk in the park",5,4,,false
37,7,0,NONE,"w6tiKgTm","Piece of cake",28,7,,false
37,7,0,NONE,"P90PzeHF","Piece of cake",5,7,,false
37,7,0,NONE,"JcQQSzwP","Sure thing",26,7,,false
37,7,0,NONE,"qoPyNz0s","Walk in the park",71,7,,false
37,7,0,NONE,"OXIWleYA","Hmmm....",12,7,,false
37,7,0,NONE,"7XcDdHU2","Risky",25,7,,false
37,7,0,NONE,"ZqqrnssN","Piece of cake",81,7,,false
37,7,0,NONE,"HRSYGqB1","Sure thing",5,7,,true
37,8,0,NONE,"Ey4k5JiL","Quite likely",28,1,,false
37,8,0,NONE,"lnJGBgr7","Walk in the park",5,3,,false
37,8,0,NONE,"w6tiKgTm","Piece of cake",28,6,,false
37,8,0,NONE,"P90PzeHF","Piece of cake",5,6,,false
37,8,0,NONE,"JcQQSzwP","Sure thing",26,6,,true
37,8,0,NONE,"qoPyNz0s","Walk in the park",71,6,,false
37,8,0,NONE,"OXIWleYA","Hmmm....",12,6,,false
37,8,0,NONE,"7XcDdHU2","Risky",25,6,,false
37,8,0,NONE,"ZqqrnssN","Piece of cake",81,6,,false
37,8,0,NONE,"sDCB0FhZ","Piece of cake",34,7,,false
37,9,0,NONE,"lnJGBgr7","Walk in the park",5,2,,false
37,9,0,NONE,"w6tiKgTm","Piece of cake",28,5,,false
37,9,0,NONE,"P90PzeHF","Piece of cake",5,5,,false
37,9,0,NONE,"qoPyNz0s","Walk in the park",71,5,,false
37,9,0,NONE,"OXIWleYA","Hmmm....",12,5,,false
37,9,0,NONE,"7XcDdHU2","Risky",25,5,,false
37,9,0,NONE,"ZqqrnssN","Piece of cake",81,5,,false
37,9,0,NONE,"sDCB0FhZ","Piece of cake",34,6,,false
37,9,0,NONE,"riQVmd7U","Hmmm....",25,7,,false
37,9,0,NONE,"OWc3MGsh","Piece of cake",59,7,,true
37,10,0,NONE,"lnJGBgr7","Walk in the park",5,1,,true
37,10,0,NONE,"w6tiKgTm","Piece of cake",28,4,,false
37,10,0,NONE,"P90PzeHF","Piece of cake",5,4,,false
37,10,0,NONE,"qoPyNz0s","Walk in the park",71,4,,false
37,10,0,NONE,"OXIWleYA","Hmmm....",12,4,,false
37,10,0,NONE,"7XcDdHU2","Risky",25,4,,false
37,10,0,NONE,"ZqqrnssN","Piece of cake",81,4,,false
37,10,0,NONE,"sDCB0FhZ","Piece of cake",34,5,,false
37,10,0,NONE,"riQVmd7U","Hmmm....",25,6,,false
37,10,0,NONE,"1ZjFFPki","Piece of cake",27,7,,false
37,11,0,NONE,"w6tiKgTm","Piece of cake",28,3,,false
37,11,0,NONE,"P90PzeHF","Piece of cake",5,3,,false
37,11,0,NONE,"qoPyNz0s","Walk in the park",71,3,,false
37,11,0,NONE,"OXIWleYA","Hmmm....",12,3,,false
37,11,0,NONE,"7XcDdHU2","Risky",25,3,,false
37,11,0,NONE,"ZqqrnssN","Piece of cake",81,3,,false
37,11,0,NONE,"sDCB0FhZ","Piece of cake",34,4,,false
37,11,0,NONE,"riQVmd7U","Hmmm....",25,5,,false
37,11,0,NONE,"1ZjFFPki","Piece of cake",27,6,,true
37,11,0,NONE,"Okv3ZQmW","Piece of cake",25,7,,false
37,12,0,NONE,"w6tiKgTm","Piece of cake",28,2,,false
37,12,0,NONE,"P90PzeHF","Piece of cake",5,2,,false
37,12,0,NONE,"qoPyNz0s","Walk in the park",71,2,,false
37,12,0,NONE,"OXIWleYA","Hmmm....",12,2,,false
37,12,0,NONE,"7XcDdHU2","Risky",25,2,,false
37,12,0,NONE,"ZqqrnssN","Piece of cake",81,2,,false
37,12,0,NONE,"sDCB0FhZ","Piece of cake",34,3,,false
37,12,0,NONE,"riQVmd7U","Hmmm....",25,4,,false
37,12,0,NONE,"Okv3ZQmW","Piece of cake",25,6,,false
37,12,0,NONE,"I6JpTqKA","Sure thing",43,7,,true
37,13,0,NONE,"w6tiKgTm","Piece of cake",28,1,,false
37,13,0,NONE,"P90PzeHF","Piece of cake",5,1,,false
37,13,0,NONE,"qoPyNz0s","Walk in the park",71,1,,false
37,13,0,NONE,"OXIWleYA","Hmmm....",12,1,,false
37,13,0,NONE,"7XcDdHU2","Risky",25,1,,false
37,13,0,NONE,"ZqqrnssN","Piece of cake",81,1,,false
37,13,0,NONE,"sDCB0FhZ","Piece of cake",34,2,,false
37,13,0,NONE,"riQVmd7U","Hmmm....",25,3,,true
37,13,0,NONE,"Okv3ZQmW","Piece of cake",25,5,,false
37,13,0,NONE,"3G5W84LH","Gamble",88,7,,false
37,15,0,NONE,"Okv3ZQmW","Piece of cake",25,3,,true
37,15,0,NONE,"3G5W84LH","Gamble",88,5,,false
37,15,0,NONE,"gEp3zJns","Quite likely",15,6,,false
37,15,0,NONE,"ymtYEfxm","Gamble",30,6,,false
37,15,0,NONE,"5XKen9im","Rather detrimental",26,6,,false
37,15,0,NONE,"Q1EaQZw5","Hmmm....",54,6,,false
37,15,0,NONE,"HLeConLH","Gamble",21,6,,false
37,15,0,NONE,"N7miZ5mx","Gamble",22,6,,false
37,15,0,NONE,"97D9g173","Hmmm....",23,6,,false
37,15,0,NONE,"HPaSTcEK","Walk in the park",41,7,,false
37,16,0,NONE,"3G5W84LH","Gamble",88,4,,false
37,16,0,NONE,"gEp3zJns","Quite likely",15,5,,false
37,16,0,NONE,"ymtYEfxm","Gamble",30,5,,false
37,16,0,NONE,"5XKen9im","Rather detrimental",26,5,,false
37,16,0,NONE,"Q1EaQZw5","Hmmm....",54,5,,false
37,16,0,NONE,"HLeConLH","Gamble",21,5,,false
37,16,0,NONE,"N7miZ5mx","Gamble",22,5,,false
37,16,0,NONE,"97D9g173","Hmmm....",23,5,,false
37,16,0,NONE,"HPaSTcEK","Walk in the park",41,6,,true
37,16,0,NONE,"3loz4vNQ","Gamble",41,7,,false
37,17,0,NONE,"3G5W84LH","Gamble",88,3,,false
37,17,0,NONE,"gEp3zJns","Quite likely",15,4,,true
37,17,0,NONE,"ymtYEfxm","Gamble",30,4,,false
37,17,0,NONE,"5XKen9im","Rather detrimental",26,4,,false
37,17,0,NONE,"Q1EaQZw5","Hmmm....",54,4,,false
37,17,0,NONE,"HLeConLH","Gamble",21,4,,false
37,17,0,NONE,"N7miZ5mx","Gamble",22,4,,false
37,17,0,NONE,"97D9g173","Hmmm....",23,4,,false
37,17,0,NONE,"3loz4vNQ","Gamble",41,6,,false
37,17,0,NONE,"yRcpmo3o","Suicide mission",134,3,1,false
37,18,0,NONE,"3G5W84LH","Gamble",88,2,,false
37,18,0,NONE,"ymtYEfxm","Gamble",30,3,,false
37,18,0,NONE,"5XKen9im","Rather detrimental",26,3,,false
37,18,0,NONE,"Q1EaQZw5","Hmmm....",54,3,,false
37,18,0,NONE,"HLeConLH","Gamble",21,3,,false
37,18,0,NONE,"N7miZ5mx","Gamble",22,3,,false
37,18,0,NONE,"97D9g173","Hmmm....",23,3,,true
37,18,0,NONE,"3loz4vNQ","Gamble",41,5,,false
37,18,0,NONE,"yRcpmo3o","Suicide mission",134,2,1,false
37,18,0,NONE,"C7jJhu5J","Suicide mission",152,3,1,false
37,19,0,NONE,"3G5W84LH","Gamble",88,1,,false
37,19,0,NONE,"ymtYEfxm","Gamble",30,2,,false
37,19,0,NONE,"5XKen9im","Rather detrimental",26,2,,false
37,19,0,NONE,"Q1EaQZw5","Hmmm....",54,2,,false
37,19,0,NONE,"HLeConLH","Gamble",21,2,,false
37,19,0,NONE,"N7miZ5mx","Gamble",22,2,,false
37,19,0,NONE,"3loz4vNQ","Gamble",41,4,,false
37,19,0,NONE,"yRcpmo3o","Suicide mission",134,1,1,false
37,19,0,NONE,"C7jJhu5J","Suicide mission",152,2,1,false
37,19,0,NONE,"jJTk1AJl","Gamble",26,7,,true
37,21,0,NONE,"3loz4vNQ","Gamble",41,2,,false
37,21,0,NONE,"U79EwfKx","Hmmm....",109,1,1,false
37,21,0,NONE,"CjYEQRqJ","Piece of cake",62,6,,false
37,21,0,NONE,"WhVtDU8K","Suicide mission",126,2,1,false
37,21,0,NONE,"THgUwxy7","Hmmm....",138,2,1,false
37,21,0,NONE,"ybigG2M5","Playing with fire",50,7,,false
37,21,0,NONE,"gtBKMYft","Walk in the park",71,7,,false
37,21,0,NONE,"0CDjsHOR","Piece of cake",119,7,,true
37,21,0,NONE,"Rb3wiZG8","Piece of cake",114,7,,false
37,21,0,NONE,"GlGew0P1","Suicide mission",154,3,1,false
37,22,0,NONE,"3loz4vNQ","Gamble",41,1,,false
37,22,0,NONE,"CjYEQRqJ","Piece of cake",62,5,,true
37,22,0,NONE,"WhVtDU8K","Suicide mission",126,1,1,false
37,22,0,NONE,"THgUwxy7","Hmmm....",138,1,1,false
37,22,0,NONE,"ybigG2M5","Playing with fire",50,6,,false
37,22,0,NONE,"gtBKMYft","Walk in the park",71,6,,false
37,22,0,NONE,"Rb3wiZG8","Piece of cake",114,6,,false
37,22,0,NONE,"GlGew0P1","Suicide mission",154,2,1,false
37,22,0,NONE,"fKL0w6Zl","Piece of cake",71,7,,false
37,22,0,NONE,"Tmge1ZQA","Playing with fire",116,3,1,false
37,23,0,NONE,"ybigG2M5","Playing with fire",50,5,,false
37,23,0,NONE,"gtBKMYft","Walk in the park",71,5,,false
37,23,0,NONE,"Rb3wiZG8","Piece of cake",114,5,,true
37,23,0,NONE,"GlGew0P1","Suicide mission",154,1,1,false
37,23,0,NONE,"fKL0w6Zl","Piece of cake",71,6,,false
37,23,0,NONE,"Tmge1ZQA","Playing with fire",116,2,1,false
37,23,0,NONE,"AaoNk4NX","Hmmm....",125,7,,false
37,23,0,NONE,"bYjg6pSN","Hmmm....",65,7,,false
37,23,0,NONE,"JEOq17E0","Playing with fire",114,3,1,false
37,23,0,NONE,"nmAlTJhY","Quite likely",114,7,,false
37,24,0,NONE,"ybigG2M5","Playing with fire",50,4,,true
37,24,0,NONE,"gtBKMYft","Walk in the park",71,4,,false
37,24,0,NONE,"fKL0w6Zl","Piece of cake",71,5,,false
37,24,0,NONE,"Tmge1ZQA","Playing with fire",116,1,1,false
37,24,0,NONE,"AaoNk4NX","Hmmm....",125,6,,false
37,24,0,NONE,"bYjg6pSN","Hmmm....",65,6,,false
37,24,0,NONE,"JEOq17E0","Playing with fire",114,2,1,false
37,24,0,NONE,"nmAlTJhY","Quite likely",114,6,,false
37,24,0,NONE,"1Pu23Dxu","Quite likely",102,7,,false
37,24,0,NONE,"UFTq5haP","Risky",64,7,,false
37,26,0,NONE,"gtBKMYft","Walk in the park",71,2,,false
37,26,0,NONE,"fKL0w6Zl","Piece of cake",71,3,,false
37,26,0,NONE,"AaoNk4NX","Hmmm....",125,4,,false
37,26,0,NONE,"bYjg6pSN","Hmmm....",65,4,,false
37,26,0,NONE,"nmAlTJhY","Quite likely",114,4,,false
37,26,0,NONE,"1Pu23Dxu","Quite likely",102,5,,false
37,26,0,NONE,"UFTq5haP","Risky",64,5,,false
37,26,0,NONE,"8F0KkGnA","Playing with fire",136,1,1,false
37,26,0,NONE,"pxRu9dMq","Sure thing",106,6,,true
37,26,0,NONE,"7hkpkTh8","Walk in the park",99,7,,false
37,27,0,NONE,"gtBKMYft","Walk in the park",71,1,,true
37,27,0,NONE,"fKL0w6Zl","Piece of cake",71,2,,false
37,27,0,NONE,"AaoNk4NX","Hmmm....",125,3,,false
37,27,0,NONE,"bYjg6pSN","Hmmm....",65,3,,false
37,27,0,NONE,"nmAlTJhY","Quite likely",114,3,,false
37,27,0,NONE,"1Pu23Dxu","Quite likely",102,4,,false
37,27,0,NONE,"UFTq5haP","Risky",64,4,,false
37,27,0,NONE,"7hkpkTh8","Walk in the park",99,6,,false
37,27,0,NONE,"raX55x3m","Impossible",115,2,2,false
37,27,0,NONE,"Dx4lTURs","Impossible",111,2,2,false
37,28,0,NONE,"fKL0w6Zl","Piece of cake",71,1,,true
37,28,0,NONE,"AaoNk4NX","Hmmm....",125,2,,false
37,28,0,NONE,"bYjg6pSN","Hmmm....",65,2,,false
37,28,0,NONE,"nmAlTJhY","Quite likely",114,2,,false
37,28,0,NONE,"1Pu23Dxu","Quite likely",102,3,,false
37,28,0,NONE,"UFTq5haP","Risky",64,3,,false
37,28,0,NONE,"7hkpkTh8","Walk in the park",99,5,,false
37,28,0,NONE,"raX55x3m","Impossible",115,1,2,false
37,28,0,NONE,"Dx4lTURs","Impossible",111,1,2,false
37,28,0,NONE,"1IGPTnil","Quite likely",105,7,,false
37,29,0,NONE,"AaoNk4NX","Hmmm....",125,1,,false
37,29,0,NONE,"bYjg6pSN","Hmmm....",65,1,,false
37,29,0,NONE,"nmAlTJhY","Quite likely",114,1,,false
37,29,0,NONE,"1Pu23Dxu","Quite likely",102,2,,false
37,29,0,NONE,"UFTq5haP","Risky",64,2,,false
37,29,0,NONE,"7hkpkTh8","Walk in the park",99,4,,false
37,29,0,NONE,"1IGPTnil","Quite likely",105,6,,true
37,29,0,NONE,"i9Wkwovp","Suicide mission",108,2,2,false
37,29,0,NONE,"Gbq7pVa2","Impossible",121,2,2,false
37,29,0,NONE,"2N2xAMzT","Impossible",95,2,2,false
37,30,0,NONE,"1Pu23Dxu","Quite likely",102,1,,false
37,30,0,NONE,"UFTq5haP","Risky",64,1,,false
37,30,0,NONE,"7hkpkTh8","Walk in the park",99,3,,false
37,30,0,NONE,"i9Wkwovp","Suicide mission",108,1,2,false
37,30,0,NONE,"Gbq7pVa2","Impossible",121,1,2,false
37,30,0,NONE,"2N2xAMzT","Impossible",95,1,2,false
37,30,0,NONE,"pApLVWvC","Hmmm....",137,2,1,false
37,30,0,NONE,"TXgtf1M9","Piece of cake",112,7,,false
37,30,0,NONE,"eXRWHVMD","Rather detrimental",135,3,1,false
37,30,0,NONE,"QRyO3PYA","Piece of cake",108,7,,true
37,31,0,NONE,"7hkpkTh8","Walk in the park",99,2,,false
37,31,0,NONE,"pApLVWvC","Hmmm....",137,1,1,false
37,31,0,NONE,"TXgtf1M9","Piece of cake",112,6,,true
37,31,0,NONE,"eXRWHVMD","Rather detrimental",135,2,1,false
37,31,0,NONE,"p4VqanIx","Playing with fire",156,3,1,false
37,31,0,NONE,"MddIuF9a","Suicide mission",134,2,1,false
37,31,0,NONE,"4jo8X1BO","Suicide mission",118,2,1,false
37,31,0,NONE,"b5MjIi96","Suicide mission",131,2,1,false
37,31,0,NONE,"Mj9m1XJy","Suicide mission",146,3,1,false
37,31,0,NONE,"UOKCXoc2","Risky",141,3,1,false
37,32,0,NONE,"7hkpkTh8","Walk in the park",99,1,,true
37,32,0,NONE,"eXRWHVMD","Rather detrimental",135,1,1,false
37,32,0,NONE,"p4VqanIx","Playing with fire",156,2,1,false
37,32,0,NONE,"MddIuF9a","Suicide mission",134,1,1,false
37,32,0,NONE,"4jo8X1BO","Suicide mission",118,1,1,false
37,32,0,NONE,"b5MjIi96","Suicide mission",131,1,1,false
37,32,0,NONE,"Mj9m1XJy","Suicide mission",146,2,1,false
37,32,0,NONE,"UOKCXoc2","Risky",141,2,1,false
37,32,0,NONE,"U39davfI","Hmmm....",123,3,1,false
37,32,0,NONE,"I2CXbkD7","Rather detrimental",121,2,1,false
37,33,0,NONE,"p4VqanIx","Playing with fire",156,1,1,true
37,33,0,NONE,"Mj9m1XJy","Suicide mission",146,1,1,false
37,33,0,NONE,"UOKCXoc2","Risky",141,1,1,false
37,33,0,NONE,"U39davfI","Hmmm....",123,2,1,false
37,33,0,NONE,"I2CXbkD7","Rather detrimental",121,1,1,false
37,33,0,NONE,"OA7a6kkQ","Walk in the park",106,7,,false
37,33,0,NONE,"LGAogPB6","Gamble",144,2,1,false
37,33,0,NONE,"Aljw5tqj","Quite likely",88,7,,false
37,33,0,NONE,"wI9jXHPD","Suicide mission",162,3,1,false
37,33,0,NONE,"jGZJ9Zn7","Playing with fire",171,3,1,false
37,35,0,NONE,"OA7a6kkQ","Walk in the park",106,5,,false
37,35,0,NONE,"Aljw5tqj","Quite likely",88,5,,false
37,35,0,NONE,"wI9jXHPD","Suicide mission",162,1,1,false
37,35,0,NONE,"jGZJ9Zn7","Playing with fire",171,1,1,false
37,35,0,NONE,"2BUNbyLw","Risky",177,2,1,false
37,35,0,NONE,"BtWdDJGA","Piece of cake",89,6,,true
37,35,0,NONE,"AKxzasY8","Suicide mission",163,2,1,false
37,35,0,NONE,"PUOUYePO","Piece of cake",101,6,,false
37,35,0,NONE,"i4AxCmTL","Gamble",75,7,,false
37,35,0,NONE,"SJnwP3kI","Walk in the park",94,7,,false
37,36,0,NONE,"OA7a6kkQ","Walk in the park",106,4,,false
37,36,0,NONE,"Aljw5tqj","Quite likely",88,4,,false
37,36,0,NONE,"2BUNbyLw","Risky",177,1,1,true
37,36,0,NONE,"AKxzasY8","Suicide mission",163,1,1,false
37,36,0,NONE,"PUOUYePO","Piece of cake",101,5,,false
37,36,0,NONE,"i4AxCmTL","Gamble",75,6,,false
37,36,0,NONE,"SJnwP3kI","Walk in the park",94,6,,false
37,36,0,NONE,"d4jDeSs6","Playing with fire",94,7,,false
37,36,0,NONE,"DYALYM6T","Risky",54,7,,false
37,36,0,NONE,"vAaY67SM","Piece of cake",73,7,,false
37,38,0,NONE,"OA7a6kkQ","Walk in the park",106,2,,false
37,38,0,NONE,"Aljw5tqj","Quite likely",88,2,,false
37,38,0,NONE,"PUOUYePO","Piece of cake",101,3,,true
37,38,0,NONE,"i4AxCmTL","Gamble",75,4,,false
37,38,0,NONE,"SJnwP3kI","Walk in the park",94,4,,false
37,38,0,NONE,"d4jDeSs6","Playing with fire",94,5,,false
37,38,0,NONE,"DYALYM6T","Risky",54,5,,false
37,38,0,NONE,"vAaY67SM","Piece of cake",73,5,,false
37,38,0,NONE,"k0OD78RV","Playing with fire",72,6,,false
37,38,0,NONE,"lUnXmWX5","Risky",93,6,,false
37,39,0,NONE,"OA7a6kkQ","Walk in the park",106,1,,false
37,39,0,NONE,"Aljw5tqj","Quite likely",88,1,,false
37,39,0,NONE,"i4AxCmTL","Gamble",75,3,,false
37,39,0,NONE,"SJnwP3kI","Walk in the park",94,3,,true
37,39,0,NONE,"d4jDeSs6","Playing with fire",94,4,,false
37,39,0,NONE,"DYALYM6T","Risky",54,4,,false
37,39,0,NONE,"vAaY67SM","Piece of cake",73,4,,false
37,39,0,NONE,"k0OD78RV","Playing with fire",72,5,,false
37,39,0,NONE,"lUnXmWX5","Risky",93,5,,false
37,39,0,NONE,"I7nM3kMR","Quite likely",105,7,,false
37,41,0,NONE,"i4AxCmTL","Gamble",75,1,,false
37,41,0,NONE,"d4jDeSs6","Playing with fire",94,2,,false
37,41,0,NONE,"DYALYM6T","Risky",54,2,,false
37,41,0,NONE,"vAaY67SM","Piece of cake",73,2,,false
37,41,0,NONE,"k0OD78RV","Playing with fire",72,3,,false
37,41,0,NONE,"lUnXmWX5","Risky",93,3,,false
37,41,0,NONE,"I7nM3kMR","Quite likely",105,5,,false
37,41,0,NONE,"JW6r1hLC","Piece of cake",60,6,,true
37,41,0,NONE,"iGnxeYsp","Risky",82,6,,false
37,41,0,NONE,"JXpRNTPg","Hmmm....",100,6,,false
37,42,0,NONE,"d4jDeSs6","Playing with fire",94,1,,false
37,42,0,NONE,"DYALYM6T","Risky",54,1,,true
37,42,0,NONE,"vAaY67SM","Piece of cake",73,1,,false
37,42,0,NONE,"k0OD78RV","Playing with fire",72,2,,false
37,42,0,NONE,"lUnXmWX5","Risky",93,2,,false
37,42,0,NONE,"I7nM3kMR","Quite likely",105,4,,false
37,42,0,NONE,"iGnxeYsp","Risky",82,5,,false
37,42,0,NONE,"JXpRNTPg","Hmmm....",100,5,,false
37,42,0,NONE,"CLWTlw32","Hmmm....",76,7,,false
37,42,0,NONE,"RUz6bmBw","Quite likely",86,7,,false
37,43,0,NONE,"k0OD78RV","Playing with fire",72,1,,false
37,43,0,NONE,"lUnXmWX5","Risky",93,1,,false
37,43,0,NONE,"I7nM3kMR","Quite likely",105,3,,false
37,43,0,NONE,"iGnxeYsp","Risky",82,4,,true
37,43,0,NONE,"JXpRNTPg","Hmmm....",100,4,,false
37,43,0,NONE,"CLWTlw32","Hmmm....",76,6,,false
37,43,0,NONE,"RUz6bmBw","Quite likely",86,6,,false
37,43,0,NONE,"voWQPHaA","Hmmm....",92,7,,false
37,43,0,NONE,"fqHbkDAz","Hmmm....",83,7,,false
37,43,0,NONE,"mCyXOIRR","Suicide mission",76,7,,false
37,44,0,NONE,"I7nM3kMR","Quite likely",105,2,,true
37,44,0,NONE,"JXpRNTPg","Hmmm....",100,3,,false
37,44,0,NONE,"CLWTlw32","Hmmm....",76,5,,false
37,44,0,NONE,"RUz6bmBw","Quite likely",86,5,,false
37,44,0,NONE,"voWQPHaA","Hmmm....",92,6,,false
37,44,0,NONE,"fqHbkDAz","Hmmm....",83,6,,false
37,44,0,NONE,"mCyXOIRR","Suicide mission",76,6,,false
37,44,0,NONE,"wquDXNIl","Playing with fire",74,7,,false
37,44,0,NONE,"CBOypmxW","Playing with fire",91,7,,false
37,44,0,NONE,"BPJsYZMd","Suicide mission",65,7,,false
37,45,0,NONE,"JXpRNTPg","Hmmm....",100,2,,false
37,45,0,NONE,"CLWTlw32","Hmmm....",76,4,,false
37,45,0,NONE,"RUz6bmBw","Quite likely",86,4,,false
37,45,0,NONE,"voWQPHaA","Hmmm....",92,5,,false
37,45,0,NONE,"fqHbkDAz","Hmmm....",83,5,,false
37,45,0,NONE,"mCyXOIRR","Suicide mission",76,5,,false
37,45,0,NONE,"wquDXNIl","Playing with fire",74,6,,false
37,45,0,NONE,"CBOypmxW","Playing with fire",91,6,,false
37,45,0,NONE,"BPJsYZMd","Suicide mission",65,6,,false
37,45,0,NONE,"DMsP5NM6","Quite likely",76,7,,true
37,46,0,NONE,"JXpRNTPg","Hmmm....",100,1,,true
37,46,0,NONE,"CLWTlw32","Hmmm....",76,3,,false
37,46,0,NONE,"RUz6bmBw","Quite likely",86,3,,false
37,46,0,NONE,"voWQPHaA","Hmmm....",92,4,,false
37,46,0,NONE,"fqHbkDAz","Hmmm....",83,4,,false
37,46,0,NONE,"mCyXOIRR","Suicide mission",76,4,,false
37,46,0,NONE,"wquDXNIl","Playing with fire",74,5,,false
37,46,0,NONE,"CBOypmxW","Playing with fire",91,5,,false
37,46,0,NONE,"BPJsYZMd","Suicide mission",65,5,,false
37,46,0,NONE,"48gAD8Hi","Risky",68,7,,false
37,47,0,NONE,"CLWTlw32","Hmmm....",76,2,,false
37,47,0,NONE,"RUz6bmBw","Quite likely",86,2,,true
37,47,0,NONE,"voWQPHaA","Hmmm....",92,3,,false
37,47,0,NONE,"fqHbkDAz","Hmmm....",83,3,,false
37,47,0,NONE,"mCyXOIRR","Suicide mission",76,3,,false
37,47,0,NONE,"wquDXNIl","Playing with fire",74,4,,false
37,47,0,NONE,"CBOypmxW","Playing with fire",91,4,,false
37,47,0,NONE,"BPJsYZMd","Suicide mission",65,4,,false
37,47,0,NONE,"48gAD8Hi","Risky",68,6,,false
37,47,0,NONE,"9aTKSjj1","Rather detrimental",58,7,,false
37,48,0,NONE,"CLWTlw32","Hmmm....",76,1,,true
37,48,0,NONE,"voWQPHaA","Hmmm....",92,2,,false
37,48,0,NONE,"fqHbkDAz","Hmmm....",83,2,,false
37,48,0,NONE,"mCyXOIRR","Suicide mission",76,2,,false
37,48,0,NONE,"wquDXNIl","Playing with fire",74,3,,false
37,48,0,NONE,"CBOypmxW","Playing with fire",91,3,,false
37,48,0,NONE,"BPJsYZMd","Suicide mission",65,3,,false
37,48,0,NONE,"48gAD8Hi","Risky",68,5,,false
37,48,0,NONE,"9aTKSjj1","Rather detrimental",58,6,,false
37,48,0,NONE,"Y4GkSXPs","Suicide mission",66,7,,false
37,49,0,NONE,"voWQPHaA","Hmmm....",92,1,,false
37,49,0,NONE,"fqHbkDAz","Hmmm....",83,1,,false
37,49,0,NONE,"mCyXOIRR","Suicide mission",76,1,,true
37,49,0,NONE,"wquDXNIl","Playing with fire",74,2,,false
37,49,0,NONE,"CBOypmxW","Playing with fire",91,2,,false
37,49,0,NONE,"BPJsYZMd","Suicide mission",65,2,,false
37,49,0,NONE,"48gAD8Hi","Risky",68,4,,false
37,49,0,NONE,"9aTKSjj1","Rather detrimental",58,5,,false
37,49,0,NONE,"Y4GkSXPs","Suicide mission",66,6,,false
37,49,0,NONE,"XeESoW5X","Rather detrimental",92,7,,false
38,0,0,NONE,"XSLLxpY5","Hmmm....",19,7,,false
38,0,0,NONE,"4tCRSsAI","Piece of cake",8,7,,false
38,0,0,NONE,"SXScJEni","Sure thing",4,7,,false
38,0,0,NONE,"TSkhJNoq","Sure thing",2,7,,false
38,0,0,NONE,"1yevyLXB","Quite likely",29,7,,false
38,0,0,NONE,"w4Tds1h4","Risky",22,7,,false
38,0,0,NONE,"S0quHoDk","Sure thing",4,7,,true
38,0,0,NONE,"tGYgVLbq","Gamble",41,7,,false
38,0,0,NONE,"3meVAHNd","Suicide mission",28,7,,false
38,0,0,NONE,"psdac8ip","Gamble",22,7,,false
38,1,0,NONE,"XSLLxpY5","Hmmm....",19,6,,false
38,1,0,NONE,"4tCRSsAI","Piece of cake",8,6,,false
38,1,0,NONE,"SXScJEni","Sure thing",4,6,,true
38,1,0,NONE,"TSkhJNoq","Sure thing",2,6,,false
38,1,0,NONE,"1yevyLXB","Quite likely",29,6,,false
38,1,0,NONE,"w4Tds1h4","Risky",22,6,,false
38,1,0,NONE,"tGYgVLbq","Gamble",41,6,,false
38,1,0,NONE,"3meVAHNd","Suicide mission",28,6,,false
38,1,0,NONE,"psdac8ip","Gamble",22,6,,false
38,1,0,NONE,"fNhhuT4N","Rather detrimental",55,7,,false
38,2,0,NONE,"XSLLxpY5","Hmmm....",19,5,,false
38,2,0,NONE,"4tCRSsAI","Piece of cake",8,5,,false
38,2,0,NONE,"TSkhJNoq","Sure thing",2,5,,true
38,2,0,NONE,"1yevyLXB","Quite likely",29,5,,false
38,2,0,NONE,"w4Tds1h4","Risky",22,5,,false
38,2,0,NONE,"tGYgVLbq","Gamble",41,5,,false
38,2,0,NONE,"3meVAHNd","Suicide mission",28,5,,false
38,2,0,NONE,"psdac8ip","Gamble",22,5,,false
38,2,0,NONE,"fNhhuT4N","Rather detrimental",55,6,,false
38,2,0,NONE,"HiKL8sB4","Walk in the park",70,7,,false
38,3,0,NONE,"XSLLxpY5","Hmmm....",19,4,,false
38,3,0,NONE,"4tCRSsAI","Piece of cake",8,4,,true
38,3,0,NONE,"1yevyLXB","Quite likely",29,4,,false
38,3,0,NONE,"w4Tds1h4","Risky",22,4,,false
38,3,0,NONE,"tGYgVLbq","Gamble",41,4,,false
38,3,0,NONE,"3meVAHNd","Suicide mission",28,4,,false
38,3,0,NONE,"psdac8ip","Gamble",22,4,,false
38,3,0,NONE,"fNhhuT4N","Rather detrimental",55,5,,false
38,3,0,NONE,"HiKL8sB4","Walk in the park",70,6,,false
38,3,0,NONE,"KsWsEnyO","Piece of cake",83,7,,false
38,4,0,NONE,"XSLLxpY5","Hmmm....",19,3,,false
38,4,0,NONE,"1yevyLXB","Quite likely",29,3,,false
38,4,0,NONE,"w4Tds1h4","Risky",22,3,,false
38,4,0,NONE,"tGYgVLbq","Gamble",41,3,,false
38,4,0,NONE,"3meVAHNd","Suicide mission",28,3,,false
38,4,0,NONE,"psdac8ip","Gamble",22,3,,false
38,4,0,NONE,"fNhhuT4N","Rather detrimental",55,4,,false
38,4,0,NONE,"HiKL8sB4","Walk in the park",70,5,,false
38,4,0,NONE,"KsWsEnyO","Piece of cake",83,6,,true
38,4,0,NONE,"PPTW1QR4","Piece of cake",10,7,,false
38,5,0,NONE,"XSLLxpY5","Hmmm....",19,2,,false
38,5,0,NONE,"1yevyLXB","Quite likely",29,2,,false
38,5,0,NONE,"w4Tds1h4","Risky",22,2,,false
38,5,0,NONE,"tGYgVLbq","Gamble",41,2,,false
38,5,0,NONE,"3meVAHNd","Suicide mission",28,2,,false
38,5,0,NONE,"psdac8ip","Gamble",22,2,,false
38,5,0,NONE,"fNhhuT4N","Rather detrimental",55,3,,false
38,5,0,NONE,"HiKL8sB4","Walk in the park",70,4,,false
38,5,0,NONE,"PPTW1QR4","Piece of cake",10,6,,false
38,5,0,NONE,"3HcRrmii","Piece of cake",72,7,,true
38,6,0,NONE,"XSLLxpY5","Hmmm....",19,1,,false
38,6,0,NONE,"1yevyLXB","Quite likely",29,1,,false
38,6,0,NONE,"w4Tds1h4","Risky",22,1,,false
38,6,0,NONE,"tGYgVLbq","Gamble",41,1,,false
38,6,0,NONE,"3meVAHNd","Suicide mission",28,1,,false
38,6,0,NONE,"psdac8ip","Gamble",22,1,,false
38,6,0,NONE,"fNhhuT4N","Rather detrimental",55,2,,false
38,6,0,NONE,"HiKL8sB4","Walk in the park",70,3,,false
38,6,0,NONE,"PPTW1QR4","Piece of cake",10,5,,false
38,6,0,NONE,"LiVcg2cs","Piece of cake",20,7,,true
38,7,0,NONE,"fNhhuT4N","Rather detrimental",55,1,,false
38,7,0,NONE,"HiKL8sB4","Walk in the park",70,2,,false
38,7,0,NONE,"PPTW1QR4","Piece of cake",10,4,,false
38,7,0,NONE,"nwszjLQx","Risky",32,7,,false
38,7,0,NONE,"DLR5XyIU","Piece of cake",15,7,,false
38,7,0,NONE,"du5vX3Df","Piece of cake",30,7,,false
38,7,0,NONE,"wxxe2Eyw","Piece of cake",58,7,,false
38,7,0,NONE,"I8VDposR","Quite likely",74,7,,false
38,7,0,NONE,"ZFIo9959","Quite likely",24,7,,false
38,7,0,NONE,"os54jQQp","Sure thing",13,7,,true
38,8,0,NONE,"HiKL8sB4","Walk in the park",70,1,,false
38,8,0,NONE,"PPTW1QR4","Piece of cake",10,3,,false
38,8,0,NONE,"nwszjLQx","Risky",32,6,,false
38,8,0,NONE,"DLR5XyIU","Piece of cake",15,6,,true
38,8,0,NONE,"du5vX3Df","Piece of cake",30,6,,false
38,8,0,NONE,"wxxe2Eyw","Piece of cake",58,6,,false
38,8,0,NONE,"I8VDposR","Quite likely",74,6,,false
38,8,0,NONE,"ZFIo9959","Quite likely",24,6,,false
38,8,0,NONE,"OyBaYWqr","Hmmm....",61,7,,false
38,8,0,NONE,"qrxoY9Ei","Risky",27,7,,false
38,9,0,NONE,"PPTW1QR4","Piece of cake",10,2,,true
38,9,0,NONE,"nwszjLQx","Risky",32,5,,false
38,9,0,NONE,"du5vX3Df","Piece of cake",30,5,,false
38,9,0,NONE,"wxxe2Eyw","Piece of cake",58,5,,false
38,9,0,NONE,"I8VDposR","Quite likely",74,5,,false
38,9,0,NONE,"ZFIo9959","Quite likely",24,5,,false
38,9,0,NONE,"OyBaYWqr","Hmmm....",61,6,,false
38,9,0,NONE,"qrxoY9Ei","Risky",27,6,,false
38,9,0,NONE,"RgVuG8uD","Walk in the park",42,7,,false
38,9,0,NONE,"qYgRkvKp","Piece of cake",24,7,,false
38,10,0,NONE,"nwszjLQx","Risky",32,4,,false
38,10,0,NONE,"du5vX3Df","Piece of cake",30,4,,true
38,10,0,NONE,"wxxe2Eyw","Piece of cake",58,4,,false
38,10,0,NONE,"I8VDposR","Quite likely",74,4,,false
38,10,0,NONE,"ZFIo9959","Quite likely",24,4,,false
38,10,0,NONE,"OyBaYWqr","Hmmm....",61,5,,false
38,10,0,NONE,"qrxoY9Ei","Risky",27,5,,false
38,10,0,NONE,"RgVuG8uD","Walk in the park",42,6,,false
38,10,0,NONE,"qYgRkvKp","Piece of cake",24,6,,false
38,10,0,NONE,"jS1ZPZK1","Risky",27,7,,false
38,11,0,NONE,"nwszjLQx","Risky",32,3,,false
38,11,0,NONE,"wxxe2Eyw","Piece of cake",58,3,,false
38,11,0,NONE,"I8VDposR","Quite likely",74,3,,false
38,11,0,NONE,"ZFIo9959","Quite likely",24,3,,false
38,11,0,NONE,"OyBaYWqr","Hmmm....",61,4,,false
38,11,0,NONE,"qrxoY9Ei","Risky",27,4,,false
38,11,0,NONE,"RgVuG8uD","Walk in the park",42,5,,false
38,11,0,NONE,"qYgRkvKp","Piece of cake",24,5,,false
38,11,0,NONE,"jS1ZPZK1","Risky",27,6,,false
38,11,0,NONE,"LXQJXIUe","Piece of cake",48,7,,true
38,12,0,NONE,"nwszjLQx","Risky",32,2,,false
38,12,0,NONE,"wxxe2Eyw","Piece of cake",58,2,,false
38,12,0,NONE,"I8VDposR","Quite likely",74,2,,false
38,12,0,NONE,"ZFIo9959","Quite likely",24,2,,false
38,12,0,NONE,"OyBaYWqr","Hmmm....",61,3,,false
38,12,0,NONE,"qrxoY9Ei","Risky",27,3,,false
38,12,0,NONE,"RgVuG8uD","Walk in the park",42,4,,false
38,12,0,NONE,"qYgRkvKp","Piece of cake",24,4,,true
38,12,0,NONE,"jS1ZPZK1","Risky",27,5,,false
38,12,0,NONE,"dKeZvg0c","Walk in the park",87,7,,false
38,13,0,NONE,"nwszjLQx","Risky",32,1,,false
38,13,0,NONE,"wxxe2Eyw","Piece of cake",58,1,,false
38,13,0,NONE,"I8VDposR","Quite likely",74,1,,false
38,13,0,NONE,"ZFIo9959","Quite likely",24,1,,false
38,13,0,NONE,"OyBaYWqr","Hmmm....",61,2,,false
38,13,0,NONE,"qrxoY9Ei","Risky",27,2,,false
38,13,0,NONE,"RgVuG8uD","Walk in the park",42,3,,false
38,13,0,NONE,"jS1ZPZK1","Risky",27,4,,true
38,13,0,NONE,"dKeZvg0c","Walk in the park",87,6,,false
38,13,0,NONE,"8RdSVOMv","Gamble",30,7,,false
38,14,0,NONE,"OyBaYWqr","Hmmm....",61,1,,false
38,14,0,NONE,"qrxoY9Ei","Risky",27,1,,false
38,14,0,NONE,"RgVuG8uD","Walk in the park",42,2,,false
38,14,0,NONE,"dKeZvg0c","Walk in the park",87,5,,false
38,14,0,NONE,"8RdSVOMv","Gamble",30,6,,false
38,14,0,NONE,"MnQKWEhQ","Playing with fire",27,7,,false
38,14,0,NONE,"3hNqpX8e","Hmmm....",51,7,,true
38,14,0,NONE,"KYvCfjEO","Quite likely",19,7,,false
38,14,0,NONE,"KhXcRgz9","Quite likely",72,7,,false
38,14,0,NONE,"i5z1fL7I","Quite likely",34,7,,false
38,15,0,NONE,"RgVuG8uD","Walk in the park",42,1,,true
38,15,0,NONE,"dKeZvg0c","Walk in the park",87,4,,false
38,15,0,NONE,"8RdSVOMv","Gamble",30,5,,false
38,15,0,NONE,"MnQKWEhQ","Playing with fire",27,6,,false
38,15,0,NONE,"KYvCfjEO","Quite likely",19,6,,false
38,15,0,NONE,"KhXcRgz9","Quite likely",72,6,,false
38,15,0,NONE,"i5z1fL7I","Quite likely",34,6,,false
38,15,0,NONE,"5FjiVlEj","Hmmm....",40,7,,false
38,15,0,NONE,"PZi2cBsT","Piece of cake",58,7,,false
38,15,0,NONE,"v7eQ71oG","Gamble",58,7,,false
38,16,0,NONE,"dKeZvg0c","Walk in the park",87,3,,false
38,16,0,NONE,"8RdSVOMv","Gamble",30,4,,false
38,16,0,NONE,"MnQKWEhQ","Playing with fire",27,5,,false
38,16,0,NONE,"KYvCfjEO","Quite likely",19,5,,false
38,16,0,NONE,"KhXcRgz9","Quite likely",72,5,,false
38,16,0,NONE,"i5z1fL7I","Quite likely",34,5,,false
38,16,0,NONE,"5FjiVlEj","Hmmm....",40,6,,false
38,16,0,NONE,"PZi2cBsT","Piece of cake",58,6,,true
38,16,0,NONE,"v7eQ71oG","Gamble",58,6,,false
38,16,0,NONE,"AitEIXQi","Gamble",147,2,1,false
38,17,0,NONE,"dKeZvg0c","Walk in the park",87,2,,false
38,17,0,NONE,"8RdSVOMv","Gamble",30,3,,false
38,17,0,NONE,"MnQKWEhQ","Playing with fire",27,4,,false
38,17,0,NONE,"KYvCfjEO","Quite likely",19,4,,false
38,17,0,NONE,"KhXcRgz9","Quite likely",72,4,,false
38,17,0,NONE,"i5z1fL7I","Quite likely",34,4,,false
38,17,0,NONE,"5FjiVlEj","Hmmm....",40,5,,false
38,17,0,NONE,"v7eQ71oG","Gamble",58,5,,true
38,17,0,NONE,"AitEIXQi","Gamble",147,1,1,false
38,17,0,NONE,"0Qur5iXl","Playing with fire",43,7,,false
38,19,0,NONE,"8RdSVOMv","Gamble",30,1,,true
38,19,0,NONE,"MnQKWEhQ","Playing with fire",27,2,,false
38,19,0,NONE,"KYvCfjEO","Quite likely",19,2,,false
38,19,0,NONE,"KhXcRgz9","Quite likely",72,2,,false
38,19,0,NONE,"i5z1fL7I","Quite likely",34,2,,false
38,19,0,NONE,"5FjiVlEj","Hmmm....",40,3,,false
38,19,0,NONE,"0Qur5iXl","Playing with fire",43,5,,false
38,19,0,NONE,"77VFbRCW","Piece of cake",46,6,,false
38,19,0,NONE,"8nsUEob3","Walk in the park",70,6,,false
38,19,0,NONE,"FO0ByZdK","Gamble",38,7,,false
38,20,0,NONE,"MnQKWEhQ","Playing with fire",27,1,,false
38,20,0,NONE,"KYvCfjEO","Quite likely",19,1,,false
38,20,0,NONE,"KhXcRgz9","Quite likely",72,1,,false
38,20,0,NONE,"i5z1fL7I","Quite likely",34,1,,false
38,20,0,NONE,"5FjiVlEj","Hmmm....",40,2,,false
38,20,0,NONE,"0Qur5iXl","Playing with fire",43,4,,true
38,20,0,NONE,"77VFbRCW","Piece of cake",46,5,,false
38,20,0,NONE,"8nsUEob3","Walk in the park",70,5,,false
38,20,0,NONE,"FO0ByZdK","Gamble",38,6,,false
38,20,0,NONE,"z3FwDKds","Quite likely",57,7,,false
38,22,0,NONE,"77VFbRCW","Piece of cake",46,3,,false
38,22,0,NONE,"8nsUEob3","Walk in the park",70,3,,false
38,22,0,NONE,"FO0ByZdK","Gamble",38,4,,false
38,22,0,NONE,"z3FwDKds","Quite likely",57,5,,false
38,22,0,NONE,"YytyuhQY","Suicide mission",148,1,1,false
38,22,0,NONE,"C7XOAaFO","Suicide mission",119,2,1,false
38,22,0,NONE,"GDqIY8hf","Sure thing",106,6,,true
38,22,0,NONE,"55RW4zUj","Walk in the park",80,6,,false
38,22,0,NONE,"R4zvdO31","Suicide mission",125,1,1,false
38,22,0,NONE,"64hmOtJW","Piece of cake",78,7,,false
38,23,0,NONE,"77VFbRCW","Piece of cake",46,2,,false
38,23,0,NONE,"8nsUEob3","Walk in the park",70,2,,false
38,23,0,NONE,"FO0ByZdK","Gamble",38,3,,false
38,23,0,NONE,"z3FwDKds","Quite likely",57,4,,false
38,23,0,NONE,"C7XOAaFO","Suicide mission",119,1,1,false
38,23,0,NONE,"55RW4zUj","Walk in the park",80,5,,false
38,23,0,NONE,"64hmOtJW","Piece of cake",78,6,,true
38,23,0,NONE,"yGXKxgOt","Suicide mission",158,2,1,false
38,23,0,NONE,"u5uPe4d5","Piece of cake",66,7,,false
38,23,0,NONE,"vikAVuEA","Suicide mission",136,2,1,false
38,24,0,NONE,"77VFbRCW","Piece of cake",46,1,,false
38,24,0,NONE,"8nsUEob3","Walk in the park",70,1,,false
38,24,0,NONE,"FO0ByZdK","Gamble",38,2,,false
38,24,0,NONE,"z3FwDKds","Quite likely",57,3,,false
38,24,0,NONE,"55RW4zUj","Walk in the park",80,4,,false
38,24,0,NONE,"yGXKxgOt","Suicide mission",158,1,1,false
38,24,0,NONE,"u5uPe4d5","Piece of cake",66,6,,true
38,24,0,NONE,"vikAVuEA","Suicide mission",136,1,1,false
38,24,0,NONE,"ZFV6rrnh","Sure thing",68,7,,false
38,24,0,NONE,"CeS2ju53","Rather detrimental",158,2,1,false
38,25,0,NONE,"FO0ByZdK","Gamble",38,1,,false
38,25,0,NONE,"z3FwDKds","Quite likely",57,2,,false
38,25,0,NONE,"55RW4zUj","Walk in the park",80,3,,false
38,25,0,NONE,"ZFV6rrnh","Sure thing",68,6,,true
38,25,0,NONE,"CeS2ju53","Rather detrimental",158,1,1,false
38,25,0,NONE,"xQXyPtXT","Risky",157,2,1,false
38,25,0,NONE,"JyQZAZqD","Risky",138,3,1,false
38,25,0,NONE,"LlDQyE4Q","Suicide mission",138,2,1,false
38,25,0,NONE,"sxUKGVQU","Impossible",129,3,1,false
38,25,0,NONE,"BIz3j2w1","Walk in the park",101,7,,false
38,26,0,NONE,"z3FwDKds","Quite likely",57,1,,false
38,26,0,NONE,"55RW4zUj","Walk in the park",80,2,,false
38,26,0,NONE,"xQXyPtXT","Risky",157,1,1,false
38,26,0,NONE,"JyQZAZqD","Risky",138,2,1,false
38,26,0,NONE,"LlDQyE4Q","Suicide mission",138,1,1,false
38,26,0,NONE,"sxUKGVQU","Impossible",129,2,1,false
38,26,0,NONE,"BIz3j2w1","Walk in the park",101,6,,false
38,26,0,NONE,"RFzMQyVc","Suicide mission",127,3,1,true
38,26,0,NONE,"yYwmH06N","Suicide mission",132,3,1,false
38,26,0,NONE,"eJdZUpp3","Hmmm....",85,7,,false
38,28,0,NONE,"BIz3j2w1","Walk in the park",101,4,,false
38,28,0,NONE,"yYwmH06N","Suicide mission",132,1,1,false
38,28,0,NONE,"eJdZUpp3","Hmmm....",85,5,,false
38,28,0,NONE,"WSqIVhi9","Suicide mission",95,1,2,false
38,28,0,NONE,"Cm4aoJwk","Piece of cake",103,6,,true
38,28,0,NONE,"DsLRwFlV","Walk in the park",103,6,,false
38,28,0,NONE,"O4M1hxGY","Suicide mission",109,1,2,false
38,28,0,NONE,"QkSMxXlI","Suicide mission",160,2,1,false
38,28,0,NONE,"qRiQTW85","Impossible",117,2,2,false
38,28,0,NONE,"NCkXsQjc","Rather detrimental",147,3,1,false
38,29,0,NONE,"BIz3j2w1","Walk in the park",101,3,,true
38,29,0,NONE,"eJdZUpp3","Hmmm....",85,4,,false
38,29,0,NONE,"DsLRwFlV","Walk in the park",103,5,,false
38,29,0,NONE,"QkSMxXlI","Suicide mission",160,1,1,false
38,29,0,NONE,"qRiQTW85","Impossible",117,1,2,false
38,29,0,NONE,"NCkXsQjc","Rather detrimental",147,2,1,false
38,29,0,NONE,"cBXZKnYk","Impossible",103,2,2,false
38,29,0,NONE,"7jPS8osI","Impossible",102,2,2,false
38,29,0,NONE,"4At47JiQ","Suicide mission",127,2,2,false
38,29,0,NONE,"JNswHfbP","Walk in the park",144,2,1,false
38,30,0,NONE,"eJdZUpp3","Hmmm....",85,3,,false
38,30,0,NONE,"DsLRwFlV","Walk in the park",103,4,,false
38,30,0,NONE,"NCkXsQjc","Rather detrimental",147,1,1,false
38,30,0,NONE,"cBXZKnYk","Impossible",103,1,2,false
38,30,0,NONE,"7jPS8osI","Impossible",102,1,2,false
38,30,0,NONE,"4At47JiQ","Suicide mission",127,1,2,false
38,30,0,NONE,"JNswHfbP","Walk in the park",144,1,1,false
38,30,0,NONE,"xuLQHXfK","Risky",140,2,1,false
38,30,0,NONE,"fZ7qo6jG","Suicide mission",99,3,1,true
38,30,0,NONE,"niJZnH6X","Quite likely",110,7,,false
38,32,0,NONE,"eJdZUpp3","Hmmm....",85,1,,false
38,32,0,NONE,"DsLRwFlV","Walk in the park",103,2,,true
38,32,0,NONE,"niJZnH6X","Quite likely",110,5,,false
38,32,0,NONE,"AShAqDDI","Rather detrimental",137,1,1,false
38,32,0,NONE,"gElEaOl4","Gamble",122,2,1,false
38,32,0,NONE,"FH6GrZvQ","Risky",137,2,1,false
38,32,0,NONE,"eKgpu2Hg","Suicide mission",155,2,1,false
38,32,0,NONE,"XFkZGLvA","Suicide mission",160,1,1,false
38,32,0,NONE,"7EkPwQ5u","Rather detrimental",116,1,1,false
38,32,0,NONE,"Z0r2WBID","Suicide mission",143,2,1,false
38,33,0,NONE,"niJZnH6X","Quite likely",110,4,,false
38,33,0,NONE,"gElEaOl4","Gamble",122,1,1,false
38,33,0,NONE,"FH6GrZvQ","Risky",137,1,1,false
38,33,0,NONE,"eKgpu2Hg","Suicide mission",155,1,1,false
38,33,0,NONE,"Z0r2WBID","Suicide mission",143,1,1,false
38,33,0,NONE,"vEt9h5ZO","Hmmm....",88,7,,false
38,33,0,NONE,"wMSu8lTh","Gamble",151,2,1,false
38,33,0,NONE,"9sHriyGO","Walk in the park",145,2,1,true
38,33,0,NONE,"rXccb1Us","Rather detrimental",140,3,1,false
38,33,0,NONE,"CGNUYUoy","Playing with fire",140,3,1,false
38,35,0,NONE,"niJZnH6X","Quite likely",110,2,,false
38,35,0,NONE,"vEt9h5ZO","Hmmm....",88,5,,false
38,35,0,NONE,"rXccb1Us","Rather detrimental",140,1,1,false
38,35,0,NONE,"CGNUYUoy","Playing with fire",140,1,1,false
38,35,0,NONE,"VORrsJ5N","Quite likely",100,6,,false
38,35,0,NONE,"Q99JYSWY","Suicide mission",133,1,1,false
38,35,0,NONE,"GSjWLoyA","Gamble",87,6,,false
38,35,0,NONE,"JBODxgiM","Gamble",128,2,1,false
38,35,0,NONE,"aNv3KMcz","Playing with fire",121,1,1,false
38,35,0,NONE,"lJ8SgbEk","Walk in the park",100,7,,true
38,36,0,NONE,"niJZnH6X","Quite likely",110,1,,false
38,36,0,NONE,"vEt9h5ZO","Hmmm....",88,4,,false
38,36,0,NONE,"VORrsJ5N","Quite likely",100,5,,false
38,36,0,NONE,"GSjWLoyA","Gamble",87,5,,false
38,36,0,NONE,"JBODxgiM","Gamble",128,1,1,true
38,36,0,NONE,"fCdxdX2y","Quite likely",81,7,,false
38,36,0,NONE,"m3T4hLN5","Walk in the park",115,7,,false
38,36,0,NONE,"SxEIAxai","Hmmm....",95,7,,false
38,36,0,NONE,"DnNhEOra","Rather detrimental",66,7,,false
38,36,0,NONE,"opQE8yr9","Walk in the park",97,7,,false
38,38,0,NONE,"vEt9h5ZO","Hmmm....",88,2,,false
38,38,0,NONE,"VORrsJ5N","Quite likely",100,3,,false
38,38,0,NONE,"GSjWLoyA","Gamble",87,3,,false
38,38,0,NONE,"fCdxdX2y","Quite likely",81,5,,false
38,38,0,NONE,"m3T4hLN5","Walk in the park",115,5,,true
38,38,0,NONE,"SxEIAxai","Hmmm....",95,5,,false
38,38,0,NONE,"DnNhEOra","Rather detrimental",66,5,,false
38,38,0,NONE,"opQE8yr9","Walk in the park",97,5,,false
38,38,0,NONE,"TeXvlieq","Rather detrimental",87,6,,false
38,38,0,NONE,"LwlH2zRg","Playing with fire",101,6,,false
38,39,0,NONE,"vEt9h5ZO","Hmmm....",88,1,,true
38,39,0,NONE,"VORrsJ5N","Quite likely",100,2,,false
38,39,0,NONE,"GSjWLoyA","Gamble",87,2,,false
38,39,0,NONE,"fCdxdX2y","Quite likely",81,4,,false
38,39,0,NONE,"SxEIAxai","Hmmm....",95,4,,false
38,39,0,NONE,"DnNhEOra","Rather detrimental",66,4,,false
38,39,0,NONE,"opQE8yr9","Walk in the park",97,4,,false
38,39,0,NONE,"TeXvlieq","Rather detrimental",87,5,,false
38,39,0,NONE,"LwlH2zRg","Playing with fire",101,5,,false
38,39,0,NONE,"gut4Jy8t","Rather detrimental",90,7,,false
38,41,0,NONE,"fCdxdX2y","Quite likely",81,2,,false
38,41,0,NONE,"SxEIAxai","Hmmm....",95,2,,false
38,41,0,NONE,"DnNhEOra","Rather detrimental",66,2,,false
38,41,0,NONE,"opQE8yr9","Walk in the park",97,2,,true
38,41,0,NONE,"TeXvlieq","Rather detrimental",87,3,,false
38,41,0,NONE,"LwlH2zRg","Playing with fire",101,3,,false
38,41,0,NONE,"gut4Jy8t","Rather detrimental",90,5,,false
38,41,0,NONE,"ydzsax2h","Gamble",77,6,,false
38,41,0,NONE,"wD2R2jXe","Gamble",78,7,,false
38,41,0,NONE,"uj0P4ZAl","Quite likely",73,7,,false
38,42,0,NONE,"fCdxdX2y","Quite likely",81,1,,false
38,42,0,NONE,"SxEIAxai","Hmmm....",95,1,,false
38,42,0,NONE,"DnNhEOra","Rather detrimental",66,1,,true
38,42,0,NONE,"TeXvlieq","Rather detrimental",87,2,,false
38,42,0,NONE,"LwlH2zRg","Playing with fire",101,2,,false
38,42,0,NONE,"gut4Jy8t","Rather detrimental",90,4,,false
38,42,0,NONE,"ydzsax2h","Gamble",77,5,,false
38,42,0,NONE,"wD2R2jXe","Gamble",78,6,,false
38,42,0,NONE,"uj0P4ZAl","Quite likely",73,6,,false
38,42,0,NONE,"Z3t4dWrw","Risky",95,7,,false
38,44,0,NONE,"gut4Jy8t","Rather detrimental",90,2,,false
38,44,0,NONE,"ydzsax2h","Gamble",77,3,,false
38,44,0,NONE,"wD2R2jXe","Gamble",78,4,,false
38,44,0,NONE,"uj0P4ZAl","Quite likely",73,4,,false
38,44,0,NONE,"Z3t4dWrw","Risky",95,5,,false
38,44,0,NONE,"Tn67QdFk","Rather detrimental",68,6,,false
38,44,0,NONE,"uU4JHvcz","Rather detrimental",76,6,,false
38,44,0,NONE,"JSlv2dk4","Playing with fire",79,6,,false
38,44,0,NONE,"INH3ILRe","Gamble",79,7,,false
38,44,0,NONE,"a8ewjP8s","Walk in the park",69,7,,true
38,45,0,NONE,"gut4Jy8t","Rather detrimental",90,1,,true
38,45,0,NONE,"ydzsax2h","Gamble",77,2,,false
38,45,0,NONE,"wD2R2jXe","Gamble",78,3,,false
38,45,0,NONE,"uj0P4ZAl","Quite likely",73,3,,false
38,45,0,NONE,"Z3t4dWrw","Risky",95,4,,false
38,45,0,NONE,"Tn67QdFk","Rather detrimental",68,5,,false
38,45,0,NONE,"uU4JHvcz","Rather detrimental",76,5,,false
38,45,0,NONE,"JSlv2dk4","Playing with fire",79,5,,false
38,45,0,NONE,"INH3ILRe","Gamble",79,6,,false
38,45,0,NONE,"g2xpihMI","Quite likely",74,7,,false
38,47,0,NONE,"wD2R2jXe","Gamble",78,1,,false
38,47,0,NONE,"uj0P4ZAl","Quite likely",73,1,,false
38,47,0,NONE,"Z3t4dWrw","Risky",95,2,,false
38,47,0,NONE,"Tn67QdFk","Rather detrimental",68,3,,false
38,47,0,NONE,"uU4JHvcz","Rather detrimental",76,3,,false
38,47,0,NONE,"JSlv2dk4","Playing with fire",79,3,,false
38,47,0,NONE,"INH3ILRe","Gamble",79,4,,true
38,47,0,NONE,"g2xpihMI","Quite likely",74,5,,false
38,47,0,NONE,"bBJn9BrH","Hmmm....",71,6,,false
38,47,0,NONE,"kFmyISLt","Risky",69,7,,false
38,49,0,NONE,"Tn67QdFk","Rather detrimental",68,1,,false
38,49,0,NONE,"uU4JHvcz","Rather detrimental",76,1,,false
38,49,0,NONE,"JSlv2dk4","Playing with fire",79,1,,true
38,49,0,NONE,"g2xpihMI","Quite likely",74,3,,false
38,49,0,NONE,"bBJn9BrH","Hmmm....",71,4,,false
38,49,0,NONE,"kFmyISLt","Risky",69,5,,false
38,49,0,NONE,"Mz7Z2qgO","Playing with fire",75,6,,false
38,49,0,NONE,"QJW6c0IP","Playing with fire",74,6,,false
38,49,0,NONE,"vW2X9Svj","Playing with fire",66,6,,false
38,49,0,NONE,"pF6QwGQ1","Playing with fire",72,7,,false
39,0,0,NONE,"Flv8z2G4","Hmmm....",29,7,,false
39,0,0,NONE,"hvvL0cUE","Quite likely",22,7,,false
39,0,0,NONE,"G3d3Aspa","Walk in the park",20,7,,false
39,0,0,NONE,"Zd08Xv7n","Risky",25,7,,false
39,0,0,NONE,"3raZkctg","Walk in the park",24,7,,false
39,0,0,NONE,"BH72lSBb","Sure thing",52,7,,true
39,0,0,NONE,"K6pwCHGq","Sure thing",7,7,,false
39,0,0,NONE,"vyCleO8X","Walk in the park",7,7,,false
39,0,0,NONE,"j9WPBDAq","Hmmm....",26,7,,false
39,0,0,NONE,"PZyg3qP0","Walk in the park",24,7,,false
39,1,0,NONE,"Flv8z2G4","Hmmm....",29,6,,false
39,1,0,NONE,"hvvL0cUE","Quite likely",22,6,,false
39,1,0,NONE,"G3d3Aspa","Walk in the park",20,6,,false
39,1,0,NONE,"Zd08Xv7n","Risky",25,6,,false
39,1,0,NONE,"3raZkctg","Walk in the park",24,6,,false
39,1,0,NONE,"K6pwCHGq","Sure thing",7,6,,true
39,1,0,NONE,"vyCleO8X","Walk in the park",7,6,,false
39,1,0,NONE,"j9WPBDAq","Hmmm....",26,6,,false
39,1,0,NONE,"PZyg3qP0","Walk in the park",24,6,,false
39,1,0,NONE,"P8c2T7Nt","Piece of cake",19,7,,false
39,2,0,NONE,"Flv8z2G4","Hmmm....",29,5,,false
39,2,0,NONE,"hvvL0cUE","Quite likely",22,5,,false
39,2,0,NONE,"G3d3Aspa","Walk in the park",20,5,,false
39,2,0,NONE,"Zd08Xv7n","Risky",25,5,,false
39,2,0,NONE,"3raZkctg","Walk in the park",24,5,,false
39,2,0,NONE,"vyCleO8X","Walk in the park",7,5,,false
39,2,0,NONE,"j9WPBDAq","Hmmm....",26,5,,false
39,2,0,NONE,"PZyg3qP0","Walk in the park",24,5,,false
39,2,0,NONE,"P8c2T7Nt","Piece of cake",19,6,,false
39,2,0,NONE,"CX4LDK1U","Piece of cake",57,7,,true
39,3,0,NONE,"Flv8z2G4","Hmmm....",29,4,,false
39,3,0,NONE,"hvvL0cUE","Quite likely",22,4,,false
39,3,0,NONE,"G3d3Aspa","Walk in the park",20,4,,false
39,3,0,NONE,"Zd08Xv7n","Risky",25,4,,false
39,3,0,NONE,"3raZkctg","Walk in the park",24,4,,false
39,3,0,NONE,"vyCleO8X","Walk in the park",7,4,,false
39,3,0,NONE,"j9WPBDAq","Hmmm....",26,4,,false
39,3,0,NONE,"PZyg3qP0","Walk in the park",24,4,,false
39,3,0,NONE,"P8c2T7Nt","Piece of cake",19,5,,true
39,3,0,NONE,"X9Mg3qdQ","Gamble",26,7,,false
39,4,0,NONE,"Flv8z2G4","Hmmm....",29,3,,false
39,4,0,NONE,"hvvL0cUE","Quite likely",22,3,,false
39,4,0,NONE,"G3d3Aspa","Walk in the park",20,3,,false
39,4,0,NONE,"Zd08Xv7n","Risky",25,3,,false
39,4,0,NONE,"3raZkctg","Walk in the park",24,3,,true
39,4,0,NONE,"vyCleO8X","Walk in the park",7,3,,false
39,4,0,NONE,"j9WPBDAq","Hmmm....",26,3,,false
39,4,0,NONE,"PZyg3qP0","Walk in the park",24,3,,false
39,4,0,NONE,"X9Mg3qdQ","Gamble",26,6,,false
39,4,0,NONE,"BAQgWOS5","Quite likely",21,7,,false
39,5,0,NONE,"Flv8z2G4","Hmmm....",29,2,,false
39,5,0,NONE,"hvvL0cUE","Quite likely",22,2,,false
39,5,0,NONE,"G3d3Aspa","Walk in the park",20,2,,true
39,5,0,NONE,"Zd08Xv7n","Risky",25,2,,false
39,5,0,NONE,"vyCleO8X","Walk in the park",7,2,,false
39,5,0,NONE,"j9WPBDAq","Hmmm....",26,2,,false
39,5,0,NONE,"PZyg3qP0","Walk in the park",24,2,,false
39,5,0,NONE,"X9Mg3qdQ","Gamble",26,5,,false
39,5,0,NONE,"BAQgWOS5","Quite likely",21,6,,false
39,5,0,NONE,"CYUgVO1w","Gamble",31,7,,false
39,6,0,NONE,"Flv8z2G4","Hmmm....",29,1,,false
39,6,0,NONE,"hvvL0cUE","Quite likely",22,1,,false
39,6,0,NONE,"Zd08Xv7n","Risky",25,1,,false
39,6,0,NONE,"vyCleO8X","Walk in the park",7,1,,false
39,6,0,NONE,"j9WPBDAq","Hmmm....",26,1,,false
39,6,0,NONE,"PZyg3qP0","Walk in the park",24,1,,false
39,6,0,NONE,"X9Mg3qdQ","Gamble",26,4,,false
39,6,0,NONE,"BAQgWOS5","Quite likely",21,5,,false
39,6,0,NONE,"CYUgVO1w","Gamble",31,6,,false
39,6,0,NONE,"bsyvxgac","Hmmm....",58,7,,true
39,7,0,NONE,"X9Mg3qdQ","Gamble",26,3,,false
39,7,0,NONE,"BAQgWOS5","Quite likely",21,4,,false
39,7,0,NONE,"CYUgVO1w","Gamble",31,5,,false
39,7,0,NONE,"2sDngTSJ","Sure thing",13,7,,true
39,7,0,NONE,"jSG9yWDB","Playing with fire",39,7,,false
39,7,0,NONE,"uOjtf4ud","Gamble",35,7,,false
39,7,0,NONE,"9DpqAeDZ","Quite likely",13,7,,false
39,7,0,NONE,"mI3Q9ept","Hmmm....",32,7,,false
39,7,0,NONE,"BymZGM8f","Walk in the park",16,7,,false
39,7,0,NONE,"orUBUlWf","Playing with fire",36,7,,false
39,8,0,NONE,"X9Mg3qdQ","Gamble",26,2,,false
39,8,0,NONE,"BAQgWOS5","Quite likely",21,3,,false
39,8,0,NONE,"CYUgVO1w","Gamble",31,4,,false
39,8,0,NONE,"jSG9yWDB","Playing with fire",39,6,,false
39,8,0,NONE,"uOjtf4ud","Gamble",35,6,,false
39,8,0,NONE,"9DpqAeDZ","Quite likely",13,6,,false
39,8,0,NONE,"mI3Q9ept","Hmmm....",32,6,,false
39,8,0,NONE,"BymZGM8f","Walk in the park",16,6,,false
39,8,0,NONE,"orUBUlWf","Playing with fire",36,6,,false
39,8,0,NONE,"0ThedQ0x","Sure thing",18,7,,true
39,9,0,NONE,"X9Mg3qdQ","Gamble",26,1,,false
39,9,0,NONE,"BAQgWOS5","Quite likely",21,2,,false
39,9,0,NONE,"CYUgVO1w","Gamble",31,3,,false
39,9,0,NONE,"jSG9yWDB","Playing with fire",39,5,,false
39,9,0,NONE,"uOjtf4ud","Gamble",35,5,,true
39,9,0,NONE,"9DpqAeDZ","Quite likely",13,5,,false
39,9,0,NONE,"mI3Q9ept","Hmmm....",32,5,,false
39,9,0,NONE,"BymZGM8f","Walk in the park",16,5,,false
39,9,0,NONE,"orUBUlWf","Playing with fire",36,5,,false
39,9,0,NONE,"A8WGruvB","Walk in the park",40,7,,false
39,11,0,NONE,"CYUgVO1w","Gamble",31,1,,false
39,11,0,NONE,"jSG9yWDB","Playing with fire",39,3,,false
39,11,0,NONE,"9DpqAeDZ","Quite likely",13,3,,false
39,11,0,NONE,"mI3Q9ept","Hmmm....",32,3,,false
39,11,0,NONE,"BymZGM8f","Walk in the park",16,3,,false
39,11,0,NONE,"orUBUlWf","Playing with fire",36,3,,false
39,11,0,NONE,"A8WGruvB","Walk in the park",40,5,,true
39,11,0,NONE,"KYZxdcwj","Quite likely",20,6,,false
39,11,0,NONE,"jHcz4mYe","Walk in the park",36,6,,false
39,11,0,NONE,"AfuSu1nA","Quite likely",21,7,,false
39,12,0,NONE,"jSG9yWDB","Playing with fire",39,2,,false
39,12,0,NONE,"9DpqAeDZ","Quite likely",13,2,,false
39,12,0,NONE,"mI3Q9ept","Hmmm....",32,2,,false
39,12,0,NONE,"BymZGM8f","Walk in the park",16,2,,true
39,12,0,NONE,"orUBUlWf","Playing with fire",36,2,,false
39,12,0,NONE,"KYZxdcwj","Quite likely",20,5,,false
39,12,0,NONE,"jHcz4mYe","Walk in the park",36,5,,false
39,12,0,NONE,"AfuSu1nA","Quite likely",21,6,,false
39,12,0,NONE,"VGy0t4UM","Risky",55,7,,false
39,12,0,NONE,"eVrAMHph","Rather detrimental",52,7,,false
39,13,0,NONE,"jSG9yWDB","Playing with fire",39,1,,false
39,13,0,NONE,"9DpqAeDZ","Quite likely",13,1,,false
39,13,0,NONE,"mI3Q9ept","Hmmm....",32,1,,false
39,13,0,NONE,"orUBUlWf","Playing with fire",36,1,,false
39,13,0,NONE,"KYZxdcwj","Quite likely",20,4,,false
39,13,0,NONE,"jHcz4mYe","Walk in the park",36,4,,false
39,13,0,NONE,"AfuSu1nA","Quite likely",21,5,,true
39,13,0,NONE,"VGy0t4UM","Risky",55,6,,false
39,13,0,NONE,"eVrAMHph","Rather detrimental",52,6,,false
39,13,0,NONE,"j8MxkfgH","Walk in the park",35,7,,false
39,14,0,NONE,"KYZxdcwj","Quite likely",20,3,,false
39,14,0,NONE,"jHcz4mYe","Walk in the park",36,3,,false
39,14,0,NONE,"VGy0t4UM","Risky",55,5,,false
39,14,0,NONE,"eVrAMHph","Rather detrimental",52,5,,false
39,14,0,NONE,"j8MxkfgH","Walk in the park",35,6,,false
39,14,0,NONE,"tvMEKQs8","Hmmm....",82,7,,false
39,14,0,NONE,"W5AriMg0","Piece of cake",61,7,,false
39,14,0,NONE,"42LND2xi","Piece of cake",66,7,,true
39,14,0,NONE,"I5tubyYA","Rather detrimental",75,7,,false
39,14,0,NONE,"ttsStJAf","Quite likely",34,7,,false
39,15,0,NONE,"KYZxdcwj","Quite likely",20,2,,false
39,15,0,NONE,"jHcz4mYe","Walk in the park",36,2,,false
39,15,0,NONE,"VGy0t4UM","Risky",55,4,,false
39,15,0,NONE,"eVrAMHph","Rather detrimental",52,4,,false
39,15,0,NONE,"j8MxkfgH","Walk in the park",35,5,,false
39,15,0,NONE,"tvMEKQs8","Hmmm....",82,6,,false
39,15,0,NONE,"W5AriMg0","Piece of cake",61,6,,true
39,15,0,NONE,"I5tubyYA","Rather detrimental",75,6,,false
39,15,0,NONE,"ttsStJAf","Quite likely",34,6,,false
39,15,0,NONE,"9iCenJ5W","Gamble",41,7,,false
39,16,0,NONE,"KYZxdcwj","Quite likely",20,1,,false
39,16,0,NONE,"jHcz4mYe","Walk in the park",36,1,,true
39,16,0,NONE,"VGy0t4UM","Risky",55,3,,false
39,16,0,NONE,"eVrAMHph","Rather detrimental",52,3,,false
39,16,0,NONE,"j8MxkfgH","Walk in the park",35,4,,false
39,16,0,NONE,"tvMEKQs8","Hmmm....",82,5,,false
39,16,0,NONE,"I5tubyYA","Rather detrimental",75,5,,false
39,16,0,NONE,"ttsStJAf","Quite likely",34,5,,false
39,16,0,NONE,"9iCenJ5W","Gamble",41,6,,false
39,16,0,NONE,"1HkDgQ9U","Rather detrimental",147,2,1,false
39,17,0,NONE,"VGy0t4UM","Risky",55,2,,false
39,17,0,NONE,"eVrAMHph","Rather detrimental",52,2,,false
39,17,0,NONE,"j8MxkfgH","Walk in the park",35,3,,false
39,17,0,NONE,"tvMEKQs8","Hmmm....",82,4,,false
39,17,0,NONE,"I5tubyYA","Rather detrimental",75,4,,true
39,17,0,NONE,"ttsStJAf","Quite likely",34,4,,false
39,17,0,NONE,"9iCenJ5W","Gamble",41,5,,false
39,17,0,NONE,"1HkDgQ9U","Rather detrimental",147,1,1,false
39,17,0,NONE,"YtSZX08J","Quite likely",71,7,,false
39,17,0,NONE,"AMtrZ0sl","Gamble",42,7,,false
39,19,0,NONE,"j8MxkfgH","Walk in the park",35,1,,true
39,19,0,NONE,"tvMEKQs8","Hmmm....",82,2,,false
39,19,0,NONE,"ttsStJAf","Quite likely",34,2,,false
39,19,0,NONE,"9iCenJ5W","Gamble",41,3,,false
39,19,0,NONE,"YtSZX08J","Quite likely",71,5,,false
39,19,0,NONE,"AMtrZ0sl","Gamble",42,5,,false
39,19,0,NONE,"NMJEzNNz","Playing with fire",137,2,1,false
39,19,0,NONE,"6ncGMlud","Hmmm....",132,1,1,false
39,19,0,NONE,"sf2bfFEV","Impossible",120,2,1,false
39,19,0,NONE,"D6xoLhvy","Suicide mission",155,2,1,false
39,20,0,NONE,"tvMEKQs8","Hmmm....",82,1,,false
39,20,0,NONE,"ttsStJAf","Quite likely",34,1,,false
39,20,0,NONE,"9iCenJ5W","Gamble",41,2,,false
39,20,0,NONE,"YtSZX08J","Quite likely",71,4,,false
39,20,0,NONE,"AMtrZ0sl","Gamble",42,4,,false
39,20,0,NONE,"NMJEzNNz","Playing with fire",137,1,1,true
39,20,0,NONE,"sf2bfFEV","Impossible",120,1,1,false
39,20,0,NONE,"D6xoLhvy","Suicide mission",155,1,1,false
39,20,0,NONE,"vSTunmBI","Playing with fire",146,3,1,false
39,20,0,NONE,"c99gscH8","Risky",141,3,1,false
39,22,0,NONE,"YtSZX08J","Quite likely",71,2,,false
39,22,0,NONE,"AMtrZ0sl","Gamble",42,2,,false
39,22,0,NONE,"vSTunmBI","Playing with fire",146,1,1,false
39,22,0,NONE,"c99gscH8","Risky",141,1,1,false
39,22,0,NONE,"TSH2tzcg","Sure thing",107,6,,true
39,22,0,NONE,"qhRdBOJy","Walk in the park",68,6,,false
39,22,0,NONE,"24woHu4t","Rather detrimental",52,6,,false
39,22,0,NONE,"hfUtCnzG","Suicide mission",129,1,1,false
39,22,0,NONE,"9m6QGy0k","Quite likely",133,1,1,false
39,22,0,NONE,"bsDTwmpZ","Walk in the park",126,7,,false
39,23,0,NONE,"YtSZX08J","Quite likely",71,1,,false
39,23,0,NONE,"AMtrZ0sl","Gamble",42,1,,false
39,23,0,NONE,"qhRdBOJy","Walk in the park",68,5,,false
39,23,0,NONE,"24woHu4t","Rather detrimental",52,5,,false
39,23,0,NONE,"bsDTwmpZ","Walk in the park",126,6,,false
39,23,0,NONE,"eIf69M1C","Piece of cake",100,7,,false
39,23,0,NONE,"ryDOSiA6","Playing with fire",60,7,,false
39,23,0,NONE,"IhQStK6i","Piece of cake",70,7,,true
39,23,0,NONE,"7AOOGu7I","Risky",123,3,1,false
39,23,0,NONE,"wLxNm75x","Walk in the park",116,2,1,false
39,24,0,NONE,"qhRdBOJy","Walk in the park",68,4,,false
39,24,0,NONE,"24woHu4t","Rather detrimental",52,4,,false
39,24,0,NONE,"bsDTwmpZ","Walk in the park",126,5,,false
39,24,0,NONE,"eIf69M1C","Piece of cake",100,6,,false
39,24,0,NONE,"ryDOSiA6","Playing with fire",60,6,,false
39,24,0,NONE,"7AOOGu7I","Risky",123,2,1,false
39,24,0,NONE,"wLxNm75x","Walk in the park",116,1,1,true
39,24,0,NONE,"ZFIlQT1o","Quite likely",128,2,1,false
39,24,0,NONE,"0vR31VKp","Rather detrimental",158,3,1,false
39,24,0,NONE,"70NhwT1j","Quite likely",108,7,,false
39,25,0,NONE,"qhRdBOJy","Walk in the park",68,3,,false
39,25,0,NONE,"24woHu4t","Rather detrimental",52,3,,false
39,25,0,NONE,"bsDTwmpZ","Walk in the park",126,4,,false
39,25,0,NONE,"eIf69M1C","Piece of cake",100,5,,false
39,25,0,NONE,"ryDOSiA6","Playing with fire",60,5,,false
39,25,0,NONE,"7AOOGu7I","Risky",123,1,1,false
39,25,0,NONE,"ZFIlQT1o","Quite likely",128,1,1,false
39,25,0,NONE,"0vR31VKp","Rather detrimental",158,2,1,false
39,25,0,NONE,"70NhwT1j","Quite likely",108,6,,true
39,25,0,NONE,"GMMKYbXM","Suicide mission",135,2,1,false
39,27,0,NONE,"qhRdBOJy","Walk in the park",68,1,,false
39,27,0,NONE,"24woHu4t","Rather detrimental",52,1,,false
39,27,0,NONE,"bsDTwmpZ","Walk in the park",126,2,,false
39,27,0,NONE,"eIf69M1C","Piece of cake",100,3,,true
39,27,0,NONE,"ryDOSiA6","Playing with fire",60,3,,false
39,27,0,NONE,"TEHC7wpo","Suicide mission",129,2,1,false
39,27,0,NONE,"otT8IBZ4","Playing with fire",136,2,1,false
39,27,0,NONE,"m4D4vv1F","Hmmm....",155,1,1,false
39,27,0,NONE,"3tkZRs2a","Impossible",108,2,2,false
39,27,0,NONE,"UN1i02Hc","Risky",136,3,1,false
39,28,0,NONE,"bsDTwmpZ","Walk in the park",126,1,,false
39,28,0,NONE,"ryDOSiA6","Playing with fire",60,2,,false
39,28,0,NONE,"TEHC7wpo","Suicide mission",129,1,1,false
39,28,0,NONE,"otT8IBZ4","Playing with fire",136,1,1,false
39,28,0,NONE,"3tkZRs2a","Impossible",108,1,2,false
39,28,0,NONE,"UN1i02Hc","Risky",136,2,1,false
39,28,0,NONE,"iwm8AgGH","Suicide mission",131,2,2,false
39,28,0,NONE,"2Kmj8qJu","Suicide mission",127,2,1,false
39,28,0,NONE,"Qe7HhDdA","Piece of cake",151,2,1,true
39,28,0,NONE,"UWpQUfRq","Playing with fire",128,2,1,false
39,30,0,NONE,"mExX2RVZ","Hmmm....",149,1,1,true
39,30,0,NONE,"mrNNJKzR","Sure thing",111,6,,false
39,30,0,NONE,"AP4L02Lx","Gamble",106,6,,false
39,30,0,NONE,"ngnY00Nr","Hmmm....",97,6,,false
39,30,0,NONE,"z8oitB5f","Impossible",76,1,2,false
39,30,0,NONE,"z0eNPIkc","Suicide mission",142,3,1,false
39,30,0,NONE,"F31FP1nB","Playing with fire",98,7,,false
39,30,0,NONE,"9ixyedna","Playing with fire",135,3,1,false
39,30,0,NONE,"ZKkmKhdp","Quite likely",99,7,,false
39,30,0,NONE,"lDXCJJhZ","Piece of cake",123,7,,false
39,31,0,NONE,"mrNNJKzR","Sure thing",111,5,,true
39,31,0,NONE,"AP4L02Lx","Gamble",106,5,,false
39,31,0,NONE,"ngnY00Nr","Hmmm....",97,5,,false
39,31,0,NONE,"z0eNPIkc","Suicide mission",142,2,1,false
39,31,0,NONE,"F31FP1nB","Playing with fire",98,6,,false
39,31,0,NONE,"9ixyedna","Playing with fire",135,2,1,false
39,31,0,NONE,"ZKkmKhdp","Quite likely",99,6,,false
39,31,0,NONE,"lDXCJJhZ","Piece of cake",123,6,,false
39,31,0,NONE,"Q9TZRxtd","Suicide mission",147,3,1,false
39,31,0,NONE,"OV84yGuq","Hmmm....",122,3,1,false
39,32,0,NONE,"AP4L02Lx","Gamble",106,4,,false
39,32,0,NONE,"ngnY00Nr","Hmmm....",97,4,,false
39,32,0,NONE,"z0eNPIkc","Suicide mission",142,1,1,false
39,32,0,NONE,"F31FP1nB","Playing with fire",98,5,,true
39,32,0,NONE,"9ixyedna","Playing with fire",135,1,1,false
39,32,0,NONE,"ZKkmKhdp","Quite likely",99,5,,false
39,32,0,NONE,"lDXCJJhZ","Piece of cake",123,5,,false
39,32,0,NONE,"Q9TZRxtd","Suicide mission",147,2,1,false
39,32,0,NONE,"OV84yGuq","Hmmm....",122,2,1,false
39,32,0,NONE,"GJnM904A","Risky",87,7,,false
39,33,0,NONE,"AP4L02Lx","Gamble",106,3,,false
39,33,0,NONE,"ngnY00Nr","Hmmm....",97,3,,true
39,33,0,NONE,"ZKkmKhdp","Quite likely",99,4,,false
39,33,0,NONE,"lDXCJJhZ","Piece of cake",123,4,,false
39,33,0,NONE,"Q9TZRxtd","Suicide mission",147,1,1,false
39,33,0,NONE,"OV84yGuq","Hmmm....",122,1,1,false
39,33,0,NONE,"GJnM904A","Risky",87,6,,false
39,33,0,NONE,"WVtT9Zkq","Playing with fire",144,2,1,false
39,33,0,NONE,"9dr8IUOH","Impossible",139,2,1,false
39,33,0,NONE,"KPfK2vRY","Suicide mission",121,2,1,false
39,35,0,NONE,"AP4L02Lx","Gamble",106,1,,false
39,35,0,NONE,"ZKkmKhdp","Quite likely",99,2,,false
39,35,0,NONE,"lDXCJJhZ","Piece of cake",123,2,,false
39,35,0,NONE,"GJnM904A","Risky",87,4,,false
39,35,0,NONE,"VUmzqJt0","Suicide mission",135,1,1,false
39,35,0,NONE,"Xi8nEbhL","Suicide mission",131,1,1,false
39,35,0,NONE,"i6pklkr4","Quite likely",106,6,,false
39,35,0,NONE,"ecHa1Lf8","Sure thing",84,7,,true
39,35,0,NONE,"Ejfc0lhH","Quite likely",79,7,,false
39,35,0,NONE,"vV2EznAs","Rather detrimental",119,7,,false
39,36,0,NONE,"ZKkmKhdp","Quite likely",99,1,,false
39,36,0,NONE,"lDXCJJhZ","Piece of cake",123,1,,false
39,36,0,NONE,"GJnM904A","Risky",87,3,,false
39,36,0,NONE,"i6pklkr4","Quite likely",106,5,,false
39,36,0,NONE,"Ejfc0lhH","Quite likely",79,6,,true
39,36,0,NONE,"vV2EznAs","Rather detrimental",119,6,,false
39,36,0,NONE,"2FQXY4nh","Walk in the park",118,7,,false
39,36,0,NONE,"BtoNm0BC","Playing with fire",98,7,,false
39,36,0,NONE,"tvooGyLo","Playing with fire",92,7,,false
39,36,0,NONE,"3ySPvaYJ","Hmmm....",78,7,,false
39,37,0,NONE,"GJnM904A","Risky",87,2,,false
39,37,0,NONE,"i6pklkr4","Quite likely",106,4,,false
39,37,0,NONE,"vV2EznAs","Rather detrimental",119,5,,false
39,37,0,NONE,"2FQXY4nh","Walk in the park",118,6,,true
39,37,0,NONE,"BtoNm0BC","Playing with fire",98,6,,false
39,37,0,NONE,"tvooGyLo","Playing with fire",92,6,,false
39,37,0,NONE,"3ySPvaYJ","Hmmm....",78,6,,false
39,37,0,NONE,"PzQOWbwr","Rather detrimental",89,7,,false
39,37,0,NONE,"zY5GiiMA","Quite likely",85,7,,false
39,37,0,NONE,"017R8xoa","Hmmm....",82,7,,false
39,38,0,NONE,"GJnM904A","Risky",87,1,,false
39,38,0,NONE,"i6pklkr4","Quite likely",106,3,,true
39,38,0,NONE,"vV2EznAs","Rather detrimental",119,4,,false
39,38,0,NONE,"BtoNm0BC","Playing with fire",98,5,,false
39,38,0,NONE,"tvooGyLo","Playing with fire",92,5,,false
39,38,0,NONE,"3ySPvaYJ","Hmmm....",78,5,,false
39,38,0,NONE,"PzQOWbwr","Rather detrimental",89,6,,false
39,38,0,NONE,"zY5GiiMA","Quite likely",85,6,,false
39,38,0,NONE,"017R8xoa","Hmmm....",82,6,,false
39,38,0,NONE,"GfEiyVmM","Hmmm....",72,7,,false
39,40,0,NONE,"vV2EznAs","Rather detrimental",119,2,,false
39,40,0,NONE,"BtoNm0BC","Playing with fire",98,3,,false
39,40,0,NONE,"tvooGyLo","Playing with fire",92,3,,false
39,40,0,NONE,"3ySPvaYJ","Hmmm....",78,3,,false
39,40,0,NONE,"PzQOWbwr","Rather detrimental",89,4,,false
39,40,0,NONE,"zY5GiiMA","Quite likely",85,4,,false
39,40,0,NONE,"017R8xoa","Hmmm....",82,4,,false
39,40,0,NONE,"GfEiyVmM","Hmmm....",72,5,,false
39,40,0,NONE,"jyXdQO2U","Piece of cake",71,6,,true
39,40,0,NONE,"N1QusOiI","Gamble",98,6,,false
39,41,0,NONE,"vV2EznAs","Rather detrimental",119,1,,false
39,41,0,NONE,"BtoNm0BC","Playing with fire",98,2,,false
39,41,0,NONE,"tvooGyLo","Playing with fire",92,2,,false
39,41,0,NONE,"3ySPvaYJ","Hmmm....",78,2,,false
39,41,0,NONE,"PzQOWbwr","Rather detrimental",89,3,,false
39,41,0,NONE,"zY5GiiMA","Quite likely",85,3,,false
39,41,0,NONE,"017R8xoa","Hmmm....",82,3,,false
39,41,0,NONE,"GfEiyVmM","Hmmm....",72,4,,false
39,41,0,NONE,"N1QusOiI","Gamble",98,5,,false
39,41,0,NONE,"aGvH4ZK9","Rather detrimental",96,7,,true
39,42,0,NONE,"BtoNm0BC","Playing with fire",98,1,,false
39,42,0,NONE,"tvooGyLo","Playing with fire",92,1,,false
39,42,0,NONE,"3ySPvaYJ","Hmmm....",78,1,,false
39,42,0,NONE,"PzQOWbwr","Rather detrimental",89,2,,false
39,42,0,NONE,"zY5GiiMA","Quite likely",85,2,,false
39,42,0,NONE,"017R8xoa","Hmmm....",82,2,,false
39,42,0,NONE,"GfEiyVmM","Hmmm....",72,3,,true
39,42,0,NONE,"N1QusOiI","Gamble",98,4,,false
39,42,0,NONE,"HaDN5p7J","Gamble",82,7,,false
39,42,0,NONE,"EXxgdZUv","Quite likely",77,7,,false
39,43,0,NONE,"PzQOWbwr","Rather detrimental",89,1,,false
39,43,0,NONE,"zY5GiiMA","Quite likely",85,1,,false
39,43,0,NONE,"017R8xoa","Hmmm....",82,1,,false
39,43,0,NONE,"N1QusOiI","Gamble",98,3,,false
39,43,0,NONE,"HaDN5p7J","Gamble",82,6,,false
39,43,0,NONE,"EXxgdZUv","Quite likely",77,6,,false
39,43,0,NONE,"FLfp0f4g","Gamble",70,7,,false
39,43,0,NONE,"CQjv6jxQ","Quite likely",102,7,,false
39,43,0,NONE,"Eghpf9h5","Rather detrimental",86,7,,true
39,43,0,NONE,"ziXycVjY","Quite likely",86,7,,false
39,45,0,NONE,"N1QusOiI","Gamble",98,1,,true
39,45,0,NONE,"HaDN5p7J","Gamble",82,4,,false
39,45,0,NONE,"EXxgdZUv","Quite likely",77,4,,false
39,45,0,NONE,"FLfp0f4g","Gamble",70,5,,false
39,45,0,NONE,"CQjv6jxQ","Quite likely",102,5,,false
39,45,0,NONE,"ziXycVjY","Quite likely",86,5,,false
39,45,0,NONE,"rxuq7bYu","Risky",61,6,,false
39,45,0,NONE,"PW6Tawld","Suicide mission",69,6,,false
39,45,0,NONE,"z4oupJuY","Hmmm....",87,6,,false
39,45,0,NONE,"0cAKaF7L","Hmmm....",76,6,,false
39,46,0,NONE,"HaDN5p7J","Gamble",82,3,,false
39,46,0,NONE,"EXxgdZUv","Quite likely",77,3,,false
39,46,0,NONE,"FLfp0f4g","Gamble",70,4,,false
39,46,0,NONE,"CQjv6jxQ","Quite likely",102,4,,true
39,46,0,NONE,"ziXycVjY","Quite likely",86,4,,false
39,46,0,NONE,"rxuq7bYu","Risky",61,5,,false
39,46,0,NONE,"PW6Tawld","Suicide mission",69,5,,false
39,46,0,NONE,"z4oupJuY","Hmmm....",87,5,,false
39,46,0,NONE,"0cAKaF7L","Hmmm....",76,5,,false
39,46,0,NONE,"0bOIbJMk","Rather detrimental",80,7,,false
39,47,0,NONE,"HaDN5p7J","Gamble",82,2,,false
39,47,0,NONE,"EXxgdZUv","Quite likely",77,2,,true
39,47,0,NONE,"FLfp0f4g","Gamble",70,3,,false
39,47,0,NONE,"ziXycVjY","Quite likely",86,3,,false
39,47,0,NONE,"rxuq7bYu","Risky",61,4,,false
39,47,0,NONE,"PW6Tawld","Suicide mission",69,4,,false
39,47,0,NONE,"z4oupJuY","Hmmm....",87,4,,false
39,47,0,NONE,"0cAKaF7L","Hmmm....",76,4,,false
39,47,0,NONE,"0bOIbJMk","Rather detrimental",80,6,,false
39,47,0,NONE,"DHw2TF7q","Hmmm....",72,7,,false
39,48,0,NONE,"HaDN5p7J","Gamble",82,1,,false
39,48,0,NONE,"FLfp0f4g","Gamble",70,2,,false
39,48,0,NONE,"ziXycVjY","Quite likely",86,2,,true
39,48,0,NONE,"rxuq7bYu","Risky",61,3,,false
39,48,0,NONE,"PW6Tawld","Suicide mission",69,3,,false
39,48,0,NONE,"z4oupJuY","Hmmm....",87,3,,false
39,48,0,NONE,"0cAKaF7L","Hmmm....",76,3,,false
39,48,0,NONE,"0bOIbJMk","Rather detrimental",80,5,,false
39,48,0,NONE,"DHw2TF7q","Hmmm....",72,6,,false
39,48,0,NONE,"dK4tQi1c","Suicide mission",65,7,,false
